"id","age","age_group","volunteer","weekly_social_contact","worthwhile_response","worthwhile","contribution_response","contributes","social_contacts_important","personal_development_important","autonomy","useful","hopeful"
1,27,"25 tot 35 jaar",FALSE,TRUE,"Helemaal mee eens",TRUE,"Mee eens",TRUE,TRUE,TRUE,TRUE,TRUE,FALSE
2,70,"65 tot 75 jaar",FALSE,TRUE,"Helemaal mee eens",TRUE,"Mee eens",TRUE,TRUE,TRUE,TRUE,TRUE,TRUE
3,30,"25 tot 35 jaar",TRUE,TRUE,"Helemaal mee eens",TRUE,"Mee eens",TRUE,TRUE,TRUE,TRUE,TRUE,TRUE
4,42,"35 tot 45 jaar",FALSE,TRUE,"Helemaal mee eens",TRUE,"Helemaal mee eens",TRUE,TRUE,TRUE,TRUE,TRUE,TRUE
5,78,"75 jaar of ouder",TRUE,TRUE,"Helemaal mee eens",TRUE,"Mee eens",TRUE,TRUE,TRUE,TRUE,TRUE,TRUE
6,54,"45 tot 55 jaar",TRUE,TRUE,"Mee eens",TRUE,"Mee eens",TRUE,TRUE,TRUE,TRUE,TRUE,TRUE
7,89,"75 jaar of ouder",TRUE,FALSE,"Helemaal mee eens",TRUE,"Helemaal mee eens",TRUE,TRUE,TRUE,TRUE,TRUE,TRUE
8,56,"55 tot 65 jaar",FALSE,TRUE,"Helemaal mee eens",TRUE,"Helemaal mee eens",TRUE,TRUE,TRUE,TRUE,TRUE,TRUE
9,21,"18 tot 25 jaar",TRUE,TRUE,"Helemaal mee eens",TRUE,"Helemaal mee eens",TRUE,TRUE,TRUE,TRUE,TRUE,TRUE
10,70,"65 tot 75 jaar",TRUE,TRUE,"Mee eens",TRUE,"Mee eens",TRUE,TRUE,TRUE,TRUE,TRUE,FALSE
11,34,"25 tot 35 jaar",FALSE,TRUE,"Helemaal mee eens",TRUE,"Mee eens",TRUE,TRUE,TRUE,TRUE,TRUE,TRUE
12,85,"75 jaar of ouder",FALSE,FALSE,"Niet mee eens, niet mee oneens",FALSE,"Niet mee eens, niet mee oneens",FALSE,TRUE,TRUE,TRUE,TRUE,TRUE
13,45,"45 tot 55 jaar",TRUE,TRUE,"Helemaal mee eens",TRUE,"Mee eens",TRUE,TRUE,TRUE,TRUE,TRUE,TRUE
14,21,"18 tot 25 jaar",TRUE,TRUE,"Mee eens",TRUE,"Mee eens",TRUE,TRUE,TRUE,FALSE,TRUE,FALSE
15,33,"25 tot 35 jaar",TRUE,TRUE,"Helemaal mee eens",TRUE,"Mee eens",TRUE,TRUE,TRUE,TRUE,TRUE,FALSE
16,34,"25 tot 35 jaar",FALSE,FALSE,"Helemaal mee eens",TRUE,"Niet mee eens, niet mee oneens",FALSE,TRUE,TRUE,FALSE,TRUE,TRUE
17,73,"65 tot 75 jaar",FALSE,TRUE,"Helemaal mee eens",TRUE,"Niet mee eens, niet mee oneens",FALSE,TRUE,FALSE,TRUE,TRUE,TRUE
18,26,"25 tot 35 jaar",TRUE,TRUE,"Mee eens",TRUE,"Niet mee eens, niet mee oneens",FALSE,TRUE,TRUE,TRUE,FALSE,FALSE
19,32,"25 tot 35 jaar",TRUE,TRUE,"Mee eens",TRUE,"Mee eens",TRUE,TRUE,FALSE,FALSE,TRUE,TRUE
20,72,"65 tot 75 jaar",TRUE,TRUE,"Mee eens",TRUE,"Mee eens",TRUE,TRUE,FALSE,TRUE,TRUE,TRUE
21,61,"55 tot 65 jaar",TRUE,TRUE,"Helemaal mee eens",TRUE,"Helemaal mee eens",TRUE,TRUE,TRUE,TRUE,TRUE,TRUE
22,55,"55 tot 65 jaar",FALSE,TRUE,"Mee eens",TRUE,"Mee eens",TRUE,TRUE,TRUE,TRUE,TRUE,TRUE
23,26,"25 tot 35 jaar",FALSE,TRUE,"Helemaal mee eens",TRUE,"Mee eens",TRUE,TRUE,TRUE,TRUE,TRUE,TRUE
24,79,"75 jaar of ouder",TRUE,TRUE,"Mee eens",TRUE,"Mee eens",TRUE,TRUE,TRUE,TRUE,TRUE,TRUE
25,82,"75 jaar of ouder",FALSE,TRUE,"Mee eens",TRUE,"Niet mee eens, niet mee oneens",FALSE,TRUE,TRUE,TRUE,FALSE,FALSE
26,55,"55 tot 65 jaar",TRUE,TRUE,"Helemaal mee eens",TRUE,"Mee eens",TRUE,FALSE,FALSE,TRUE,TRUE,FALSE
27,46,"45 tot 55 jaar",FALSE,TRUE,"Mee eens",TRUE,"Niet mee eens, niet mee oneens",FALSE,TRUE,FALSE,FALSE,TRUE,FALSE
28,19,"18 tot 25 jaar",TRUE,TRUE,"Mee eens",TRUE,"Mee eens",TRUE,TRUE,FALSE,TRUE,TRUE,FALSE
29,89,"75 jaar of ouder",TRUE,TRUE,"Helemaal mee eens",TRUE,"Mee eens",TRUE,TRUE,TRUE,TRUE,FALSE,TRUE
30,31,"25 tot 35 jaar",FALSE,TRUE,"Helemaal mee eens",TRUE,"Mee eens",TRUE,TRUE,TRUE,TRUE,TRUE,FALSE
31,77,"75 jaar of ouder",TRUE,TRUE,"Helemaal mee eens",TRUE,"Helemaal mee eens",TRUE,TRUE,TRUE,TRUE,TRUE,TRUE
32,73,"65 tot 75 jaar",TRUE,TRUE,"Mee eens",TRUE,"Mee eens",TRUE,TRUE,FALSE,FALSE,TRUE,TRUE
33,50,"45 tot 55 jaar",TRUE,TRUE,"Helemaal mee eens",TRUE,"Mee eens",TRUE,TRUE,TRUE,TRUE,TRUE,FALSE
34,31,"25 tot 35 jaar",FALSE,TRUE,"Helemaal mee eens",TRUE,"Mee eens",TRUE,TRUE,TRUE,TRUE,TRUE,FALSE
35,70,"65 tot 75 jaar",TRUE,TRUE,"Mee oneens",FALSE,"Mee oneens",FALSE,TRUE,FALSE,FALSE,FALSE,FALSE
36,57,"55 tot 65 jaar",FALSE,TRUE,"Mee eens",TRUE,"Mee eens",TRUE,TRUE,TRUE,TRUE,TRUE,TRUE
37,48,"45 tot 55 jaar",FALSE,TRUE,"Mee eens",TRUE,"Mee eens",TRUE,FALSE,TRUE,TRUE,FALSE,FALSE
38,64,"55 tot 65 jaar",FALSE,TRUE,"Helemaal mee eens",TRUE,"Niet mee eens, niet mee oneens",FALSE,TRUE,TRUE,TRUE,TRUE,FALSE
39,55,"55 tot 65 jaar",TRUE,TRUE,"Mee eens",TRUE,"Mee eens",TRUE,FALSE,TRUE,FALSE,TRUE,TRUE
40,37,"35 tot 45 jaar",FALSE,TRUE,"Helemaal mee eens",TRUE,"Helemaal mee eens",TRUE,TRUE,TRUE,TRUE,TRUE,TRUE
41,41,"35 tot 45 jaar",FALSE,TRUE,"Helemaal mee eens",TRUE,"Mee eens",TRUE,TRUE,TRUE,TRUE,TRUE,FALSE
42,89,"75 jaar of ouder",TRUE,TRUE,"Mee eens",TRUE,"Niet mee eens, niet mee oneens",FALSE,TRUE,TRUE,TRUE,TRUE,TRUE
43,65,"65 tot 75 jaar",FALSE,TRUE,"Helemaal mee eens",TRUE,"Niet mee eens, niet mee oneens",FALSE,FALSE,TRUE,TRUE,FALSE,FALSE
44,64,"55 tot 65 jaar",TRUE,FALSE,"Niet mee eens, niet mee oneens",FALSE,"Niet mee eens, niet mee oneens",FALSE,TRUE,TRUE,FALSE,TRUE,TRUE
45,49,"45 tot 55 jaar",TRUE,TRUE,"Mee eens",TRUE,"Mee eens",TRUE,TRUE,TRUE,TRUE,TRUE,TRUE
46,72,"65 tot 75 jaar",FALSE,TRUE,"Helemaal mee eens",TRUE,"Helemaal mee eens",TRUE,TRUE,TRUE,TRUE,TRUE,TRUE
47,35,"35 tot 45 jaar",FALSE,TRUE,"Helemaal mee eens",TRUE,"Mee eens",TRUE,TRUE,TRUE,TRUE,TRUE,TRUE
48,68,"65 tot 75 jaar",TRUE,TRUE,"Mee eens",TRUE,"Helemaal mee eens",TRUE,TRUE,TRUE,TRUE,TRUE,TRUE
49,23,"18 tot 25 jaar",TRUE,TRUE,"Mee eens",TRUE,"Mee eens",TRUE,TRUE,TRUE,TRUE,TRUE,FALSE
50,84,"75 jaar of ouder",FALSE,TRUE,"Helemaal mee eens",TRUE,"Mee eens",TRUE,TRUE,TRUE,TRUE,TRUE,TRUE
51,31,"25 tot 35 jaar",FALSE,TRUE,"Helemaal mee eens",TRUE,"Mee eens",TRUE,TRUE,TRUE,TRUE,TRUE,TRUE
52,35,"35 tot 45 jaar",FALSE,TRUE,"Helemaal mee eens",TRUE,"Mee eens",TRUE,TRUE,FALSE,TRUE,TRUE,TRUE
53,33,"25 tot 35 jaar",TRUE,TRUE,"Helemaal mee eens",TRUE,"Mee eens",TRUE,TRUE,TRUE,TRUE,TRUE,TRUE
54,77,"75 jaar of ouder",TRUE,TRUE,"Mee eens",TRUE,"Niet mee eens, niet mee oneens",FALSE,TRUE,TRUE,TRUE,FALSE,FALSE
55,85,"75 jaar of ouder",TRUE,TRUE,"Mee eens",TRUE,"Niet mee eens, niet mee oneens",FALSE,TRUE,TRUE,TRUE,TRUE,TRUE
56,32,"25 tot 35 jaar",FALSE,TRUE,"Helemaal mee eens",TRUE,"Mee eens",TRUE,TRUE,TRUE,TRUE,TRUE,TRUE
57,47,"45 tot 55 jaar",TRUE,TRUE,"Helemaal mee eens",TRUE,"Helemaal mee eens",TRUE,TRUE,TRUE,FALSE,TRUE,TRUE
58,31,"25 tot 35 jaar",FALSE,TRUE,"Helemaal mee eens",TRUE,"Mee eens",TRUE,FALSE,FALSE,TRUE,TRUE,FALSE
59,26,"25 tot 35 jaar",TRUE,TRUE,"Niet mee eens, niet mee oneens",FALSE,"Mee eens",TRUE,TRUE,TRUE,FALSE,FALSE,TRUE
60,29,"25 tot 35 jaar",TRUE,TRUE,"Mee eens",TRUE,"Mee eens",TRUE,TRUE,FALSE,TRUE,TRUE,FALSE
61,30,"25 tot 35 jaar",TRUE,TRUE,"Mee eens",TRUE,"Mee eens",TRUE,TRUE,TRUE,TRUE,FALSE,FALSE
62,60,"55 tot 65 jaar",FALSE,TRUE,"Helemaal mee eens",TRUE,"Helemaal mee eens",TRUE,TRUE,TRUE,TRUE,TRUE,TRUE
63,34,"25 tot 35 jaar",TRUE,TRUE,"Mee eens",TRUE,"Mee eens",TRUE,TRUE,TRUE,TRUE,FALSE,TRUE
64,37,"35 tot 45 jaar",FALSE,TRUE,"Helemaal mee eens",TRUE,"Mee eens",TRUE,TRUE,FALSE,TRUE,TRUE,TRUE
65,43,"35 tot 45 jaar",TRUE,TRUE,"Helemaal mee eens",TRUE,"Helemaal mee eens",TRUE,TRUE,TRUE,TRUE,TRUE,TRUE
66,38,"35 tot 45 jaar",TRUE,TRUE,"Mee eens",TRUE,"Niet mee eens, niet mee oneens",FALSE,FALSE,TRUE,TRUE,FALSE,TRUE
67,40,"35 tot 45 jaar",TRUE,TRUE,"Helemaal mee eens",TRUE,"Helemaal mee eens",TRUE,TRUE,TRUE,TRUE,TRUE,FALSE
68,53,"45 tot 55 jaar",FALSE,TRUE,"Mee eens",TRUE,"Mee eens",TRUE,TRUE,TRUE,TRUE,TRUE,TRUE
69,23,"18 tot 25 jaar",TRUE,FALSE,"Helemaal mee eens",TRUE,"Mee eens",TRUE,TRUE,TRUE,TRUE,TRUE,FALSE
70,47,"45 tot 55 jaar",TRUE,TRUE,"Helemaal mee eens",TRUE,"Mee eens",TRUE,TRUE,TRUE,TRUE,TRUE,TRUE
71,51,"45 tot 55 jaar",TRUE,TRUE,"Helemaal mee eens",TRUE,"Mee eens",TRUE,TRUE,TRUE,TRUE,FALSE,TRUE
72,57,"55 tot 65 jaar",TRUE,TRUE,"Mee eens",TRUE,"Mee eens",TRUE,TRUE,TRUE,TRUE,TRUE,TRUE
73,73,"65 tot 75 jaar",TRUE,TRUE,"Mee eens",TRUE,"Mee eens",TRUE,TRUE,TRUE,TRUE,TRUE,TRUE
74,69,"65 tot 75 jaar",FALSE,TRUE,"Helemaal mee eens",TRUE,"Helemaal mee eens",TRUE,TRUE,TRUE,TRUE,TRUE,TRUE
75,39,"35 tot 45 jaar",TRUE,TRUE,"Mee eens",TRUE,"Mee oneens",FALSE,TRUE,TRUE,TRUE,TRUE,FALSE
76,62,"55 tot 65 jaar",FALSE,TRUE,"Helemaal mee eens",TRUE,"Niet mee eens, niet mee oneens",FALSE,TRUE,TRUE,TRUE,TRUE,TRUE
77,56,"55 tot 65 jaar",TRUE,TRUE,"Helemaal mee eens",TRUE,"Helemaal mee eens",TRUE,TRUE,TRUE,TRUE,TRUE,FALSE
78,56,"55 tot 65 jaar",FALSE,TRUE,"Mee eens",TRUE,"Niet mee eens, niet mee oneens",FALSE,TRUE,FALSE,TRUE,FALSE,TRUE
79,24,"18 tot 25 jaar",TRUE,TRUE,"Helemaal mee eens",TRUE,"Mee eens",TRUE,TRUE,TRUE,TRUE,TRUE,TRUE
80,46,"45 tot 55 jaar",TRUE,TRUE,"Helemaal mee eens",TRUE,"Mee eens",TRUE,TRUE,TRUE,TRUE,TRUE,TRUE
81,59,"55 tot 65 jaar",TRUE,TRUE,"Mee eens",TRUE,"Mee eens",TRUE,TRUE,TRUE,TRUE,FALSE,TRUE
82,42,"35 tot 45 jaar",FALSE,TRUE,"Mee eens",TRUE,"Mee eens",TRUE,TRUE,TRUE,TRUE,TRUE,TRUE
83,81,"75 jaar of ouder",FALSE,TRUE,"Helemaal mee eens",TRUE,"Mee eens",TRUE,TRUE,TRUE,TRUE,TRUE,TRUE
84,23,"18 tot 25 jaar",TRUE,TRUE,"Helemaal mee eens",TRUE,"Mee eens",TRUE,TRUE,TRUE,TRUE,TRUE,TRUE
85,77,"75 jaar of ouder",FALSE,TRUE,"Mee eens",TRUE,"Mee eens",TRUE,TRUE,TRUE,TRUE,TRUE,TRUE
86,40,"35 tot 45 jaar",TRUE,TRUE,"Mee eens",TRUE,"Mee eens",TRUE,TRUE,TRUE,TRUE,TRUE,TRUE
87,72,"65 tot 75 jaar",FALSE,TRUE,"Mee eens",TRUE,"Mee oneens",FALSE,FALSE,FALSE,TRUE,FALSE,FALSE
88,45,"45 tot 55 jaar",TRUE,TRUE,"Helemaal mee eens",TRUE,"Helemaal mee eens",TRUE,TRUE,TRUE,TRUE,TRUE,TRUE
89,68,"65 tot 75 jaar",FALSE,FALSE,"Mee eens",TRUE,"Mee eens",TRUE,FALSE,TRUE,TRUE,TRUE,TRUE
90,19,"18 tot 25 jaar",TRUE,TRUE,"Niet mee eens, niet mee oneens",FALSE,"Mee oneens",FALSE,FALSE,FALSE,FALSE,FALSE,TRUE
91,18,"18 tot 25 jaar",FALSE,TRUE,"Mee eens",TRUE,"Niet mee eens, niet mee oneens",FALSE,FALSE,TRUE,TRUE,FALSE,FALSE
92,79,"75 jaar of ouder",TRUE,TRUE,"Mee eens",TRUE,"Mee eens",TRUE,FALSE,TRUE,TRUE,TRUE,FALSE
93,55,"55 tot 65 jaar",TRUE,TRUE,"Mee eens",TRUE,"Mee eens",TRUE,TRUE,TRUE,TRUE,TRUE,TRUE
94,73,"65 tot 75 jaar",TRUE,TRUE,"Mee eens",TRUE,"Niet mee eens, niet mee oneens",FALSE,TRUE,TRUE,TRUE,TRUE,TRUE
95,43,"35 tot 45 jaar",FALSE,TRUE,"Mee eens",TRUE,"Mee eens",TRUE,FALSE,FALSE,TRUE,TRUE,TRUE
96,37,"35 tot 45 jaar",FALSE,TRUE,"Helemaal mee eens",TRUE,"Mee eens",TRUE,TRUE,TRUE,TRUE,TRUE,FALSE
97,45,"45 tot 55 jaar",FALSE,TRUE,"Mee eens",TRUE,"Mee eens",TRUE,TRUE,TRUE,TRUE,TRUE,FALSE
98,65,"65 tot 75 jaar",TRUE,TRUE,"Mee eens",TRUE,"Mee eens",TRUE,TRUE,TRUE,FALSE,TRUE,TRUE
99,19,"18 tot 25 jaar",TRUE,TRUE,"Mee eens",TRUE,"Niet mee eens, niet mee oneens",FALSE,TRUE,TRUE,FALSE,FALSE,FALSE
100,20,"18 tot 25 jaar",TRUE,TRUE,"Helemaal mee eens",TRUE,"Helemaal mee eens",TRUE,TRUE,TRUE,TRUE,TRUE,TRUE
101,21,"18 tot 25 jaar",FALSE,TRUE,"Helemaal mee eens",TRUE,"Niet mee eens, niet mee oneens",FALSE,TRUE,TRUE,FALSE,TRUE,FALSE
102,30,"25 tot 35 jaar",FALSE,TRUE,"Helemaal mee eens",TRUE,"Mee eens",TRUE,TRUE,TRUE,TRUE,TRUE,TRUE
103,86,"75 jaar of ouder",TRUE,TRUE,"Mee eens",TRUE,"Niet mee eens, niet mee oneens",FALSE,FALSE,TRUE,TRUE,FALSE,FALSE
104,30,"25 tot 35 jaar",FALSE,TRUE,"Mee eens",TRUE,"Niet mee eens, niet mee oneens",FALSE,TRUE,TRUE,TRUE,TRUE,FALSE
105,51,"45 tot 55 jaar",FALSE,TRUE,"Helemaal mee eens",TRUE,"Helemaal mee eens",TRUE,TRUE,TRUE,TRUE,TRUE,TRUE
106,83,"75 jaar of ouder",TRUE,TRUE,"Helemaal mee eens",TRUE,"Mee eens",TRUE,TRUE,TRUE,TRUE,TRUE,TRUE
107,62,"55 tot 65 jaar",FALSE,TRUE,"Mee eens",TRUE,"Niet mee eens, niet mee oneens",FALSE,TRUE,TRUE,FALSE,TRUE,FALSE
108,71,"65 tot 75 jaar",FALSE,TRUE,"Helemaal mee eens",TRUE,"Mee eens",TRUE,TRUE,FALSE,FALSE,TRUE,TRUE
109,26,"25 tot 35 jaar",FALSE,TRUE,"Helemaal mee eens",TRUE,"Mee eens",TRUE,TRUE,TRUE,TRUE,TRUE,TRUE
110,49,"45 tot 55 jaar",TRUE,TRUE,"Helemaal mee eens",TRUE,"Helemaal mee eens",TRUE,TRUE,TRUE,TRUE,TRUE,TRUE
111,44,"35 tot 45 jaar",FALSE,TRUE,"Mee eens",TRUE,"Mee eens",TRUE,TRUE,FALSE,TRUE,TRUE,TRUE
112,49,"45 tot 55 jaar",TRUE,TRUE,"Helemaal mee eens",TRUE,"Mee eens",TRUE,TRUE,FALSE,FALSE,FALSE,TRUE
113,87,"75 jaar of ouder",TRUE,TRUE,"Helemaal mee eens",TRUE,"Helemaal mee eens",TRUE,TRUE,TRUE,TRUE,TRUE,TRUE
114,19,"18 tot 25 jaar",TRUE,TRUE,"Helemaal mee eens",TRUE,"Helemaal mee eens",TRUE,TRUE,TRUE,TRUE,TRUE,TRUE
115,34,"25 tot 35 jaar",TRUE,TRUE,"Mee eens",TRUE,"Mee eens",TRUE,TRUE,TRUE,TRUE,TRUE,TRUE
116,53,"45 tot 55 jaar",TRUE,TRUE,"Mee eens",TRUE,"Mee eens",TRUE,TRUE,TRUE,TRUE,TRUE,TRUE
117,45,"45 tot 55 jaar",TRUE,TRUE,"Niet mee eens, niet mee oneens",FALSE,"Mee oneens",FALSE,TRUE,FALSE,FALSE,FALSE,FALSE
118,34,"25 tot 35 jaar",FALSE,TRUE,"Mee eens",TRUE,"Mee eens",TRUE,TRUE,TRUE,TRUE,TRUE,FALSE
119,71,"65 tot 75 jaar",FALSE,TRUE,"Helemaal mee eens",TRUE,"Niet mee eens, niet mee oneens",FALSE,TRUE,TRUE,FALSE,TRUE,TRUE
120,46,"45 tot 55 jaar",FALSE,TRUE,"Helemaal mee eens",TRUE,"Helemaal mee eens",TRUE,TRUE,TRUE,TRUE,TRUE,TRUE
121,72,"65 tot 75 jaar",TRUE,FALSE,"Mee eens",TRUE,"Mee eens",TRUE,TRUE,TRUE,TRUE,TRUE,TRUE
122,70,"65 tot 75 jaar",FALSE,TRUE,"Mee eens",TRUE,"Niet mee eens, niet mee oneens",FALSE,TRUE,TRUE,TRUE,TRUE,TRUE
123,40,"35 tot 45 jaar",TRUE,TRUE,"Helemaal mee eens",TRUE,"Mee eens",TRUE,TRUE,TRUE,TRUE,TRUE,TRUE
124,77,"75 jaar of ouder",FALSE,TRUE,"Mee eens",TRUE,"Niet mee eens, niet mee oneens",FALSE,TRUE,TRUE,FALSE,FALSE,TRUE
125,63,"55 tot 65 jaar",FALSE,TRUE,"Niet mee eens, niet mee oneens",FALSE,"Niet mee eens, niet mee oneens",FALSE,TRUE,TRUE,FALSE,FALSE,FALSE
126,58,"55 tot 65 jaar",TRUE,TRUE,"Helemaal mee eens",TRUE,"Mee eens",TRUE,TRUE,TRUE,TRUE,TRUE,FALSE
127,44,"35 tot 45 jaar",FALSE,TRUE,"Mee eens",TRUE,"Niet mee eens, niet mee oneens",FALSE,TRUE,TRUE,TRUE,TRUE,TRUE
128,37,"35 tot 45 jaar",FALSE,TRUE,"Mee eens",TRUE,"Mee eens",TRUE,TRUE,TRUE,TRUE,TRUE,TRUE
129,74,"65 tot 75 jaar",TRUE,TRUE,"Helemaal mee eens",TRUE,"Mee eens",TRUE,TRUE,TRUE,TRUE,TRUE,TRUE
130,67,"65 tot 75 jaar",FALSE,TRUE,"Mee oneens",FALSE,"Mee oneens",FALSE,FALSE,TRUE,FALSE,FALSE,FALSE
131,69,"65 tot 75 jaar",FALSE,TRUE,"Niet mee eens, niet mee oneens",FALSE,"Mee oneens",FALSE,FALSE,FALSE,TRUE,FALSE,FALSE
132,54,"45 tot 55 jaar",TRUE,TRUE,"Mee eens",TRUE,"Mee eens",TRUE,TRUE,TRUE,TRUE,TRUE,TRUE
133,32,"25 tot 35 jaar",TRUE,TRUE,"Niet mee eens, niet mee oneens",FALSE,"Mee eens",TRUE,FALSE,FALSE,TRUE,TRUE,TRUE
134,80,"75 jaar of ouder",TRUE,TRUE,"Mee eens",TRUE,"Niet mee eens, niet mee oneens",FALSE,TRUE,TRUE,FALSE,TRUE,TRUE
135,61,"55 tot 65 jaar",TRUE,TRUE,"Helemaal mee eens",TRUE,"Mee eens",TRUE,TRUE,TRUE,TRUE,TRUE,TRUE
136,62,"55 tot 65 jaar",TRUE,FALSE,"Helemaal mee eens",TRUE,"Mee eens",TRUE,TRUE,TRUE,TRUE,TRUE,TRUE
137,30,"25 tot 35 jaar",TRUE,TRUE,"Mee eens",TRUE,"Mee eens",TRUE,TRUE,FALSE,TRUE,TRUE,TRUE
138,54,"45 tot 55 jaar",TRUE,TRUE,"Mee eens",TRUE,"Mee eens",TRUE,TRUE,TRUE,TRUE,TRUE,TRUE
139,25,"25 tot 35 jaar",FALSE,TRUE,"Mee eens",TRUE,"Helemaal mee eens",TRUE,TRUE,TRUE,TRUE,TRUE,TRUE
140,25,"25 tot 35 jaar",FALSE,TRUE,"Niet mee eens, niet mee oneens",FALSE,"Mee eens",TRUE,TRUE,TRUE,FALSE,TRUE,TRUE
141,26,"25 tot 35 jaar",TRUE,TRUE,"Mee eens",TRUE,"Helemaal mee eens",TRUE,TRUE,TRUE,TRUE,TRUE,TRUE
142,82,"75 jaar of ouder",FALSE,TRUE,"Helemaal mee eens",TRUE,"Mee eens",TRUE,TRUE,TRUE,TRUE,TRUE,TRUE
143,24,"18 tot 25 jaar",TRUE,TRUE,"Helemaal mee eens",TRUE,"Helemaal mee eens",TRUE,TRUE,TRUE,TRUE,TRUE,TRUE
144,57,"55 tot 65 jaar",TRUE,TRUE,"Mee eens",TRUE,"Mee eens",TRUE,FALSE,TRUE,TRUE,TRUE,FALSE
145,66,"65 tot 75 jaar",FALSE,TRUE,"Helemaal mee eens",TRUE,"Niet mee eens, niet mee oneens",FALSE,TRUE,TRUE,TRUE,FALSE,TRUE
146,52,"45 tot 55 jaar",FALSE,TRUE,"Mee eens",TRUE,"Mee eens",TRUE,TRUE,TRUE,TRUE,FALSE,FALSE
147,33,"25 tot 35 jaar",FALSE,TRUE,"Helemaal mee eens",TRUE,"Niet mee eens, niet mee oneens",FALSE,TRUE,TRUE,FALSE,TRUE,FALSE
148,68,"65 tot 75 jaar",FALSE,TRUE,"Helemaal mee eens",TRUE,"Helemaal mee eens",TRUE,TRUE,TRUE,TRUE,TRUE,TRUE
149,60,"55 tot 65 jaar",FALSE,TRUE,"Mee eens",TRUE,"Niet mee eens, niet mee oneens",FALSE,TRUE,TRUE,TRUE,FALSE,FALSE
150,38,"35 tot 45 jaar",TRUE,TRUE,"Helemaal mee eens",TRUE,"Helemaal mee eens",TRUE,TRUE,TRUE,TRUE,TRUE,TRUE
151,27,"25 tot 35 jaar",FALSE,TRUE,"Mee eens",TRUE,"Helemaal mee eens",TRUE,TRUE,TRUE,FALSE,TRUE,TRUE
152,63,"55 tot 65 jaar",FALSE,TRUE,"Helemaal mee eens",TRUE,"Niet mee eens, niet mee oneens",FALSE,TRUE,FALSE,FALSE,TRUE,TRUE
153,30,"25 tot 35 jaar",TRUE,TRUE,"Mee eens",TRUE,"Mee eens",TRUE,TRUE,TRUE,TRUE,TRUE,TRUE
154,20,"18 tot 25 jaar",TRUE,TRUE,"Helemaal mee eens",TRUE,"Mee eens",TRUE,TRUE,TRUE,TRUE,TRUE,TRUE
155,37,"35 tot 45 jaar",TRUE,TRUE,"Mee eens",TRUE,"Mee eens",TRUE,TRUE,TRUE,TRUE,TRUE,TRUE
156,39,"35 tot 45 jaar",FALSE,TRUE,"Mee eens",TRUE,"Mee eens",TRUE,FALSE,FALSE,FALSE,FALSE,FALSE
157,39,"35 tot 45 jaar",TRUE,TRUE,"Helemaal mee eens",TRUE,"Mee oneens",FALSE,FALSE,TRUE,FALSE,FALSE,FALSE
158,70,"65 tot 75 jaar",FALSE,TRUE,"Mee eens",TRUE,"Mee eens",TRUE,TRUE,TRUE,TRUE,TRUE,TRUE
159,90,"75 jaar of ouder",TRUE,TRUE,"Mee eens",TRUE,"Mee oneens",FALSE,FALSE,TRUE,FALSE,FALSE,FALSE
160,51,"45 tot 55 jaar",FALSE,TRUE,"Helemaal mee eens",TRUE,"Niet mee eens, niet mee oneens",FALSE,TRUE,TRUE,TRUE,FALSE,FALSE
161,37,"35 tot 45 jaar",FALSE,TRUE,"Helemaal mee eens",TRUE,"Mee eens",TRUE,TRUE,TRUE,TRUE,TRUE,FALSE
162,34,"25 tot 35 jaar",FALSE,TRUE,"Helemaal mee eens",TRUE,"Mee eens",TRUE,TRUE,TRUE,TRUE,TRUE,TRUE
163,64,"55 tot 65 jaar",FALSE,TRUE,"Helemaal mee eens",TRUE,"Mee eens",TRUE,FALSE,TRUE,TRUE,TRUE,TRUE
164,44,"35 tot 45 jaar",TRUE,TRUE,"Mee eens",TRUE,"Mee eens",TRUE,TRUE,TRUE,TRUE,TRUE,TRUE
165,73,"65 tot 75 jaar",FALSE,TRUE,"Helemaal mee eens",TRUE,"Mee eens",TRUE,TRUE,TRUE,FALSE,TRUE,TRUE
166,60,"55 tot 65 jaar",TRUE,TRUE,"Mee eens",TRUE,"Niet mee eens, niet mee oneens",FALSE,TRUE,TRUE,TRUE,TRUE,FALSE
167,28,"25 tot 35 jaar",FALSE,TRUE,"Helemaal mee eens",TRUE,"Helemaal mee eens",TRUE,TRUE,TRUE,TRUE,TRUE,TRUE
168,50,"45 tot 55 jaar",FALSE,TRUE,"Helemaal mee eens",TRUE,"Mee eens",TRUE,TRUE,TRUE,TRUE,TRUE,TRUE
169,55,"55 tot 65 jaar",FALSE,TRUE,"Helemaal mee eens",TRUE,"Helemaal mee eens",TRUE,TRUE,TRUE,TRUE,TRUE,TRUE
170,58,"55 tot 65 jaar",FALSE,TRUE,"Mee eens",TRUE,"Mee eens",TRUE,TRUE,FALSE,TRUE,TRUE,TRUE
171,30,"25 tot 35 jaar",FALSE,TRUE,"Helemaal mee eens",TRUE,"Helemaal mee eens",TRUE,TRUE,TRUE,TRUE,TRUE,TRUE
172,32,"25 tot 35 jaar",FALSE,TRUE,"Mee eens",TRUE,"Niet mee eens, niet mee oneens",FALSE,FALSE,TRUE,TRUE,TRUE,TRUE
173,83,"75 jaar of ouder",FALSE,TRUE,"Helemaal mee eens",TRUE,"Niet mee eens, niet mee oneens",FALSE,TRUE,TRUE,TRUE,TRUE,TRUE
174,33,"25 tot 35 jaar",FALSE,TRUE,"Helemaal mee eens",TRUE,"Mee eens",TRUE,TRUE,TRUE,TRUE,TRUE,TRUE
175,22,"18 tot 25 jaar",FALSE,TRUE,"Helemaal mee eens",TRUE,"Helemaal mee eens",TRUE,TRUE,TRUE,TRUE,TRUE,TRUE
176,67,"65 tot 75 jaar",FALSE,TRUE,"Helemaal mee eens",TRUE,"Mee eens",TRUE,TRUE,TRUE,TRUE,TRUE,TRUE
177,64,"55 tot 65 jaar",TRUE,TRUE,"Mee eens",TRUE,"Mee eens",TRUE,TRUE,TRUE,TRUE,TRUE,TRUE
178,20,"18 tot 25 jaar",FALSE,TRUE,"Helemaal mee eens",TRUE,"Mee eens",TRUE,TRUE,TRUE,TRUE,TRUE,TRUE
179,58,"55 tot 65 jaar",FALSE,TRUE,"Niet mee eens, niet mee oneens",FALSE,"Mee eens",TRUE,TRUE,FALSE,TRUE,FALSE,TRUE
180,61,"55 tot 65 jaar",TRUE,TRUE,"Helemaal mee eens",TRUE,"Mee eens",TRUE,TRUE,TRUE,TRUE,TRUE,TRUE
181,28,"25 tot 35 jaar",FALSE,TRUE,"Mee eens",TRUE,"Niet mee eens, niet mee oneens",FALSE,TRUE,TRUE,TRUE,FALSE,TRUE
182,27,"25 tot 35 jaar",FALSE,TRUE,"Mee eens",TRUE,"Niet mee eens, niet mee oneens",FALSE,FALSE,FALSE,FALSE,FALSE,FALSE
183,78,"75 jaar of ouder",TRUE,TRUE,"Niet mee eens, niet mee oneens",FALSE,"Mee oneens",FALSE,FALSE,FALSE,FALSE,FALSE,FALSE
184,42,"35 tot 45 jaar",FALSE,TRUE,"Mee eens",TRUE,"Niet mee eens, niet mee oneens",FALSE,TRUE,FALSE,FALSE,TRUE,FALSE
185,54,"45 tot 55 jaar",TRUE,TRUE,"Niet mee eens, niet mee oneens",FALSE,"Mee eens",TRUE,TRUE,FALSE,TRUE,TRUE,FALSE
186,46,"45 tot 55 jaar",FALSE,TRUE,"Helemaal mee eens",TRUE,"Helemaal mee eens",TRUE,TRUE,TRUE,TRUE,TRUE,TRUE
187,44,"35 tot 45 jaar",TRUE,TRUE,"Mee eens",TRUE,"Mee eens",TRUE,FALSE,TRUE,TRUE,TRUE,TRUE
188,44,"35 tot 45 jaar",TRUE,TRUE,"Mee eens",TRUE,"Mee eens",TRUE,TRUE,TRUE,FALSE,TRUE,FALSE
189,46,"45 tot 55 jaar",FALSE,TRUE,"Mee eens",TRUE,"Mee eens",TRUE,TRUE,TRUE,TRUE,TRUE,TRUE
190,39,"35 tot 45 jaar",FALSE,TRUE,"Mee eens",TRUE,"Niet mee eens, niet mee oneens",FALSE,TRUE,FALSE,TRUE,TRUE,TRUE
191,21,"18 tot 25 jaar",FALSE,TRUE,"Helemaal mee eens",TRUE,"Niet mee eens, niet mee oneens",FALSE,TRUE,TRUE,TRUE,TRUE,TRUE
192,70,"65 tot 75 jaar",TRUE,TRUE,"Mee eens",TRUE,"Niet mee eens, niet mee oneens",FALSE,TRUE,TRUE,TRUE,TRUE,TRUE
193,62,"55 tot 65 jaar",TRUE,TRUE,"Helemaal mee eens",TRUE,"Mee eens",TRUE,TRUE,TRUE,TRUE,TRUE,TRUE
194,72,"65 tot 75 jaar",TRUE,TRUE,"Helemaal mee eens",TRUE,"Mee eens",TRUE,TRUE,TRUE,TRUE,TRUE,TRUE
195,39,"35 tot 45 jaar",TRUE,FALSE,"Helemaal mee eens",TRUE,"Helemaal mee eens",TRUE,TRUE,TRUE,TRUE,TRUE,TRUE
196,18,"18 tot 25 jaar",FALSE,TRUE,"Mee eens",TRUE,"Niet mee eens, niet mee oneens",FALSE,TRUE,TRUE,TRUE,TRUE,TRUE
197,90,"75 jaar of ouder",FALSE,TRUE,"Niet mee eens, niet mee oneens",FALSE,"Mee oneens",FALSE,TRUE,TRUE,TRUE,TRUE,FALSE
198,31,"25 tot 35 jaar",FALSE,FALSE,"Helemaal mee eens",TRUE,"Helemaal mee eens",TRUE,TRUE,TRUE,TRUE,TRUE,TRUE
199,67,"65 tot 75 jaar",FALSE,TRUE,"Helemaal mee eens",TRUE,"Helemaal mee eens",TRUE,TRUE,TRUE,TRUE,TRUE,TRUE
200,35,"35 tot 45 jaar",FALSE,TRUE,"Niet mee eens, niet mee oneens",FALSE,"Niet mee eens, niet mee oneens",FALSE,TRUE,FALSE,FALSE,FALSE,FALSE
201,58,"55 tot 65 jaar",FALSE,TRUE,"Mee eens",TRUE,"Mee eens",TRUE,TRUE,TRUE,TRUE,TRUE,TRUE
202,64,"55 tot 65 jaar",TRUE,TRUE,"Mee eens",TRUE,"Mee eens",TRUE,FALSE,TRUE,TRUE,TRUE,TRUE
203,20,"18 tot 25 jaar",TRUE,TRUE,"Niet mee eens, niet mee oneens",FALSE,"Mee oneens",FALSE,TRUE,FALSE,FALSE,FALSE,FALSE
204,63,"55 tot 65 jaar",FALSE,TRUE,"Helemaal mee eens",TRUE,"Helemaal mee eens",TRUE,TRUE,TRUE,TRUE,TRUE,TRUE
205,79,"75 jaar of ouder",TRUE,TRUE,"Mee eens",TRUE,"Mee eens",TRUE,TRUE,TRUE,FALSE,TRUE,TRUE
206,45,"45 tot 55 jaar",TRUE,TRUE,"Helemaal mee eens",TRUE,"Mee eens",TRUE,TRUE,TRUE,TRUE,TRUE,TRUE
207,69,"65 tot 75 jaar",FALSE,TRUE,"Helemaal mee eens",TRUE,"Niet mee eens, niet mee oneens",FALSE,TRUE,TRUE,TRUE,TRUE,FALSE
208,82,"75 jaar of ouder",FALSE,TRUE,"Mee eens",TRUE,"Niet mee eens, niet mee oneens",FALSE,TRUE,TRUE,TRUE,TRUE,FALSE
209,18,"18 tot 25 jaar",TRUE,TRUE,"Helemaal mee eens",TRUE,"Helemaal mee eens",TRUE,TRUE,TRUE,TRUE,TRUE,TRUE
210,24,"18 tot 25 jaar",FALSE,TRUE,"Mee eens",TRUE,"Helemaal mee eens",TRUE,TRUE,TRUE,TRUE,TRUE,TRUE
211,25,"25 tot 35 jaar",TRUE,TRUE,"Helemaal mee eens",TRUE,"Helemaal mee eens",TRUE,TRUE,TRUE,TRUE,TRUE,TRUE
212,84,"75 jaar of ouder",FALSE,TRUE,"Helemaal mee eens",TRUE,"Helemaal mee eens",TRUE,TRUE,TRUE,TRUE,TRUE,TRUE
213,79,"75 jaar of ouder",TRUE,TRUE,"Helemaal mee eens",TRUE,"Helemaal mee eens",TRUE,TRUE,TRUE,TRUE,TRUE,TRUE
214,35,"35 tot 45 jaar",FALSE,TRUE,"Helemaal mee eens",TRUE,"Mee eens",TRUE,TRUE,TRUE,TRUE,TRUE,TRUE
215,19,"18 tot 25 jaar",FALSE,TRUE,"Helemaal mee eens",TRUE,"Mee eens",TRUE,TRUE,TRUE,TRUE,TRUE,TRUE
216,59,"55 tot 65 jaar",TRUE,TRUE,"Mee eens",TRUE,"Mee eens",TRUE,TRUE,FALSE,TRUE,TRUE,TRUE
217,40,"35 tot 45 jaar",FALSE,TRUE,"Helemaal mee eens",TRUE,"Helemaal mee eens",TRUE,TRUE,TRUE,TRUE,TRUE,TRUE
218,26,"25 tot 35 jaar",FALSE,TRUE,"Niet mee eens, niet mee oneens",FALSE,"Niet mee eens, niet mee oneens",FALSE,TRUE,FALSE,TRUE,FALSE,TRUE
219,52,"45 tot 55 jaar",FALSE,TRUE,"Helemaal mee eens",TRUE,"Mee eens",TRUE,TRUE,TRUE,TRUE,TRUE,TRUE
220,85,"75 jaar of ouder",FALSE,TRUE,"Mee eens",TRUE,"Niet mee eens, niet mee oneens",FALSE,TRUE,TRUE,TRUE,FALSE,FALSE
221,81,"75 jaar of ouder",TRUE,TRUE,"Mee eens",TRUE,"Mee eens",TRUE,FALSE,TRUE,TRUE,TRUE,TRUE
222,39,"35 tot 45 jaar",FALSE,TRUE,"Helemaal mee eens",TRUE,"Mee eens",TRUE,TRUE,FALSE,TRUE,TRUE,TRUE
223,22,"18 tot 25 jaar",TRUE,TRUE,"Helemaal mee eens",TRUE,"Helemaal mee eens",TRUE,TRUE,TRUE,TRUE,TRUE,TRUE
224,46,"45 tot 55 jaar",TRUE,TRUE,"Helemaal mee eens",TRUE,"Mee eens",TRUE,TRUE,TRUE,TRUE,TRUE,TRUE
225,27,"25 tot 35 jaar",FALSE,TRUE,"Mee eens",TRUE,"Niet mee eens, niet mee oneens",FALSE,FALSE,TRUE,FALSE,TRUE,TRUE
226,49,"45 tot 55 jaar",TRUE,TRUE,"Mee eens",TRUE,"Mee eens",TRUE,TRUE,FALSE,TRUE,FALSE,FALSE
227,53,"45 tot 55 jaar",TRUE,TRUE,"Helemaal mee eens",TRUE,"Mee eens",TRUE,TRUE,TRUE,TRUE,TRUE,FALSE
228,62,"55 tot 65 jaar",TRUE,TRUE,"Helemaal mee eens",TRUE,"Helemaal mee eens",TRUE,TRUE,TRUE,TRUE,TRUE,TRUE
229,59,"55 tot 65 jaar",FALSE,TRUE,"Mee eens",TRUE,"Niet mee eens, niet mee oneens",FALSE,TRUE,TRUE,TRUE,TRUE,TRUE
230,72,"65 tot 75 jaar",FALSE,TRUE,"Mee eens",TRUE,"Mee eens",TRUE,TRUE,TRUE,TRUE,TRUE,TRUE
231,38,"35 tot 45 jaar",FALSE,TRUE,"Helemaal mee eens",TRUE,"Mee eens",TRUE,TRUE,TRUE,TRUE,TRUE,TRUE
232,65,"65 tot 75 jaar",TRUE,TRUE,"Helemaal mee eens",TRUE,"Mee eens",TRUE,TRUE,TRUE,TRUE,TRUE,TRUE
233,20,"18 tot 25 jaar",TRUE,TRUE,"Helemaal mee eens",TRUE,"Niet mee eens, niet mee oneens",FALSE,TRUE,FALSE,FALSE,FALSE,TRUE
234,58,"55 tot 65 jaar",FALSE,TRUE,"Mee eens",TRUE,"Mee eens",TRUE,FALSE,TRUE,TRUE,TRUE,TRUE
235,70,"65 tot 75 jaar",TRUE,TRUE,"Helemaal mee eens",TRUE,"Helemaal mee eens",TRUE,TRUE,TRUE,TRUE,TRUE,TRUE
236,36,"35 tot 45 jaar",TRUE,TRUE,"Helemaal mee eens",TRUE,"Mee eens",TRUE,TRUE,FALSE,TRUE,TRUE,FALSE
237,45,"45 tot 55 jaar",FALSE,TRUE,"Helemaal mee eens",TRUE,"Helemaal mee eens",TRUE,TRUE,TRUE,TRUE,TRUE,TRUE
238,68,"65 tot 75 jaar",TRUE,TRUE,"Mee eens",TRUE,"Mee eens",TRUE,TRUE,TRUE,TRUE,TRUE,TRUE
239,63,"55 tot 65 jaar",FALSE,TRUE,"Mee eens",TRUE,"Niet mee eens, niet mee oneens",FALSE,TRUE,TRUE,TRUE,TRUE,TRUE
240,30,"25 tot 35 jaar",FALSE,TRUE,"Mee eens",TRUE,"Niet mee eens, niet mee oneens",FALSE,TRUE,TRUE,TRUE,TRUE,TRUE
241,75,"75 jaar of ouder",TRUE,TRUE,"Mee eens",TRUE,"Helemaal mee eens",TRUE,TRUE,TRUE,TRUE,TRUE,TRUE
242,29,"25 tot 35 jaar",FALSE,TRUE,"Niet mee eens, niet mee oneens",FALSE,"Niet mee eens, niet mee oneens",FALSE,TRUE,TRUE,FALSE,TRUE,FALSE
243,57,"55 tot 65 jaar",FALSE,TRUE,"Mee eens",TRUE,"Niet mee eens, niet mee oneens",FALSE,TRUE,FALSE,TRUE,FALSE,TRUE
244,61,"55 tot 65 jaar",TRUE,TRUE,"Helemaal mee eens",TRUE,"Mee eens",TRUE,TRUE,TRUE,TRUE,TRUE,TRUE
245,58,"55 tot 65 jaar",TRUE,TRUE,"Mee eens",TRUE,"Mee eens",TRUE,TRUE,FALSE,TRUE,TRUE,TRUE
246,23,"18 tot 25 jaar",TRUE,TRUE,"Niet mee eens, niet mee oneens",FALSE,"Niet mee eens, niet mee oneens",FALSE,TRUE,TRUE,TRUE,FALSE,FALSE
247,41,"35 tot 45 jaar",TRUE,TRUE,"Helemaal mee eens",TRUE,"Helemaal mee eens",TRUE,TRUE,TRUE,TRUE,TRUE,TRUE
248,68,"65 tot 75 jaar",FALSE,FALSE,"Mee eens",TRUE,"Niet mee eens, niet mee oneens",FALSE,TRUE,TRUE,TRUE,TRUE,TRUE
249,23,"18 tot 25 jaar",FALSE,TRUE,"Helemaal mee eens",TRUE,"Mee eens",TRUE,TRUE,TRUE,TRUE,TRUE,TRUE
250,37,"35 tot 45 jaar",FALSE,TRUE,"Mee eens",TRUE,"Mee eens",TRUE,TRUE,TRUE,TRUE,TRUE,TRUE
251,69,"65 tot 75 jaar",FALSE,TRUE,"Helemaal mee eens",TRUE,"Mee eens",TRUE,TRUE,TRUE,TRUE,TRUE,TRUE
252,45,"45 tot 55 jaar",FALSE,TRUE,"Mee eens",TRUE,"Helemaal mee eens",TRUE,TRUE,TRUE,TRUE,TRUE,FALSE
253,72,"65 tot 75 jaar",FALSE,TRUE,"Helemaal mee eens",TRUE,"Mee eens",TRUE,TRUE,TRUE,TRUE,TRUE,TRUE
254,18,"18 tot 25 jaar",FALSE,TRUE,"Helemaal mee eens",TRUE,"Mee eens",TRUE,TRUE,TRUE,TRUE,TRUE,FALSE
255,57,"55 tot 65 jaar",FALSE,TRUE,"Helemaal mee eens",TRUE,"Helemaal mee eens",TRUE,TRUE,TRUE,TRUE,TRUE,TRUE
256,73,"65 tot 75 jaar",TRUE,FALSE,"Mee eens",TRUE,"Mee oneens",FALSE,TRUE,TRUE,FALSE,TRUE,TRUE
257,51,"45 tot 55 jaar",FALSE,TRUE,"Mee eens",TRUE,"Mee eens",TRUE,TRUE,TRUE,TRUE,FALSE,TRUE
258,21,"18 tot 25 jaar",FALSE,TRUE,"Niet mee eens, niet mee oneens",FALSE,"Niet mee eens, niet mee oneens",FALSE,TRUE,FALSE,TRUE,TRUE,TRUE
259,24,"18 tot 25 jaar",FALSE,TRUE,"Mee eens",TRUE,"Niet mee eens, niet mee oneens",FALSE,TRUE,TRUE,TRUE,TRUE,TRUE
260,84,"75 jaar of ouder",TRUE,TRUE,"Helemaal mee eens",TRUE,"Mee eens",TRUE,TRUE,TRUE,TRUE,TRUE,TRUE
261,21,"18 tot 25 jaar",FALSE,TRUE,"Mee eens",TRUE,"Mee eens",TRUE,TRUE,TRUE,TRUE,TRUE,TRUE
262,51,"45 tot 55 jaar",FALSE,TRUE,"Helemaal mee eens",TRUE,"Mee eens",TRUE,TRUE,TRUE,TRUE,TRUE,TRUE
263,47,"45 tot 55 jaar",TRUE,TRUE,"Mee eens",TRUE,"Mee eens",TRUE,TRUE,TRUE,TRUE,TRUE,FALSE
264,63,"55 tot 65 jaar",FALSE,FALSE,"Helemaal mee eens",TRUE,"Niet mee eens, niet mee oneens",FALSE,TRUE,TRUE,TRUE,FALSE,TRUE
265,24,"18 tot 25 jaar",FALSE,TRUE,"Helemaal mee eens",TRUE,"Niet mee eens, niet mee oneens",FALSE,TRUE,TRUE,TRUE,TRUE,TRUE
266,56,"55 tot 65 jaar",FALSE,TRUE,"Niet mee eens, niet mee oneens",FALSE,"Helemaal mee oneens",FALSE,FALSE,FALSE,FALSE,FALSE,FALSE
267,87,"75 jaar of ouder",TRUE,TRUE,"Helemaal mee eens",TRUE,"Helemaal mee eens",TRUE,TRUE,TRUE,TRUE,TRUE,TRUE
268,37,"35 tot 45 jaar",TRUE,TRUE,"Helemaal mee eens",TRUE,"Mee eens",TRUE,TRUE,TRUE,TRUE,TRUE,FALSE
269,64,"55 tot 65 jaar",TRUE,TRUE,"Helemaal mee eens",TRUE,"Helemaal mee eens",TRUE,TRUE,TRUE,TRUE,TRUE,TRUE
270,25,"25 tot 35 jaar",FALSE,TRUE,"Helemaal mee eens",TRUE,"Helemaal mee eens",TRUE,TRUE,TRUE,TRUE,TRUE,TRUE
271,37,"35 tot 45 jaar",FALSE,TRUE,"Mee eens",TRUE,"Mee eens",TRUE,TRUE,TRUE,TRUE,TRUE,TRUE
272,38,"35 tot 45 jaar",FALSE,FALSE,"Mee eens",TRUE,"Mee eens",TRUE,TRUE,TRUE,TRUE,TRUE,TRUE
273,63,"55 tot 65 jaar",FALSE,TRUE,"Helemaal mee eens",TRUE,"Helemaal mee eens",TRUE,TRUE,TRUE,TRUE,TRUE,TRUE
274,90,"75 jaar of ouder",TRUE,TRUE,"Helemaal mee eens",TRUE,"Helemaal mee eens",TRUE,TRUE,TRUE,TRUE,TRUE,TRUE
275,26,"25 tot 35 jaar",FALSE,TRUE,"Mee eens",TRUE,"Mee eens",TRUE,TRUE,TRUE,TRUE,FALSE,FALSE
276,66,"65 tot 75 jaar",FALSE,TRUE,"Mee eens",TRUE,"Helemaal mee oneens",FALSE,TRUE,TRUE,FALSE,TRUE,TRUE
277,53,"45 tot 55 jaar",TRUE,TRUE,"Niet mee eens, niet mee oneens",FALSE,"Mee oneens",FALSE,TRUE,FALSE,TRUE,FALSE,TRUE
278,33,"25 tot 35 jaar",TRUE,TRUE,"Mee eens",TRUE,"Mee eens",TRUE,TRUE,TRUE,TRUE,TRUE,TRUE
279,88,"75 jaar of ouder",TRUE,TRUE,"Mee eens",TRUE,"Niet mee eens, niet mee oneens",FALSE,TRUE,FALSE,FALSE,TRUE,FALSE
280,57,"55 tot 65 jaar",TRUE,TRUE,"Mee eens",TRUE,"Helemaal mee eens",TRUE,TRUE,FALSE,TRUE,TRUE,TRUE
281,67,"65 tot 75 jaar",FALSE,TRUE,"Helemaal mee eens",TRUE,"Mee eens",TRUE,TRUE,TRUE,TRUE,TRUE,TRUE
282,35,"35 tot 45 jaar",FALSE,TRUE,"Helemaal mee eens",TRUE,"Helemaal mee eens",TRUE,TRUE,TRUE,TRUE,TRUE,TRUE
283,26,"25 tot 35 jaar",TRUE,TRUE,"Mee eens",TRUE,"Mee eens",TRUE,FALSE,FALSE,FALSE,FALSE,FALSE
284,41,"35 tot 45 jaar",TRUE,TRUE,"Mee eens",TRUE,"Mee eens",TRUE,TRUE,TRUE,TRUE,TRUE,TRUE
285,82,"75 jaar of ouder",FALSE,TRUE,"Helemaal mee eens",TRUE,"Helemaal mee eens",TRUE,TRUE,TRUE,TRUE,TRUE,FALSE
286,41,"35 tot 45 jaar",FALSE,TRUE,"Niet mee eens, niet mee oneens",FALSE,"Niet mee eens, niet mee oneens",FALSE,TRUE,TRUE,FALSE,FALSE,FALSE
287,64,"55 tot 65 jaar",TRUE,TRUE,"Helemaal mee eens",TRUE,"Mee eens",TRUE,TRUE,TRUE,TRUE,TRUE,TRUE
288,23,"18 tot 25 jaar",TRUE,TRUE,"Helemaal mee eens",TRUE,"Helemaal mee eens",TRUE,TRUE,TRUE,TRUE,TRUE,TRUE
289,18,"18 tot 25 jaar",FALSE,TRUE,"Mee eens",TRUE,"Mee eens",TRUE,TRUE,TRUE,TRUE,TRUE,TRUE
290,33,"25 tot 35 jaar",TRUE,TRUE,"Helemaal mee eens",TRUE,"Helemaal mee eens",TRUE,TRUE,TRUE,FALSE,TRUE,TRUE
291,34,"25 tot 35 jaar",FALSE,TRUE,"Helemaal mee eens",TRUE,"Mee eens",TRUE,TRUE,TRUE,TRUE,TRUE,TRUE
292,33,"25 tot 35 jaar",FALSE,TRUE,"Helemaal mee eens",TRUE,"Mee eens",TRUE,TRUE,TRUE,TRUE,TRUE,TRUE
293,83,"75 jaar of ouder",TRUE,FALSE,"Niet mee eens, niet mee oneens",FALSE,"Helemaal mee oneens",FALSE,TRUE,TRUE,FALSE,FALSE,TRUE
294,23,"18 tot 25 jaar",FALSE,TRUE,"Helemaal mee eens",TRUE,"Helemaal mee eens",TRUE,TRUE,TRUE,TRUE,TRUE,TRUE
295,24,"18 tot 25 jaar",FALSE,TRUE,"Mee eens",TRUE,"Mee eens",TRUE,TRUE,TRUE,TRUE,TRUE,TRUE
296,73,"65 tot 75 jaar",TRUE,FALSE,"Mee eens",TRUE,"Niet mee eens, niet mee oneens",FALSE,TRUE,FALSE,TRUE,FALSE,TRUE
297,85,"75 jaar of ouder",TRUE,TRUE,"Mee eens",TRUE,"Mee eens",TRUE,TRUE,TRUE,TRUE,TRUE,TRUE
298,22,"18 tot 25 jaar",TRUE,TRUE,"Niet mee eens, niet mee oneens",FALSE,"Mee eens",TRUE,TRUE,TRUE,TRUE,TRUE,TRUE
299,19,"18 tot 25 jaar",FALSE,TRUE,"Mee eens",TRUE,"Niet mee eens, niet mee oneens",FALSE,TRUE,FALSE,TRUE,TRUE,TRUE
300,18,"18 tot 25 jaar",FALSE,TRUE,"Helemaal mee eens",TRUE,"Mee eens",TRUE,TRUE,TRUE,TRUE,TRUE,TRUE
301,24,"18 tot 25 jaar",FALSE,TRUE,"Niet mee eens, niet mee oneens",FALSE,"Niet mee eens, niet mee oneens",FALSE,TRUE,TRUE,FALSE,FALSE,TRUE
302,18,"18 tot 25 jaar",TRUE,TRUE,"Helemaal mee eens",TRUE,"Mee eens",TRUE,TRUE,TRUE,FALSE,TRUE,FALSE
303,44,"35 tot 45 jaar",FALSE,TRUE,"Mee eens",TRUE,"Mee eens",TRUE,TRUE,FALSE,FALSE,TRUE,FALSE
304,48,"45 tot 55 jaar",FALSE,TRUE,"Helemaal mee eens",TRUE,"Mee eens",TRUE,TRUE,TRUE,TRUE,TRUE,TRUE
305,54,"45 tot 55 jaar",FALSE,FALSE,"Helemaal mee eens",TRUE,"Mee eens",TRUE,TRUE,TRUE,TRUE,TRUE,TRUE
306,41,"35 tot 45 jaar",FALSE,TRUE,"Mee eens",TRUE,"Mee eens",TRUE,TRUE,TRUE,TRUE,TRUE,TRUE
307,37,"35 tot 45 jaar",TRUE,TRUE,"Helemaal mee eens",TRUE,"Mee eens",TRUE,TRUE,TRUE,TRUE,TRUE,TRUE
308,43,"35 tot 45 jaar",TRUE,TRUE,"Helemaal mee eens",TRUE,"Mee eens",TRUE,TRUE,TRUE,TRUE,TRUE,TRUE
309,41,"35 tot 45 jaar",FALSE,TRUE,"Helemaal mee eens",TRUE,"Helemaal mee eens",TRUE,TRUE,FALSE,TRUE,TRUE,TRUE
310,71,"65 tot 75 jaar",FALSE,TRUE,"Mee eens",TRUE,"Mee oneens",FALSE,TRUE,TRUE,FALSE,FALSE,FALSE
311,32,"25 tot 35 jaar",TRUE,TRUE,"Helemaal mee eens",TRUE,"Helemaal mee eens",TRUE,TRUE,TRUE,TRUE,TRUE,TRUE
312,67,"65 tot 75 jaar",FALSE,TRUE,"Mee eens",TRUE,"Mee eens",TRUE,TRUE,TRUE,TRUE,TRUE,TRUE
313,59,"55 tot 65 jaar",TRUE,FALSE,"Mee eens",TRUE,"Niet mee eens, niet mee oneens",FALSE,TRUE,TRUE,TRUE,TRUE,FALSE
314,42,"35 tot 45 jaar",FALSE,TRUE,"Helemaal mee eens",TRUE,"Mee eens",TRUE,TRUE,TRUE,TRUE,TRUE,TRUE
315,20,"18 tot 25 jaar",FALSE,TRUE,"Mee eens",TRUE,"Mee eens",TRUE,TRUE,FALSE,TRUE,FALSE,TRUE
316,31,"25 tot 35 jaar",TRUE,TRUE,"Mee eens",TRUE,"Mee eens",TRUE,TRUE,TRUE,TRUE,TRUE,TRUE
317,43,"35 tot 45 jaar",FALSE,FALSE,"Helemaal mee eens",TRUE,"Mee eens",TRUE,FALSE,TRUE,TRUE,TRUE,TRUE
318,37,"35 tot 45 jaar",TRUE,TRUE,"Mee eens",TRUE,"Mee eens",TRUE,TRUE,TRUE,TRUE,TRUE,FALSE
319,30,"25 tot 35 jaar",FALSE,TRUE,"Helemaal mee eens",TRUE,"Mee eens",TRUE,TRUE,TRUE,TRUE,TRUE,TRUE
320,40,"35 tot 45 jaar",TRUE,TRUE,"Helemaal mee eens",TRUE,"Mee eens",TRUE,TRUE,FALSE,TRUE,TRUE,TRUE
321,27,"25 tot 35 jaar",FALSE,TRUE,"Mee eens",TRUE,"Mee eens",TRUE,TRUE,TRUE,TRUE,TRUE,TRUE
322,73,"65 tot 75 jaar",TRUE,TRUE,"Mee eens",TRUE,"Mee eens",TRUE,TRUE,TRUE,TRUE,TRUE,FALSE
323,60,"55 tot 65 jaar",FALSE,TRUE,"Helemaal mee eens",TRUE,"Mee eens",TRUE,TRUE,TRUE,TRUE,FALSE,TRUE
324,22,"18 tot 25 jaar",TRUE,TRUE,"Helemaal mee eens",TRUE,"Niet mee eens, niet mee oneens",FALSE,TRUE,TRUE,TRUE,TRUE,TRUE
325,44,"35 tot 45 jaar",TRUE,TRUE,"Mee eens",TRUE,"Mee eens",TRUE,TRUE,TRUE,TRUE,TRUE,TRUE
326,88,"75 jaar of ouder",TRUE,TRUE,"Mee eens",TRUE,"Mee eens",TRUE,TRUE,FALSE,TRUE,TRUE,TRUE
327,74,"65 tot 75 jaar",FALSE,TRUE,"Mee eens",TRUE,"Niet mee eens, niet mee oneens",FALSE,TRUE,TRUE,FALSE,FALSE,FALSE
328,41,"35 tot 45 jaar",TRUE,TRUE,"Mee eens",TRUE,"Mee eens",TRUE,TRUE,FALSE,TRUE,FALSE,FALSE
329,67,"65 tot 75 jaar",TRUE,TRUE,"Mee eens",TRUE,"Mee eens",TRUE,TRUE,TRUE,TRUE,TRUE,FALSE
330,25,"25 tot 35 jaar",FALSE,TRUE,"Mee eens",TRUE,"Mee eens",TRUE,TRUE,TRUE,TRUE,TRUE,TRUE
331,72,"65 tot 75 jaar",FALSE,TRUE,"Mee eens",TRUE,"Mee eens",TRUE,TRUE,TRUE,TRUE,TRUE,TRUE
332,30,"25 tot 35 jaar",TRUE,TRUE,"Helemaal mee eens",TRUE,"Mee eens",TRUE,TRUE,TRUE,FALSE,TRUE,TRUE
333,19,"18 tot 25 jaar",TRUE,TRUE,"Mee eens",TRUE,"Mee eens",TRUE,TRUE,TRUE,TRUE,TRUE,TRUE
334,43,"35 tot 45 jaar",FALSE,TRUE,"Mee eens",TRUE,"Mee eens",TRUE,TRUE,FALSE,TRUE,TRUE,FALSE
335,79,"75 jaar of ouder",FALSE,TRUE,"Mee eens",TRUE,"Niet mee eens, niet mee oneens",FALSE,TRUE,TRUE,FALSE,TRUE,FALSE
336,87,"75 jaar of ouder",TRUE,TRUE,"Mee eens",TRUE,"Mee eens",TRUE,FALSE,TRUE,TRUE,TRUE,TRUE
337,24,"18 tot 25 jaar",TRUE,TRUE,"Mee eens",TRUE,"Mee eens",TRUE,TRUE,TRUE,TRUE,TRUE,TRUE
338,87,"75 jaar of ouder",TRUE,TRUE,"Helemaal mee eens",TRUE,"Mee eens",TRUE,TRUE,TRUE,TRUE,TRUE,TRUE
339,43,"35 tot 45 jaar",FALSE,TRUE,"Helemaal mee eens",TRUE,"Mee eens",TRUE,TRUE,FALSE,TRUE,TRUE,TRUE
340,88,"75 jaar of ouder",FALSE,TRUE,"Mee eens",TRUE,"Mee eens",TRUE,TRUE,FALSE,TRUE,TRUE,TRUE
341,63,"55 tot 65 jaar",TRUE,TRUE,"Helemaal mee eens",TRUE,"Mee eens",TRUE,TRUE,TRUE,TRUE,TRUE,TRUE
342,50,"45 tot 55 jaar",FALSE,TRUE,"Mee eens",TRUE,"Mee eens",TRUE,TRUE,FALSE,FALSE,TRUE,FALSE
343,36,"35 tot 45 jaar",TRUE,TRUE,"Mee eens",TRUE,"Mee eens",TRUE,TRUE,TRUE,TRUE,TRUE,FALSE
344,83,"75 jaar of ouder",TRUE,TRUE,"Mee eens",TRUE,"Mee eens",TRUE,TRUE,TRUE,TRUE,TRUE,FALSE
345,30,"25 tot 35 jaar",TRUE,TRUE,"Helemaal mee eens",TRUE,"Mee eens",TRUE,TRUE,TRUE,TRUE,TRUE,TRUE
346,39,"35 tot 45 jaar",TRUE,TRUE,"Helemaal mee eens",TRUE,"Mee eens",TRUE,TRUE,TRUE,TRUE,TRUE,FALSE
347,54,"45 tot 55 jaar",FALSE,TRUE,"Helemaal mee eens",TRUE,"Mee eens",TRUE,TRUE,TRUE,TRUE,TRUE,TRUE
348,53,"45 tot 55 jaar",TRUE,TRUE,"Mee eens",TRUE,"Mee oneens",FALSE,FALSE,FALSE,FALSE,FALSE,FALSE
349,70,"65 tot 75 jaar",TRUE,TRUE,"Mee eens",TRUE,"Niet mee eens, niet mee oneens",FALSE,TRUE,TRUE,FALSE,TRUE,TRUE
350,30,"25 tot 35 jaar",FALSE,TRUE,"Helemaal mee eens",TRUE,"Mee eens",TRUE,TRUE,TRUE,TRUE,TRUE,TRUE
351,34,"25 tot 35 jaar",TRUE,TRUE,"Mee eens",TRUE,"Mee eens",TRUE,TRUE,FALSE,TRUE,TRUE,TRUE
352,18,"18 tot 25 jaar",FALSE,TRUE,"Niet mee eens, niet mee oneens",FALSE,"Niet mee eens, niet mee oneens",FALSE,FALSE,TRUE,TRUE,FALSE,FALSE
353,37,"35 tot 45 jaar",TRUE,TRUE,"Helemaal mee eens",TRUE,"Mee eens",TRUE,TRUE,TRUE,TRUE,TRUE,TRUE
354,34,"25 tot 35 jaar",TRUE,TRUE,"Helemaal mee eens",TRUE,"Mee eens",TRUE,TRUE,TRUE,TRUE,TRUE,TRUE
355,27,"25 tot 35 jaar",TRUE,TRUE,"Mee eens",TRUE,"Mee eens",TRUE,TRUE,FALSE,TRUE,TRUE,TRUE
356,57,"55 tot 65 jaar",FALSE,TRUE,"Helemaal mee eens",TRUE,"Mee eens",TRUE,TRUE,TRUE,TRUE,TRUE,TRUE
357,21,"18 tot 25 jaar",FALSE,TRUE,"Mee eens",TRUE,"Mee eens",TRUE,TRUE,TRUE,TRUE,TRUE,TRUE
358,65,"65 tot 75 jaar",FALSE,TRUE,"Mee eens",TRUE,"Niet mee eens, niet mee oneens",FALSE,TRUE,TRUE,FALSE,FALSE,FALSE
359,63,"55 tot 65 jaar",FALSE,TRUE,"Helemaal mee eens",TRUE,"Mee eens",TRUE,FALSE,TRUE,TRUE,TRUE,FALSE
360,54,"45 tot 55 jaar",TRUE,TRUE,"Mee eens",TRUE,"Mee eens",TRUE,TRUE,TRUE,TRUE,TRUE,FALSE
361,19,"18 tot 25 jaar",FALSE,TRUE,"Helemaal mee eens",TRUE,"Helemaal mee eens",TRUE,TRUE,TRUE,TRUE,TRUE,TRUE
362,43,"35 tot 45 jaar",FALSE,TRUE,"Helemaal mee eens",TRUE,"Mee eens",TRUE,TRUE,TRUE,TRUE,TRUE,TRUE
363,21,"18 tot 25 jaar",FALSE,TRUE,"Mee eens",TRUE,"Niet mee eens, niet mee oneens",FALSE,TRUE,TRUE,TRUE,TRUE,TRUE
364,59,"55 tot 65 jaar",TRUE,TRUE,"Mee eens",TRUE,"Niet mee eens, niet mee oneens",FALSE,TRUE,TRUE,FALSE,FALSE,TRUE
365,23,"18 tot 25 jaar",FALSE,TRUE,"Helemaal mee eens",TRUE,"Niet mee eens, niet mee oneens",FALSE,TRUE,TRUE,TRUE,TRUE,TRUE
366,53,"45 tot 55 jaar",FALSE,TRUE,"Mee eens",TRUE,"Mee eens",TRUE,FALSE,TRUE,TRUE,TRUE,TRUE
367,73,"65 tot 75 jaar",FALSE,TRUE,"Mee eens",TRUE,"Niet mee eens, niet mee oneens",FALSE,TRUE,TRUE,TRUE,TRUE,TRUE
368,49,"45 tot 55 jaar",TRUE,TRUE,"Mee eens",TRUE,"Mee oneens",FALSE,TRUE,FALSE,FALSE,FALSE,TRUE
369,34,"25 tot 35 jaar",FALSE,TRUE,"Mee eens",TRUE,"Mee eens",TRUE,FALSE,TRUE,FALSE,TRUE,FALSE
370,52,"45 tot 55 jaar",TRUE,TRUE,"Helemaal mee eens",TRUE,"Mee eens",TRUE,TRUE,TRUE,TRUE,TRUE,TRUE
371,79,"75 jaar of ouder",FALSE,TRUE,"Mee eens",TRUE,"Niet mee eens, niet mee oneens",FALSE,TRUE,TRUE,FALSE,FALSE,TRUE
372,25,"25 tot 35 jaar",FALSE,FALSE,"Mee eens",TRUE,"Niet mee eens, niet mee oneens",FALSE,TRUE,FALSE,TRUE,TRUE,FALSE
373,72,"65 tot 75 jaar",TRUE,TRUE,"Mee eens",TRUE,"Mee eens",TRUE,FALSE,TRUE,TRUE,TRUE,TRUE
374,31,"25 tot 35 jaar",FALSE,TRUE,"Helemaal mee eens",TRUE,"Mee eens",TRUE,TRUE,TRUE,TRUE,TRUE,TRUE
375,62,"55 tot 65 jaar",FALSE,FALSE,"Helemaal mee eens",TRUE,"Helemaal mee eens",TRUE,TRUE,TRUE,TRUE,TRUE,FALSE
376,57,"55 tot 65 jaar",FALSE,TRUE,"Helemaal mee eens",TRUE,"Mee eens",TRUE,TRUE,TRUE,TRUE,TRUE,TRUE
377,44,"35 tot 45 jaar",TRUE,TRUE,"Helemaal mee eens",TRUE,"Mee oneens",FALSE,FALSE,TRUE,TRUE,FALSE,FALSE
378,72,"65 tot 75 jaar",FALSE,TRUE,"Mee eens",TRUE,"Mee oneens",FALSE,FALSE,FALSE,TRUE,FALSE,TRUE
379,62,"55 tot 65 jaar",FALSE,FALSE,"Helemaal mee eens",TRUE,"Mee eens",TRUE,TRUE,FALSE,TRUE,TRUE,TRUE
380,39,"35 tot 45 jaar",FALSE,TRUE,"Mee eens",TRUE,"Mee eens",TRUE,TRUE,TRUE,TRUE,TRUE,FALSE
381,51,"45 tot 55 jaar",FALSE,TRUE,"Mee eens",TRUE,"Niet mee eens, niet mee oneens",FALSE,TRUE,TRUE,TRUE,FALSE,FALSE
382,48,"45 tot 55 jaar",TRUE,TRUE,"Mee eens",TRUE,"Mee eens",TRUE,TRUE,FALSE,FALSE,TRUE,TRUE
383,54,"45 tot 55 jaar",TRUE,TRUE,"Mee eens",TRUE,"Mee eens",TRUE,TRUE,TRUE,TRUE,TRUE,TRUE
384,90,"75 jaar of ouder",FALSE,TRUE,"Mee eens",TRUE,"Mee eens",TRUE,FALSE,TRUE,FALSE,TRUE,TRUE
385,54,"45 tot 55 jaar",FALSE,TRUE,"Mee eens",TRUE,"Mee oneens",FALSE,FALSE,TRUE,FALSE,FALSE,FALSE
386,82,"75 jaar of ouder",FALSE,TRUE,"Niet mee eens, niet mee oneens",FALSE,"Mee oneens",FALSE,TRUE,TRUE,FALSE,FALSE,TRUE
387,61,"55 tot 65 jaar",FALSE,TRUE,"Mee eens",TRUE,"Niet mee eens, niet mee oneens",FALSE,TRUE,TRUE,TRUE,FALSE,TRUE
388,36,"35 tot 45 jaar",FALSE,TRUE,"Mee eens",TRUE,"Niet mee eens, niet mee oneens",FALSE,TRUE,TRUE,TRUE,FALSE,FALSE
389,21,"18 tot 25 jaar",FALSE,TRUE,"Helemaal mee eens",TRUE,"Helemaal mee eens",TRUE,TRUE,TRUE,TRUE,TRUE,TRUE
390,87,"75 jaar of ouder",FALSE,TRUE,"Niet mee eens, niet mee oneens",FALSE,"Niet mee eens, niet mee oneens",FALSE,FALSE,FALSE,TRUE,FALSE,FALSE
391,71,"65 tot 75 jaar",FALSE,TRUE,"Niet mee eens, niet mee oneens",FALSE,"Mee eens",TRUE,FALSE,TRUE,TRUE,TRUE,FALSE
392,86,"75 jaar of ouder",FALSE,TRUE,"Helemaal mee eens",TRUE,"Mee eens",TRUE,TRUE,TRUE,TRUE,TRUE,TRUE
393,72,"65 tot 75 jaar",TRUE,FALSE,"Helemaal mee eens",TRUE,"Niet mee eens, niet mee oneens",FALSE,TRUE,TRUE,FALSE,TRUE,TRUE
394,62,"55 tot 65 jaar",TRUE,FALSE,"Mee eens",TRUE,"Mee eens",TRUE,TRUE,TRUE,TRUE,TRUE,TRUE
395,52,"45 tot 55 jaar",FALSE,TRUE,"Helemaal mee eens",TRUE,"Helemaal mee eens",TRUE,TRUE,TRUE,TRUE,TRUE,TRUE
396,27,"25 tot 35 jaar",TRUE,TRUE,"Helemaal mee eens",TRUE,"Mee eens",TRUE,TRUE,TRUE,TRUE,TRUE,TRUE
397,38,"35 tot 45 jaar",FALSE,TRUE,"Helemaal mee eens",TRUE,"Mee eens",TRUE,TRUE,TRUE,TRUE,TRUE,TRUE
398,52,"45 tot 55 jaar",TRUE,TRUE,"Mee eens",TRUE,"Mee eens",TRUE,TRUE,TRUE,FALSE,TRUE,FALSE
399,19,"18 tot 25 jaar",FALSE,TRUE,"Mee eens",TRUE,"Niet mee eens, niet mee oneens",FALSE,TRUE,TRUE,FALSE,TRUE,TRUE
400,77,"75 jaar of ouder",FALSE,TRUE,"Mee eens",TRUE,"Mee eens",TRUE,TRUE,TRUE,TRUE,TRUE,TRUE
401,54,"45 tot 55 jaar",FALSE,TRUE,"Mee eens",TRUE,"Niet mee eens, niet mee oneens",FALSE,TRUE,FALSE,FALSE,FALSE,FALSE
402,23,"18 tot 25 jaar",TRUE,TRUE,"Helemaal mee eens",TRUE,"Helemaal mee eens",TRUE,TRUE,TRUE,TRUE,TRUE,TRUE
403,27,"25 tot 35 jaar",FALSE,TRUE,"Mee oneens",FALSE,"Niet mee eens, niet mee oneens",FALSE,TRUE,FALSE,FALSE,FALSE,FALSE
404,76,"75 jaar of ouder",FALSE,TRUE,"Helemaal mee eens",TRUE,"Niet mee eens, niet mee oneens",FALSE,TRUE,FALSE,TRUE,TRUE,TRUE
405,73,"65 tot 75 jaar",TRUE,TRUE,"Helemaal mee eens",TRUE,"Helemaal mee eens",TRUE,TRUE,TRUE,TRUE,TRUE,TRUE
406,41,"35 tot 45 jaar",TRUE,TRUE,"Helemaal mee eens",TRUE,"Mee eens",TRUE,TRUE,TRUE,TRUE,TRUE,TRUE
407,59,"55 tot 65 jaar",TRUE,TRUE,"Mee eens",TRUE,"Mee eens",TRUE,TRUE,TRUE,TRUE,TRUE,FALSE
408,53,"45 tot 55 jaar",TRUE,TRUE,"Mee eens",TRUE,"Mee eens",TRUE,TRUE,TRUE,TRUE,TRUE,TRUE
409,70,"65 tot 75 jaar",TRUE,TRUE,"Mee eens",TRUE,"Helemaal mee eens",TRUE,TRUE,TRUE,TRUE,TRUE,FALSE
410,70,"65 tot 75 jaar",TRUE,TRUE,"Mee eens",TRUE,"Mee eens",TRUE,TRUE,TRUE,TRUE,TRUE,FALSE
411,56,"55 tot 65 jaar",FALSE,TRUE,"Mee eens",TRUE,"Mee eens",TRUE,TRUE,TRUE,TRUE,FALSE,TRUE
412,20,"18 tot 25 jaar",FALSE,TRUE,"Helemaal mee oneens",FALSE,"Mee oneens",FALSE,FALSE,FALSE,FALSE,FALSE,FALSE
413,29,"25 tot 35 jaar",FALSE,TRUE,"Mee eens",TRUE,"Mee eens",TRUE,TRUE,TRUE,TRUE,TRUE,TRUE
414,31,"25 tot 35 jaar",TRUE,TRUE,"Helemaal mee eens",TRUE,"Mee eens",TRUE,TRUE,TRUE,TRUE,TRUE,TRUE
415,56,"55 tot 65 jaar",TRUE,TRUE,"Mee eens",TRUE,"Mee oneens",FALSE,FALSE,TRUE,TRUE,FALSE,FALSE
416,70,"65 tot 75 jaar",FALSE,FALSE,"Niet mee eens, niet mee oneens",FALSE,"Mee eens",TRUE,TRUE,TRUE,TRUE,TRUE,TRUE
417,52,"45 tot 55 jaar",FALSE,TRUE,"Mee eens",TRUE,"Mee oneens",FALSE,TRUE,TRUE,FALSE,TRUE,FALSE
418,70,"65 tot 75 jaar",FALSE,TRUE,"Helemaal mee eens",TRUE,"Mee eens",TRUE,TRUE,TRUE,TRUE,TRUE,TRUE
419,37,"35 tot 45 jaar",TRUE,TRUE,"Mee eens",TRUE,"Mee eens",TRUE,TRUE,TRUE,TRUE,TRUE,FALSE
420,74,"65 tot 75 jaar",FALSE,TRUE,"Helemaal mee eens",TRUE,"Mee eens",TRUE,TRUE,TRUE,TRUE,TRUE,TRUE
421,67,"65 tot 75 jaar",TRUE,TRUE,"Mee eens",TRUE,"Mee eens",TRUE,TRUE,TRUE,FALSE,TRUE,FALSE
422,41,"35 tot 45 jaar",TRUE,TRUE,"Helemaal mee eens",TRUE,"Helemaal mee eens",TRUE,TRUE,TRUE,TRUE,TRUE,TRUE
423,42,"35 tot 45 jaar",TRUE,TRUE,"Helemaal mee eens",TRUE,"Mee eens",TRUE,TRUE,TRUE,TRUE,TRUE,FALSE
424,27,"25 tot 35 jaar",FALSE,TRUE,"Helemaal mee eens",TRUE,"Helemaal mee eens",TRUE,TRUE,TRUE,TRUE,TRUE,TRUE
425,71,"65 tot 75 jaar",TRUE,TRUE,"Mee eens",TRUE,"Mee eens",TRUE,TRUE,TRUE,TRUE,TRUE,TRUE
426,41,"35 tot 45 jaar",TRUE,TRUE,"Mee eens",TRUE,"Mee eens",TRUE,TRUE,TRUE,FALSE,TRUE,TRUE
427,73,"65 tot 75 jaar",FALSE,TRUE,"Helemaal mee eens",TRUE,"Helemaal mee eens",TRUE,TRUE,TRUE,TRUE,TRUE,TRUE
428,27,"25 tot 35 jaar",FALSE,TRUE,"Mee eens",TRUE,"Mee eens",TRUE,TRUE,TRUE,TRUE,TRUE,TRUE
429,23,"18 tot 25 jaar",FALSE,TRUE,"Mee eens",TRUE,"Niet mee eens, niet mee oneens",FALSE,FALSE,TRUE,TRUE,FALSE,FALSE
430,18,"18 tot 25 jaar",FALSE,TRUE,"Mee eens",TRUE,"Mee eens",TRUE,TRUE,FALSE,FALSE,TRUE,TRUE
431,38,"35 tot 45 jaar",FALSE,TRUE,"Mee eens",TRUE,"Mee eens",TRUE,TRUE,TRUE,TRUE,TRUE,FALSE
432,54,"45 tot 55 jaar",FALSE,FALSE,"Helemaal mee eens",TRUE,"Mee eens",TRUE,TRUE,TRUE,TRUE,TRUE,TRUE
433,48,"45 tot 55 jaar",FALSE,TRUE,"Helemaal mee eens",TRUE,"Helemaal mee eens",TRUE,TRUE,TRUE,TRUE,TRUE,TRUE
434,26,"25 tot 35 jaar",TRUE,TRUE,"Mee eens",TRUE,"Mee eens",TRUE,TRUE,FALSE,TRUE,TRUE,TRUE
435,38,"35 tot 45 jaar",TRUE,TRUE,"Helemaal mee eens",TRUE,"Helemaal mee eens",TRUE,TRUE,TRUE,TRUE,TRUE,TRUE
436,31,"25 tot 35 jaar",FALSE,TRUE,"Mee eens",TRUE,"Mee oneens",FALSE,TRUE,TRUE,TRUE,FALSE,FALSE
437,39,"35 tot 45 jaar",TRUE,TRUE,"Helemaal mee eens",TRUE,"Helemaal mee eens",TRUE,TRUE,TRUE,TRUE,TRUE,TRUE
438,18,"18 tot 25 jaar",TRUE,TRUE,"Helemaal mee eens",TRUE,"Helemaal mee eens",TRUE,TRUE,TRUE,TRUE,TRUE,TRUE
439,87,"75 jaar of ouder",TRUE,TRUE,"Helemaal mee eens",TRUE,"Helemaal mee eens",TRUE,TRUE,TRUE,TRUE,TRUE,TRUE
440,52,"45 tot 55 jaar",TRUE,FALSE,"Helemaal mee eens",TRUE,"Mee eens",TRUE,TRUE,TRUE,FALSE,TRUE,FALSE
441,65,"65 tot 75 jaar",TRUE,TRUE,"Helemaal mee eens",TRUE,"Helemaal mee eens",TRUE,TRUE,TRUE,TRUE,TRUE,TRUE
442,42,"35 tot 45 jaar",TRUE,TRUE,"Helemaal mee eens",TRUE,"Mee eens",TRUE,TRUE,TRUE,TRUE,TRUE,TRUE
443,29,"25 tot 35 jaar",TRUE,TRUE,"Mee eens",TRUE,"Helemaal mee eens",TRUE,FALSE,TRUE,FALSE,TRUE,TRUE
444,89,"75 jaar of ouder",TRUE,TRUE,"Mee eens",TRUE,"Niet mee eens, niet mee oneens",FALSE,TRUE,TRUE,TRUE,TRUE,FALSE
445,59,"55 tot 65 jaar",FALSE,TRUE,"Mee eens",TRUE,"Niet mee eens, niet mee oneens",FALSE,FALSE,TRUE,TRUE,TRUE,TRUE
446,57,"55 tot 65 jaar",FALSE,TRUE,"Mee eens",TRUE,"Niet mee eens, niet mee oneens",FALSE,FALSE,TRUE,TRUE,TRUE,FALSE
447,39,"35 tot 45 jaar",TRUE,TRUE,"Mee eens",TRUE,"Mee oneens",FALSE,FALSE,FALSE,FALSE,FALSE,FALSE
448,46,"45 tot 55 jaar",FALSE,FALSE,"Helemaal mee eens",TRUE,"Helemaal mee eens",TRUE,TRUE,TRUE,TRUE,TRUE,TRUE
449,28,"25 tot 35 jaar",FALSE,TRUE,"Mee oneens",FALSE,"Mee oneens",FALSE,TRUE,TRUE,FALSE,FALSE,FALSE
450,59,"55 tot 65 jaar",FALSE,TRUE,"Mee eens",TRUE,"Niet mee eens, niet mee oneens",FALSE,TRUE,TRUE,TRUE,TRUE,TRUE
451,48,"45 tot 55 jaar",FALSE,TRUE,"Helemaal mee eens",TRUE,"Mee eens",TRUE,TRUE,FALSE,TRUE,TRUE,TRUE
452,21,"18 tot 25 jaar",FALSE,TRUE,"Helemaal mee eens",TRUE,"Niet mee eens, niet mee oneens",FALSE,TRUE,TRUE,TRUE,TRUE,TRUE
453,26,"25 tot 35 jaar",TRUE,TRUE,"Helemaal mee eens",TRUE,"Helemaal mee eens",TRUE,TRUE,TRUE,TRUE,TRUE,TRUE
454,19,"18 tot 25 jaar",TRUE,TRUE,"Helemaal mee eens",TRUE,"Helemaal mee eens",TRUE,TRUE,TRUE,TRUE,TRUE,TRUE
455,72,"65 tot 75 jaar",TRUE,TRUE,"Mee eens",TRUE,"Niet mee eens, niet mee oneens",FALSE,FALSE,TRUE,TRUE,FALSE,FALSE
456,88,"75 jaar of ouder",FALSE,TRUE,"Niet mee eens, niet mee oneens",FALSE,"Niet mee eens, niet mee oneens",FALSE,TRUE,FALSE,FALSE,FALSE,TRUE
457,44,"35 tot 45 jaar",FALSE,TRUE,"Helemaal mee eens",TRUE,"Mee eens",TRUE,TRUE,TRUE,TRUE,TRUE,TRUE
458,30,"25 tot 35 jaar",TRUE,TRUE,"Niet mee eens, niet mee oneens",FALSE,"Mee eens",TRUE,TRUE,TRUE,FALSE,TRUE,TRUE
459,59,"55 tot 65 jaar",TRUE,TRUE,"Helemaal mee eens",TRUE,"Mee eens",TRUE,TRUE,TRUE,TRUE,TRUE,TRUE
460,33,"25 tot 35 jaar",FALSE,TRUE,"Mee eens",TRUE,"Mee eens",TRUE,TRUE,TRUE,FALSE,TRUE,FALSE
461,18,"18 tot 25 jaar",TRUE,TRUE,"Helemaal mee eens",TRUE,"Helemaal mee eens",TRUE,TRUE,TRUE,TRUE,TRUE,TRUE
462,20,"18 tot 25 jaar",TRUE,TRUE,"Helemaal mee eens",TRUE,"Helemaal mee eens",TRUE,TRUE,TRUE,TRUE,TRUE,TRUE
463,52,"45 tot 55 jaar",TRUE,TRUE,"Mee eens",TRUE,"Mee oneens",FALSE,TRUE,TRUE,TRUE,FALSE,FALSE
464,68,"65 tot 75 jaar",FALSE,TRUE,"Helemaal mee eens",TRUE,"Helemaal mee eens",TRUE,TRUE,TRUE,TRUE,TRUE,TRUE
465,63,"55 tot 65 jaar",TRUE,TRUE,"Mee eens",TRUE,"Mee eens",TRUE,TRUE,TRUE,FALSE,FALSE,FALSE
466,40,"35 tot 45 jaar",FALSE,TRUE,"Helemaal mee eens",TRUE,"Mee eens",TRUE,TRUE,TRUE,TRUE,TRUE,TRUE
467,37,"35 tot 45 jaar",FALSE,TRUE,"Mee eens",TRUE,"Niet mee eens, niet mee oneens",FALSE,TRUE,FALSE,FALSE,FALSE,TRUE
468,71,"65 tot 75 jaar",FALSE,TRUE,"Helemaal mee eens",TRUE,"Niet mee eens, niet mee oneens",FALSE,TRUE,TRUE,TRUE,TRUE,TRUE
469,54,"45 tot 55 jaar",FALSE,TRUE,"Helemaal mee eens",TRUE,"Niet mee eens, niet mee oneens",FALSE,FALSE,TRUE,TRUE,FALSE,FALSE
470,46,"45 tot 55 jaar",TRUE,TRUE,"Helemaal mee eens",TRUE,"Mee eens",TRUE,TRUE,TRUE,TRUE,TRUE,FALSE
471,60,"55 tot 65 jaar",TRUE,FALSE,"Niet mee eens, niet mee oneens",FALSE,"Niet mee eens, niet mee oneens",FALSE,TRUE,FALSE,FALSE,TRUE,TRUE
472,45,"45 tot 55 jaar",TRUE,TRUE,"Helemaal mee eens",TRUE,"Mee eens",TRUE,TRUE,TRUE,TRUE,TRUE,FALSE
473,50,"45 tot 55 jaar",TRUE,TRUE,"Helemaal mee eens",TRUE,"Mee eens",TRUE,TRUE,TRUE,TRUE,TRUE,TRUE
474,32,"25 tot 35 jaar",FALSE,TRUE,"Helemaal mee eens",TRUE,"Helemaal mee eens",TRUE,TRUE,TRUE,TRUE,TRUE,TRUE
475,43,"35 tot 45 jaar",FALSE,TRUE,"Helemaal mee eens",TRUE,"Mee eens",TRUE,TRUE,TRUE,TRUE,TRUE,TRUE
476,18,"18 tot 25 jaar",TRUE,FALSE,"Mee eens",TRUE,"Mee eens",TRUE,TRUE,TRUE,TRUE,TRUE,TRUE
477,83,"75 jaar of ouder",TRUE,FALSE,"Mee eens",TRUE,"Niet mee eens, niet mee oneens",FALSE,TRUE,TRUE,TRUE,TRUE,FALSE
478,58,"55 tot 65 jaar",TRUE,TRUE,"Niet mee eens, niet mee oneens",FALSE,"Mee eens",TRUE,TRUE,TRUE,FALSE,FALSE,FALSE
479,20,"18 tot 25 jaar",FALSE,TRUE,"Helemaal mee eens",TRUE,"Mee eens",TRUE,TRUE,TRUE,TRUE,TRUE,TRUE
480,29,"25 tot 35 jaar",FALSE,TRUE,"Helemaal mee eens",TRUE,"Mee eens",TRUE,TRUE,TRUE,TRUE,TRUE,TRUE
481,48,"45 tot 55 jaar",TRUE,TRUE,"Mee oneens",FALSE,"Mee eens",TRUE,TRUE,FALSE,FALSE,FALSE,FALSE
482,35,"35 tot 45 jaar",FALSE,TRUE,"Helemaal mee eens",TRUE,"Mee eens",TRUE,FALSE,TRUE,TRUE,TRUE,TRUE
483,51,"45 tot 55 jaar",TRUE,TRUE,"Mee eens",TRUE,"Helemaal mee eens",TRUE,FALSE,TRUE,TRUE,TRUE,TRUE
484,68,"65 tot 75 jaar",TRUE,TRUE,"Mee eens",TRUE,"Niet mee eens, niet mee oneens",FALSE,TRUE,TRUE,FALSE,FALSE,TRUE
485,44,"35 tot 45 jaar",FALSE,TRUE,"Helemaal mee eens",TRUE,"Niet mee eens, niet mee oneens",FALSE,TRUE,FALSE,FALSE,FALSE,FALSE
486,47,"45 tot 55 jaar",FALSE,TRUE,"Helemaal mee eens",TRUE,"Helemaal mee eens",TRUE,TRUE,TRUE,TRUE,TRUE,TRUE
487,75,"75 jaar of ouder",TRUE,TRUE,"Mee oneens",FALSE,"Helemaal mee oneens",FALSE,TRUE,TRUE,FALSE,FALSE,FALSE
488,48,"45 tot 55 jaar",TRUE,TRUE,"Mee eens",TRUE,"Mee eens",TRUE,TRUE,TRUE,TRUE,TRUE,TRUE
489,66,"65 tot 75 jaar",TRUE,TRUE,"Mee eens",TRUE,"Mee eens",TRUE,TRUE,TRUE,TRUE,FALSE,TRUE
490,48,"45 tot 55 jaar",TRUE,TRUE,"Mee eens",TRUE,"Mee eens",TRUE,TRUE,TRUE,TRUE,FALSE,TRUE
491,88,"75 jaar of ouder",FALSE,TRUE,"Mee eens",TRUE,"Helemaal mee eens",TRUE,TRUE,TRUE,TRUE,TRUE,TRUE
492,60,"55 tot 65 jaar",FALSE,TRUE,"Helemaal mee eens",TRUE,"Helemaal mee eens",TRUE,TRUE,TRUE,TRUE,TRUE,FALSE
493,43,"35 tot 45 jaar",FALSE,TRUE,"Niet mee eens, niet mee oneens",FALSE,"Mee eens",TRUE,TRUE,FALSE,FALSE,TRUE,FALSE
494,22,"18 tot 25 jaar",FALSE,TRUE,"Mee eens",TRUE,"Helemaal mee eens",TRUE,TRUE,TRUE,TRUE,TRUE,TRUE
495,46,"45 tot 55 jaar",FALSE,TRUE,"Helemaal mee eens",TRUE,"Mee eens",TRUE,TRUE,FALSE,TRUE,TRUE,TRUE
496,51,"45 tot 55 jaar",TRUE,TRUE,"Mee eens",TRUE,"Mee eens",TRUE,TRUE,FALSE,FALSE,FALSE,FALSE
497,65,"65 tot 75 jaar",TRUE,TRUE,"Helemaal mee eens",TRUE,"Mee eens",TRUE,TRUE,FALSE,TRUE,TRUE,TRUE
498,49,"45 tot 55 jaar",FALSE,TRUE,"Niet mee eens, niet mee oneens",FALSE,"Niet mee eens, niet mee oneens",FALSE,TRUE,FALSE,TRUE,TRUE,TRUE
499,33,"25 tot 35 jaar",TRUE,TRUE,"Mee eens",TRUE,"Niet mee eens, niet mee oneens",FALSE,TRUE,TRUE,TRUE,TRUE,TRUE
500,39,"35 tot 45 jaar",FALSE,TRUE,"Helemaal mee eens",TRUE,"Niet mee eens, niet mee oneens",FALSE,TRUE,TRUE,TRUE,FALSE,TRUE
501,32,"25 tot 35 jaar",FALSE,TRUE,"Mee eens",TRUE,"Mee oneens",FALSE,TRUE,FALSE,FALSE,FALSE,FALSE
502,32,"25 tot 35 jaar",FALSE,TRUE,"Helemaal mee eens",TRUE,"Mee eens",TRUE,TRUE,TRUE,TRUE,TRUE,FALSE
503,34,"25 tot 35 jaar",FALSE,TRUE,"Helemaal mee eens",TRUE,"Helemaal mee eens",TRUE,TRUE,TRUE,TRUE,TRUE,TRUE
504,25,"25 tot 35 jaar",FALSE,TRUE,"Helemaal mee eens",TRUE,"Helemaal mee eens",TRUE,TRUE,TRUE,TRUE,TRUE,TRUE
505,74,"65 tot 75 jaar",TRUE,TRUE,"Helemaal mee eens",TRUE,"Helemaal mee eens",TRUE,TRUE,TRUE,TRUE,TRUE,TRUE
506,27,"25 tot 35 jaar",FALSE,TRUE,"Helemaal mee eens",TRUE,"Helemaal mee eens",TRUE,TRUE,TRUE,TRUE,TRUE,TRUE
507,85,"75 jaar of ouder",FALSE,TRUE,"Helemaal mee eens",TRUE,"Helemaal mee eens",TRUE,TRUE,TRUE,TRUE,TRUE,TRUE
508,57,"55 tot 65 jaar",FALSE,TRUE,"Mee eens",TRUE,"Mee eens",TRUE,TRUE,TRUE,TRUE,TRUE,FALSE
509,49,"45 tot 55 jaar",TRUE,TRUE,"Mee eens",TRUE,"Mee eens",TRUE,FALSE,TRUE,FALSE,TRUE,FALSE
510,31,"25 tot 35 jaar",TRUE,TRUE,"Niet mee eens, niet mee oneens",FALSE,"Mee oneens",FALSE,TRUE,TRUE,FALSE,FALSE,TRUE
511,73,"65 tot 75 jaar",TRUE,TRUE,"Helemaal mee eens",TRUE,"Mee eens",TRUE,TRUE,TRUE,FALSE,TRUE,FALSE
512,78,"75 jaar of ouder",FALSE,FALSE,"Helemaal mee eens",TRUE,"Mee eens",TRUE,TRUE,TRUE,TRUE,TRUE,FALSE
513,44,"35 tot 45 jaar",FALSE,TRUE,"Mee eens",TRUE,"Mee eens",TRUE,TRUE,TRUE,FALSE,TRUE,TRUE
514,53,"45 tot 55 jaar",FALSE,TRUE,"Mee eens",TRUE,"Mee eens",TRUE,TRUE,TRUE,TRUE,TRUE,TRUE
515,33,"25 tot 35 jaar",FALSE,TRUE,"Mee eens",TRUE,"Mee eens",TRUE,TRUE,TRUE,TRUE,TRUE,TRUE
516,33,"25 tot 35 jaar",FALSE,TRUE,"Mee eens",TRUE,"Niet mee eens, niet mee oneens",FALSE,TRUE,TRUE,FALSE,TRUE,FALSE
517,69,"65 tot 75 jaar",TRUE,TRUE,"Helemaal mee eens",TRUE,"Helemaal mee eens",TRUE,TRUE,TRUE,TRUE,TRUE,TRUE
518,65,"65 tot 75 jaar",TRUE,TRUE,"Mee eens",TRUE,"Mee eens",TRUE,TRUE,TRUE,TRUE,TRUE,TRUE
519,26,"25 tot 35 jaar",FALSE,TRUE,"Helemaal mee eens",TRUE,"Mee eens",TRUE,TRUE,TRUE,TRUE,TRUE,TRUE
520,45,"45 tot 55 jaar",TRUE,TRUE,"Mee eens",TRUE,"Mee eens",TRUE,TRUE,TRUE,TRUE,TRUE,FALSE
521,28,"25 tot 35 jaar",FALSE,TRUE,"Helemaal mee eens",TRUE,"Helemaal mee eens",TRUE,TRUE,TRUE,TRUE,TRUE,TRUE
522,69,"65 tot 75 jaar",FALSE,TRUE,"Helemaal mee eens",TRUE,"Helemaal mee eens",TRUE,TRUE,TRUE,TRUE,TRUE,TRUE
523,25,"25 tot 35 jaar",FALSE,TRUE,"Helemaal mee eens",TRUE,"Mee eens",TRUE,TRUE,TRUE,TRUE,TRUE,TRUE
524,75,"75 jaar of ouder",FALSE,FALSE,"Niet mee eens, niet mee oneens",FALSE,"Niet mee eens, niet mee oneens",FALSE,TRUE,TRUE,TRUE,FALSE,FALSE
525,62,"55 tot 65 jaar",TRUE,TRUE,"Mee eens",TRUE,"Mee eens",TRUE,TRUE,TRUE,TRUE,TRUE,TRUE
526,58,"55 tot 65 jaar",FALSE,FALSE,"Helemaal mee eens",TRUE,"Niet mee eens, niet mee oneens",FALSE,TRUE,TRUE,TRUE,TRUE,TRUE
527,44,"35 tot 45 jaar",FALSE,TRUE,"Mee eens",TRUE,"Mee eens",TRUE,TRUE,TRUE,TRUE,TRUE,TRUE
528,82,"75 jaar of ouder",FALSE,TRUE,"Helemaal mee eens",TRUE,"Mee eens",TRUE,TRUE,TRUE,TRUE,TRUE,TRUE
529,76,"75 jaar of ouder",TRUE,TRUE,"Niet mee eens, niet mee oneens",FALSE,"Mee oneens",FALSE,FALSE,FALSE,FALSE,FALSE,FALSE
530,31,"25 tot 35 jaar",FALSE,TRUE,"Helemaal mee eens",TRUE,"Mee eens",TRUE,TRUE,TRUE,FALSE,TRUE,TRUE
531,75,"75 jaar of ouder",FALSE,TRUE,"Helemaal mee eens",TRUE,"Helemaal mee eens",TRUE,TRUE,TRUE,TRUE,TRUE,TRUE
532,39,"35 tot 45 jaar",TRUE,TRUE,"Mee eens",TRUE,"Helemaal mee eens",TRUE,TRUE,FALSE,TRUE,TRUE,TRUE
533,53,"45 tot 55 jaar",FALSE,TRUE,"Mee eens",TRUE,"Mee eens",TRUE,TRUE,TRUE,TRUE,TRUE,TRUE
534,57,"55 tot 65 jaar",FALSE,TRUE,"Helemaal mee eens",TRUE,"Mee eens",TRUE,TRUE,TRUE,TRUE,TRUE,TRUE
535,85,"75 jaar of ouder",TRUE,TRUE,"Mee eens",TRUE,"Mee oneens",FALSE,TRUE,TRUE,FALSE,FALSE,FALSE
536,41,"35 tot 45 jaar",FALSE,TRUE,"Helemaal mee eens",TRUE,"Helemaal mee eens",TRUE,TRUE,TRUE,TRUE,TRUE,TRUE
537,27,"25 tot 35 jaar",TRUE,TRUE,"Mee eens",TRUE,"Mee eens",TRUE,TRUE,TRUE,TRUE,TRUE,TRUE
538,30,"25 tot 35 jaar",FALSE,TRUE,"Mee eens",TRUE,"Niet mee eens, niet mee oneens",FALSE,TRUE,TRUE,FALSE,FALSE,FALSE
539,77,"75 jaar of ouder",FALSE,TRUE,"Mee eens",TRUE,"Mee oneens",FALSE,TRUE,TRUE,FALSE,TRUE,TRUE
540,25,"25 tot 35 jaar",TRUE,TRUE,"Helemaal mee eens",TRUE,"Helemaal mee eens",TRUE,TRUE,TRUE,TRUE,TRUE,TRUE
541,68,"65 tot 75 jaar",TRUE,TRUE,"Helemaal mee eens",TRUE,"Helemaal mee eens",TRUE,TRUE,TRUE,TRUE,TRUE,TRUE
542,57,"55 tot 65 jaar",TRUE,TRUE,"Helemaal mee eens",TRUE,"Helemaal mee eens",TRUE,TRUE,TRUE,TRUE,TRUE,TRUE
543,49,"45 tot 55 jaar",TRUE,TRUE,"Helemaal mee eens",TRUE,"Helemaal mee eens",TRUE,TRUE,TRUE,TRUE,TRUE,TRUE
544,74,"65 tot 75 jaar",TRUE,TRUE,"Mee eens",TRUE,"Mee eens",TRUE,TRUE,FALSE,TRUE,TRUE,FALSE
545,71,"65 tot 75 jaar",TRUE,TRUE,"Mee eens",TRUE,"Mee eens",TRUE,TRUE,TRUE,TRUE,FALSE,TRUE
546,18,"18 tot 25 jaar",FALSE,TRUE,"Helemaal mee eens",TRUE,"Mee eens",TRUE,TRUE,TRUE,TRUE,TRUE,TRUE
547,52,"45 tot 55 jaar",FALSE,TRUE,"Mee eens",TRUE,"Niet mee eens, niet mee oneens",FALSE,TRUE,TRUE,TRUE,TRUE,FALSE
548,48,"45 tot 55 jaar",FALSE,TRUE,"Mee eens",TRUE,"Mee eens",TRUE,TRUE,TRUE,TRUE,TRUE,TRUE
549,38,"35 tot 45 jaar",TRUE,TRUE,"Mee eens",TRUE,"Mee eens",TRUE,TRUE,TRUE,TRUE,FALSE,FALSE
550,19,"18 tot 25 jaar",TRUE,TRUE,"Mee eens",TRUE,"Niet mee eens, niet mee oneens",FALSE,TRUE,TRUE,FALSE,FALSE,FALSE
551,26,"25 tot 35 jaar",FALSE,TRUE,"Helemaal mee eens",TRUE,"Helemaal mee eens",TRUE,TRUE,TRUE,TRUE,TRUE,TRUE
552,35,"35 tot 45 jaar",FALSE,TRUE,"Mee eens",TRUE,"Niet mee eens, niet mee oneens",FALSE,TRUE,TRUE,TRUE,TRUE,TRUE
553,45,"45 tot 55 jaar",FALSE,TRUE,"Mee eens",TRUE,"Mee eens",TRUE,TRUE,TRUE,TRUE,TRUE,TRUE
554,22,"18 tot 25 jaar",TRUE,TRUE,"Mee eens",TRUE,"Mee eens",TRUE,TRUE,FALSE,TRUE,TRUE,FALSE
555,52,"45 tot 55 jaar",TRUE,TRUE,"Helemaal mee eens",TRUE,"Mee eens",TRUE,TRUE,FALSE,TRUE,TRUE,TRUE
556,42,"35 tot 45 jaar",TRUE,TRUE,"Helemaal mee eens",TRUE,"Mee eens",TRUE,TRUE,TRUE,TRUE,TRUE,TRUE
557,49,"45 tot 55 jaar",TRUE,TRUE,"Mee eens",TRUE,"Helemaal mee eens",TRUE,TRUE,TRUE,TRUE,TRUE,TRUE
558,19,"18 tot 25 jaar",FALSE,TRUE,"Helemaal mee eens",TRUE,"Niet mee eens, niet mee oneens",FALSE,TRUE,TRUE,TRUE,TRUE,TRUE
559,21,"18 tot 25 jaar",FALSE,TRUE,"Mee eens",TRUE,"Mee eens",TRUE,TRUE,TRUE,TRUE,TRUE,TRUE
560,51,"45 tot 55 jaar",TRUE,TRUE,"Helemaal mee eens",TRUE,"Mee eens",TRUE,TRUE,TRUE,TRUE,TRUE,TRUE
561,51,"45 tot 55 jaar",FALSE,TRUE,"Mee eens",TRUE,"Mee eens",TRUE,TRUE,TRUE,TRUE,TRUE,TRUE
562,78,"75 jaar of ouder",FALSE,TRUE,"Mee eens",TRUE,"Mee eens",TRUE,TRUE,TRUE,TRUE,TRUE,TRUE
563,24,"18 tot 25 jaar",FALSE,TRUE,"Mee eens",TRUE,"Mee eens",TRUE,TRUE,TRUE,TRUE,TRUE,TRUE
564,59,"55 tot 65 jaar",TRUE,TRUE,"Mee eens",TRUE,"Niet mee eens, niet mee oneens",FALSE,TRUE,TRUE,FALSE,TRUE,FALSE
565,68,"65 tot 75 jaar",TRUE,TRUE,"Mee eens",TRUE,"Mee eens",TRUE,TRUE,TRUE,FALSE,TRUE,TRUE
566,49,"45 tot 55 jaar",TRUE,TRUE,"Helemaal mee eens",TRUE,"Niet mee eens, niet mee oneens",FALSE,TRUE,TRUE,TRUE,TRUE,FALSE
567,30,"25 tot 35 jaar",TRUE,TRUE,"Helemaal mee eens",TRUE,"Mee eens",TRUE,TRUE,TRUE,TRUE,TRUE,TRUE
568,50,"45 tot 55 jaar",TRUE,TRUE,"Helemaal mee oneens",FALSE,"Helemaal mee oneens",FALSE,FALSE,FALSE,FALSE,FALSE,FALSE
569,55,"55 tot 65 jaar",FALSE,TRUE,"Helemaal mee eens",TRUE,"Niet mee eens, niet mee oneens",FALSE,TRUE,FALSE,TRUE,TRUE,FALSE
570,19,"18 tot 25 jaar",TRUE,TRUE,"Mee eens",TRUE,"Mee eens",TRUE,TRUE,TRUE,TRUE,TRUE,FALSE
571,35,"35 tot 45 jaar",TRUE,TRUE,"Helemaal mee eens",TRUE,"Helemaal mee eens",TRUE,TRUE,TRUE,TRUE,TRUE,TRUE
572,25,"25 tot 35 jaar",TRUE,TRUE,"Helemaal mee eens",TRUE,"Mee eens",TRUE,TRUE,TRUE,TRUE,TRUE,FALSE
573,22,"18 tot 25 jaar",TRUE,TRUE,"Helemaal mee eens",TRUE,"Mee eens",TRUE,TRUE,TRUE,TRUE,TRUE,TRUE
574,59,"55 tot 65 jaar",TRUE,TRUE,"Mee eens",TRUE,"Niet mee eens, niet mee oneens",FALSE,FALSE,FALSE,FALSE,FALSE,FALSE
575,25,"25 tot 35 jaar",TRUE,TRUE,"Mee eens",TRUE,"Mee eens",TRUE,TRUE,TRUE,TRUE,TRUE,TRUE
576,84,"75 jaar of ouder",TRUE,TRUE,"Mee eens",TRUE,"Mee eens",TRUE,TRUE,FALSE,TRUE,TRUE,TRUE
577,52,"45 tot 55 jaar",TRUE,TRUE,"Helemaal mee eens",TRUE,"Mee eens",TRUE,TRUE,TRUE,FALSE,TRUE,FALSE
578,44,"35 tot 45 jaar",TRUE,TRUE,"Mee eens",TRUE,"Niet mee eens, niet mee oneens",FALSE,TRUE,TRUE,FALSE,FALSE,TRUE
579,39,"35 tot 45 jaar",FALSE,TRUE,"Niet mee eens, niet mee oneens",FALSE,"Niet mee eens, niet mee oneens",FALSE,FALSE,TRUE,FALSE,TRUE,TRUE
580,64,"55 tot 65 jaar",TRUE,TRUE,"Mee eens",TRUE,"Mee eens",TRUE,TRUE,FALSE,TRUE,FALSE,TRUE
581,85,"75 jaar of ouder",FALSE,TRUE,"Niet mee eens, niet mee oneens",FALSE,"Mee oneens",FALSE,TRUE,FALSE,FALSE,FALSE,FALSE
582,62,"55 tot 65 jaar",FALSE,TRUE,"Mee eens",TRUE,"Mee eens",TRUE,TRUE,TRUE,TRUE,TRUE,TRUE
583,31,"25 tot 35 jaar",FALSE,TRUE,"Mee eens",TRUE,"Niet mee eens, niet mee oneens",FALSE,TRUE,TRUE,TRUE,TRUE,TRUE
584,33,"25 tot 35 jaar",FALSE,TRUE,"Helemaal mee oneens",FALSE,"Mee oneens",FALSE,FALSE,TRUE,FALSE,FALSE,FALSE
585,20,"18 tot 25 jaar",FALSE,TRUE,"Mee eens",TRUE,"Niet mee eens, niet mee oneens",FALSE,TRUE,TRUE,TRUE,FALSE,TRUE
586,42,"35 tot 45 jaar",TRUE,TRUE,"Mee eens",TRUE,"Mee eens",TRUE,TRUE,TRUE,TRUE,TRUE,TRUE
587,28,"25 tot 35 jaar",FALSE,TRUE,"Mee eens",TRUE,"Mee eens",TRUE,TRUE,TRUE,TRUE,TRUE,FALSE
588,50,"45 tot 55 jaar",FALSE,TRUE,"Helemaal mee eens",TRUE,"Niet mee eens, niet mee oneens",FALSE,TRUE,TRUE,TRUE,TRUE,FALSE
589,18,"18 tot 25 jaar",TRUE,TRUE,"Mee eens",TRUE,"Mee eens",TRUE,TRUE,TRUE,TRUE,TRUE,TRUE
590,74,"65 tot 75 jaar",FALSE,TRUE,"Niet mee eens, niet mee oneens",FALSE,"Mee eens",TRUE,TRUE,TRUE,TRUE,TRUE,TRUE
591,60,"55 tot 65 jaar",FALSE,TRUE,"Helemaal mee eens",TRUE,"Niet mee eens, niet mee oneens",FALSE,TRUE,FALSE,TRUE,TRUE,TRUE
592,40,"35 tot 45 jaar",FALSE,TRUE,"Helemaal mee eens",TRUE,"Mee eens",TRUE,TRUE,TRUE,TRUE,TRUE,TRUE
593,31,"25 tot 35 jaar",TRUE,TRUE,"Helemaal mee eens",TRUE,"Mee eens",TRUE,TRUE,TRUE,TRUE,TRUE,TRUE
594,71,"65 tot 75 jaar",TRUE,TRUE,"Helemaal mee eens",TRUE,"Helemaal mee eens",TRUE,TRUE,TRUE,TRUE,TRUE,TRUE
595,54,"45 tot 55 jaar",TRUE,TRUE,"Helemaal mee eens",TRUE,"Helemaal mee eens",TRUE,TRUE,TRUE,TRUE,TRUE,TRUE
596,44,"35 tot 45 jaar",FALSE,TRUE,"Niet mee eens, niet mee oneens",FALSE,"Mee eens",TRUE,TRUE,TRUE,TRUE,TRUE,FALSE
597,37,"35 tot 45 jaar",FALSE,TRUE,"Mee eens",TRUE,"Niet mee eens, niet mee oneens",FALSE,FALSE,FALSE,FALSE,FALSE,FALSE
598,80,"75 jaar of ouder",FALSE,TRUE,"Mee eens",TRUE,"Niet mee eens, niet mee oneens",FALSE,TRUE,TRUE,TRUE,TRUE,TRUE
599,36,"35 tot 45 jaar",TRUE,TRUE,"Helemaal mee eens",TRUE,"Mee eens",TRUE,TRUE,FALSE,TRUE,TRUE,FALSE
600,18,"18 tot 25 jaar",FALSE,TRUE,"Mee eens",TRUE,"Mee oneens",FALSE,TRUE,TRUE,FALSE,FALSE,FALSE
601,20,"18 tot 25 jaar",FALSE,TRUE,"Helemaal mee eens",TRUE,"Niet mee eens, niet mee oneens",FALSE,TRUE,TRUE,TRUE,TRUE,FALSE
602,53,"45 tot 55 jaar",FALSE,TRUE,"Mee eens",TRUE,"Helemaal mee eens",TRUE,TRUE,TRUE,TRUE,TRUE,TRUE
603,62,"55 tot 65 jaar",TRUE,TRUE,"Helemaal mee eens",TRUE,"Helemaal mee eens",TRUE,TRUE,TRUE,TRUE,TRUE,TRUE
604,37,"35 tot 45 jaar",FALSE,TRUE,"Mee oneens",FALSE,"Niet mee eens, niet mee oneens",FALSE,TRUE,TRUE,TRUE,FALSE,FALSE
605,25,"25 tot 35 jaar",FALSE,TRUE,"Mee eens",TRUE,"Niet mee eens, niet mee oneens",FALSE,TRUE,TRUE,TRUE,FALSE,TRUE
606,60,"55 tot 65 jaar",TRUE,TRUE,"Helemaal mee eens",TRUE,"Mee eens",TRUE,TRUE,TRUE,TRUE,TRUE,TRUE
607,28,"25 tot 35 jaar",FALSE,TRUE,"Helemaal mee eens",TRUE,"Mee eens",TRUE,TRUE,TRUE,TRUE,TRUE,TRUE
608,33,"25 tot 35 jaar",TRUE,TRUE,"Helemaal mee eens",TRUE,"Mee eens",TRUE,TRUE,TRUE,TRUE,TRUE,TRUE
609,71,"65 tot 75 jaar",TRUE,TRUE,"Mee eens",TRUE,"Mee eens",TRUE,TRUE,TRUE,TRUE,TRUE,TRUE
610,38,"35 tot 45 jaar",FALSE,TRUE,"Mee eens",TRUE,"Mee oneens",FALSE,FALSE,TRUE,FALSE,FALSE,FALSE
611,24,"18 tot 25 jaar",TRUE,TRUE,"Niet mee eens, niet mee oneens",FALSE,"Mee oneens",FALSE,TRUE,FALSE,FALSE,FALSE,FALSE
612,39,"35 tot 45 jaar",TRUE,TRUE,"Mee eens",TRUE,"Mee eens",TRUE,FALSE,TRUE,TRUE,TRUE,TRUE
613,32,"25 tot 35 jaar",TRUE,TRUE,"Mee eens",TRUE,"Niet mee eens, niet mee oneens",FALSE,TRUE,TRUE,TRUE,TRUE,FALSE
614,68,"65 tot 75 jaar",FALSE,TRUE,"Helemaal mee eens",TRUE,"Mee eens",TRUE,TRUE,TRUE,TRUE,TRUE,TRUE
615,85,"75 jaar of ouder",FALSE,TRUE,"Mee eens",TRUE,"Niet mee eens, niet mee oneens",FALSE,TRUE,TRUE,FALSE,TRUE,TRUE
616,71,"65 tot 75 jaar",TRUE,FALSE,"Helemaal mee eens",TRUE,"Niet mee eens, niet mee oneens",FALSE,TRUE,TRUE,TRUE,TRUE,TRUE
617,89,"75 jaar of ouder",FALSE,TRUE,"Helemaal mee oneens",FALSE,"Niet mee eens, niet mee oneens",FALSE,TRUE,FALSE,FALSE,FALSE,FALSE
618,59,"55 tot 65 jaar",TRUE,TRUE,"Helemaal mee eens",TRUE,"Mee eens",TRUE,TRUE,TRUE,TRUE,TRUE,TRUE
619,18,"18 tot 25 jaar",FALSE,TRUE,"Niet mee eens, niet mee oneens",FALSE,"Niet mee eens, niet mee oneens",FALSE,TRUE,TRUE,FALSE,FALSE,FALSE
620,39,"35 tot 45 jaar",TRUE,TRUE,"Helemaal mee eens",TRUE,"Mee eens",TRUE,TRUE,TRUE,TRUE,TRUE,TRUE
621,73,"65 tot 75 jaar",TRUE,TRUE,"Mee oneens",FALSE,"Mee eens",TRUE,TRUE,TRUE,FALSE,TRUE,FALSE
622,38,"35 tot 45 jaar",FALSE,TRUE,"Niet mee eens, niet mee oneens",FALSE,"Niet mee eens, niet mee oneens",FALSE,TRUE,TRUE,TRUE,FALSE,FALSE
623,68,"65 tot 75 jaar",FALSE,TRUE,"Helemaal mee eens",TRUE,"Mee eens",TRUE,TRUE,TRUE,TRUE,TRUE,FALSE
624,67,"65 tot 75 jaar",FALSE,TRUE,"Helemaal mee eens",TRUE,"Mee eens",TRUE,TRUE,TRUE,TRUE,TRUE,TRUE
625,48,"45 tot 55 jaar",FALSE,TRUE,"Helemaal mee eens",TRUE,"Helemaal mee eens",TRUE,TRUE,TRUE,TRUE,TRUE,TRUE
626,24,"18 tot 25 jaar",FALSE,TRUE,"Helemaal mee eens",TRUE,"Helemaal mee eens",TRUE,TRUE,TRUE,TRUE,TRUE,TRUE
627,79,"75 jaar of ouder",TRUE,TRUE,"Mee eens",TRUE,"Mee oneens",FALSE,TRUE,FALSE,TRUE,FALSE,FALSE
628,74,"65 tot 75 jaar",TRUE,TRUE,"Mee eens",TRUE,"Mee eens",TRUE,FALSE,TRUE,TRUE,FALSE,FALSE
629,22,"18 tot 25 jaar",FALSE,TRUE,"Helemaal mee eens",TRUE,"Mee eens",TRUE,TRUE,TRUE,TRUE,TRUE,TRUE
630,22,"18 tot 25 jaar",FALSE,TRUE,"Mee eens",TRUE,"Niet mee eens, niet mee oneens",FALSE,TRUE,TRUE,TRUE,TRUE,TRUE
631,31,"25 tot 35 jaar",FALSE,TRUE,"Mee eens",TRUE,"Niet mee eens, niet mee oneens",FALSE,TRUE,TRUE,TRUE,FALSE,TRUE
632,26,"25 tot 35 jaar",TRUE,TRUE,"Helemaal mee eens",TRUE,"Mee oneens",FALSE,TRUE,TRUE,TRUE,TRUE,TRUE
633,82,"75 jaar of ouder",TRUE,TRUE,"Helemaal mee eens",TRUE,"Mee eens",TRUE,TRUE,TRUE,TRUE,TRUE,TRUE
634,64,"55 tot 65 jaar",TRUE,TRUE,"Mee eens",TRUE,"Niet mee eens, niet mee oneens",FALSE,FALSE,TRUE,TRUE,FALSE,TRUE
635,36,"35 tot 45 jaar",TRUE,TRUE,"Mee eens",TRUE,"Mee eens",TRUE,FALSE,TRUE,TRUE,TRUE,FALSE
636,41,"35 tot 45 jaar",FALSE,TRUE,"Helemaal mee eens",TRUE,"Mee eens",TRUE,TRUE,TRUE,TRUE,TRUE,TRUE
637,53,"45 tot 55 jaar",TRUE,TRUE,"Niet mee eens, niet mee oneens",FALSE,"Mee oneens",FALSE,TRUE,FALSE,FALSE,FALSE,FALSE
638,72,"65 tot 75 jaar",FALSE,TRUE,"Helemaal mee eens",TRUE,"Mee eens",TRUE,TRUE,TRUE,TRUE,TRUE,FALSE
639,26,"25 tot 35 jaar",FALSE,TRUE,"Helemaal mee eens",TRUE,"Mee eens",TRUE,TRUE,TRUE,TRUE,FALSE,TRUE
640,33,"25 tot 35 jaar",FALSE,TRUE,"Helemaal mee eens",TRUE,"Mee eens",TRUE,TRUE,TRUE,TRUE,TRUE,TRUE
641,36,"35 tot 45 jaar",TRUE,TRUE,"Helemaal mee eens",TRUE,"Helemaal mee eens",TRUE,TRUE,TRUE,TRUE,TRUE,TRUE
642,28,"25 tot 35 jaar",TRUE,TRUE,"Mee eens",TRUE,"Mee eens",TRUE,TRUE,TRUE,TRUE,TRUE,TRUE
643,27,"25 tot 35 jaar",TRUE,TRUE,"Mee eens",TRUE,"Mee eens",TRUE,TRUE,FALSE,TRUE,TRUE,TRUE
644,67,"65 tot 75 jaar",FALSE,TRUE,"Helemaal mee eens",TRUE,"Helemaal mee eens",TRUE,TRUE,TRUE,TRUE,TRUE,TRUE
645,35,"35 tot 45 jaar",TRUE,TRUE,"Helemaal mee eens",TRUE,"Mee eens",TRUE,TRUE,TRUE,TRUE,TRUE,TRUE
646,28,"25 tot 35 jaar",FALSE,TRUE,"Helemaal mee eens",TRUE,"Mee eens",TRUE,TRUE,TRUE,TRUE,TRUE,TRUE
647,24,"18 tot 25 jaar",FALSE,TRUE,"Mee eens",TRUE,"Mee eens",TRUE,TRUE,TRUE,TRUE,TRUE,TRUE
648,27,"25 tot 35 jaar",FALSE,TRUE,"Mee eens",TRUE,"Helemaal mee eens",TRUE,TRUE,TRUE,TRUE,TRUE,TRUE
649,70,"65 tot 75 jaar",TRUE,FALSE,"Helemaal mee eens",TRUE,"Mee eens",TRUE,TRUE,TRUE,TRUE,TRUE,TRUE
650,68,"65 tot 75 jaar",TRUE,FALSE,"Helemaal mee eens",TRUE,"Helemaal mee eens",TRUE,TRUE,TRUE,TRUE,TRUE,TRUE
651,29,"25 tot 35 jaar",FALSE,TRUE,"Niet mee eens, niet mee oneens",FALSE,"Mee eens",TRUE,TRUE,TRUE,FALSE,TRUE,FALSE
652,22,"18 tot 25 jaar",FALSE,TRUE,"Mee eens",TRUE,"Mee eens",TRUE,TRUE,TRUE,TRUE,TRUE,TRUE
653,68,"65 tot 75 jaar",TRUE,TRUE,"Helemaal mee eens",TRUE,"Mee eens",TRUE,FALSE,TRUE,FALSE,TRUE,TRUE
654,34,"25 tot 35 jaar",TRUE,TRUE,"Mee eens",TRUE,"Niet mee eens, niet mee oneens",FALSE,TRUE,TRUE,TRUE,TRUE,TRUE
655,59,"55 tot 65 jaar",FALSE,TRUE,"Helemaal mee eens",TRUE,"Niet mee eens, niet mee oneens",FALSE,TRUE,TRUE,TRUE,TRUE,FALSE
656,34,"25 tot 35 jaar",FALSE,TRUE,"Niet mee eens, niet mee oneens",FALSE,"Helemaal mee oneens",FALSE,TRUE,FALSE,FALSE,FALSE,FALSE
657,43,"35 tot 45 jaar",TRUE,TRUE,"Mee eens",TRUE,"Mee eens",TRUE,TRUE,TRUE,TRUE,TRUE,TRUE
658,53,"45 tot 55 jaar",TRUE,TRUE,"Helemaal mee eens",TRUE,"Helemaal mee eens",TRUE,TRUE,TRUE,TRUE,TRUE,TRUE
659,70,"65 tot 75 jaar",TRUE,TRUE,"Helemaal mee eens",TRUE,"Helemaal mee eens",TRUE,TRUE,TRUE,TRUE,TRUE,TRUE
660,66,"65 tot 75 jaar",FALSE,TRUE,"Mee eens",TRUE,"Niet mee eens, niet mee oneens",FALSE,TRUE,TRUE,FALSE,FALSE,FALSE
661,28,"25 tot 35 jaar",TRUE,TRUE,"Helemaal mee eens",TRUE,"Mee eens",TRUE,TRUE,TRUE,TRUE,TRUE,TRUE
662,27,"25 tot 35 jaar",FALSE,TRUE,"Mee eens",TRUE,"Niet mee eens, niet mee oneens",FALSE,FALSE,FALSE,TRUE,TRUE,TRUE
663,18,"18 tot 25 jaar",FALSE,FALSE,"Niet mee eens, niet mee oneens",FALSE,"Niet mee eens, niet mee oneens",FALSE,TRUE,TRUE,FALSE,FALSE,FALSE
664,47,"45 tot 55 jaar",TRUE,TRUE,"Mee eens",TRUE,"Mee eens",TRUE,FALSE,TRUE,FALSE,TRUE,TRUE
665,71,"65 tot 75 jaar",FALSE,TRUE,"Niet mee eens, niet mee oneens",FALSE,"Mee eens",TRUE,TRUE,TRUE,FALSE,TRUE,FALSE
666,31,"25 tot 35 jaar",TRUE,TRUE,"Mee eens",TRUE,"Mee eens",TRUE,TRUE,TRUE,TRUE,TRUE,TRUE
667,44,"35 tot 45 jaar",FALSE,TRUE,"Mee eens",TRUE,"Mee eens",TRUE,TRUE,FALSE,FALSE,FALSE,TRUE
668,78,"75 jaar of ouder",FALSE,TRUE,"Mee eens",TRUE,"Niet mee eens, niet mee oneens",FALSE,TRUE,FALSE,TRUE,TRUE,FALSE
669,26,"25 tot 35 jaar",FALSE,FALSE,"Mee eens",TRUE,"Niet mee eens, niet mee oneens",FALSE,TRUE,TRUE,TRUE,TRUE,TRUE
670,55,"55 tot 65 jaar",TRUE,TRUE,"Mee eens",TRUE,"Mee eens",TRUE,TRUE,TRUE,TRUE,TRUE,FALSE
671,45,"45 tot 55 jaar",TRUE,TRUE,"Mee eens",TRUE,"Mee eens",TRUE,TRUE,FALSE,TRUE,TRUE,TRUE
672,69,"65 tot 75 jaar",TRUE,TRUE,"Mee eens",TRUE,"Mee eens",TRUE,TRUE,FALSE,FALSE,FALSE,TRUE
673,26,"25 tot 35 jaar",FALSE,TRUE,"Mee eens",TRUE,"Mee eens",TRUE,TRUE,FALSE,TRUE,TRUE,TRUE
674,62,"55 tot 65 jaar",TRUE,TRUE,"Mee eens",TRUE,"Mee eens",TRUE,FALSE,TRUE,TRUE,TRUE,TRUE
675,34,"25 tot 35 jaar",TRUE,TRUE,"Helemaal mee eens",TRUE,"Mee eens",TRUE,TRUE,TRUE,TRUE,TRUE,TRUE
676,54,"45 tot 55 jaar",FALSE,TRUE,"Mee eens",TRUE,"Niet mee eens, niet mee oneens",FALSE,TRUE,FALSE,FALSE,FALSE,TRUE
677,36,"35 tot 45 jaar",FALSE,TRUE,"Mee eens",TRUE,"Mee eens",TRUE,TRUE,TRUE,TRUE,TRUE,TRUE
678,63,"55 tot 65 jaar",TRUE,TRUE,"Helemaal mee eens",TRUE,"Helemaal mee eens",TRUE,TRUE,TRUE,TRUE,TRUE,TRUE
679,51,"45 tot 55 jaar",FALSE,TRUE,"Mee eens",TRUE,"Mee eens",TRUE,TRUE,TRUE,TRUE,TRUE,TRUE
680,47,"45 tot 55 jaar",TRUE,TRUE,"Mee eens",TRUE,"Mee eens",TRUE,TRUE,FALSE,TRUE,FALSE,FALSE
681,90,"75 jaar of ouder",FALSE,TRUE,"Helemaal mee eens",TRUE,"Mee eens",TRUE,TRUE,TRUE,TRUE,TRUE,FALSE
682,44,"35 tot 45 jaar",TRUE,TRUE,"Mee eens",TRUE,"Mee eens",TRUE,TRUE,FALSE,TRUE,TRUE,TRUE
683,25,"25 tot 35 jaar",FALSE,TRUE,"Helemaal mee eens",TRUE,"Mee eens",TRUE,TRUE,TRUE,TRUE,TRUE,TRUE
684,22,"18 tot 25 jaar",TRUE,TRUE,"Helemaal mee eens",TRUE,"Helemaal mee eens",TRUE,TRUE,TRUE,TRUE,TRUE,TRUE
685,48,"45 tot 55 jaar",TRUE,TRUE,"Helemaal mee eens",TRUE,"Mee eens",TRUE,TRUE,TRUE,TRUE,TRUE,TRUE
686,25,"25 tot 35 jaar",TRUE,TRUE,"Mee eens",TRUE,"Mee eens",TRUE,TRUE,FALSE,TRUE,TRUE,TRUE
687,41,"35 tot 45 jaar",TRUE,TRUE,"Mee eens",TRUE,"Mee oneens",FALSE,TRUE,FALSE,TRUE,FALSE,FALSE
688,87,"75 jaar of ouder",FALSE,TRUE,"Helemaal mee eens",TRUE,"Mee eens",TRUE,TRUE,TRUE,TRUE,TRUE,TRUE
689,63,"55 tot 65 jaar",TRUE,TRUE,"Helemaal mee oneens",FALSE,"Mee oneens",FALSE,TRUE,FALSE,FALSE,FALSE,FALSE
690,48,"45 tot 55 jaar",TRUE,TRUE,"Mee eens",TRUE,"Mee eens",TRUE,FALSE,FALSE,FALSE,FALSE,FALSE
691,27,"25 tot 35 jaar",FALSE,TRUE,"Mee eens",TRUE,"Niet mee eens, niet mee oneens",FALSE,TRUE,TRUE,TRUE,FALSE,TRUE
692,73,"65 tot 75 jaar",FALSE,TRUE,"Mee eens",TRUE,"Niet mee eens, niet mee oneens",FALSE,TRUE,TRUE,TRUE,FALSE,TRUE
693,53,"45 tot 55 jaar",FALSE,TRUE,"Niet mee eens, niet mee oneens",FALSE,"Mee eens",TRUE,TRUE,TRUE,TRUE,FALSE,TRUE
694,22,"18 tot 25 jaar",TRUE,FALSE,"Helemaal mee eens",TRUE,"Helemaal mee eens",TRUE,TRUE,TRUE,TRUE,TRUE,TRUE
695,40,"35 tot 45 jaar",FALSE,TRUE,"Helemaal mee eens",TRUE,"Helemaal mee eens",TRUE,TRUE,TRUE,TRUE,TRUE,TRUE
696,53,"45 tot 55 jaar",FALSE,TRUE,"Niet mee eens, niet mee oneens",FALSE,"Mee eens",TRUE,FALSE,TRUE,FALSE,FALSE,FALSE
697,56,"55 tot 65 jaar",TRUE,TRUE,"Mee eens",TRUE,"Mee eens",TRUE,FALSE,TRUE,TRUE,TRUE,TRUE
698,78,"75 jaar of ouder",TRUE,TRUE,"Helemaal mee eens",TRUE,"Mee eens",TRUE,TRUE,TRUE,TRUE,TRUE,TRUE
699,21,"18 tot 25 jaar",TRUE,TRUE,"Mee eens",TRUE,"Mee eens",TRUE,TRUE,TRUE,TRUE,TRUE,TRUE
700,53,"45 tot 55 jaar",TRUE,TRUE,"Mee eens",TRUE,"Helemaal mee eens",TRUE,TRUE,TRUE,TRUE,TRUE,TRUE
701,60,"55 tot 65 jaar",FALSE,TRUE,"Helemaal mee eens",TRUE,"Helemaal mee eens",TRUE,TRUE,TRUE,TRUE,TRUE,TRUE
702,57,"55 tot 65 jaar",FALSE,TRUE,"Mee eens",TRUE,"Niet mee eens, niet mee oneens",FALSE,FALSE,TRUE,FALSE,TRUE,TRUE
703,43,"35 tot 45 jaar",FALSE,TRUE,"Helemaal mee eens",TRUE,"Niet mee eens, niet mee oneens",FALSE,TRUE,TRUE,TRUE,TRUE,TRUE
704,52,"45 tot 55 jaar",TRUE,TRUE,"Niet mee eens, niet mee oneens",FALSE,"Helemaal mee oneens",FALSE,FALSE,TRUE,FALSE,FALSE,FALSE
705,44,"35 tot 45 jaar",FALSE,TRUE,"Mee eens",TRUE,"Niet mee eens, niet mee oneens",FALSE,TRUE,TRUE,FALSE,TRUE,TRUE
706,40,"35 tot 45 jaar",FALSE,FALSE,"Mee eens",TRUE,"Niet mee eens, niet mee oneens",FALSE,TRUE,FALSE,TRUE,FALSE,FALSE
707,50,"45 tot 55 jaar",TRUE,TRUE,"Mee eens",TRUE,"Mee eens",TRUE,TRUE,TRUE,TRUE,TRUE,TRUE
708,46,"45 tot 55 jaar",TRUE,FALSE,"Helemaal mee eens",TRUE,"Mee eens",TRUE,TRUE,TRUE,TRUE,TRUE,TRUE
709,51,"45 tot 55 jaar",FALSE,TRUE,"Mee eens",TRUE,"Mee eens",TRUE,TRUE,FALSE,FALSE,TRUE,TRUE
710,37,"35 tot 45 jaar",FALSE,TRUE,"Helemaal mee eens",TRUE,"Mee eens",TRUE,TRUE,TRUE,TRUE,TRUE,TRUE
711,80,"75 jaar of ouder",TRUE,TRUE,"Helemaal mee eens",TRUE,"Mee eens",TRUE,TRUE,TRUE,TRUE,TRUE,TRUE
712,67,"65 tot 75 jaar",TRUE,TRUE,"Mee eens",TRUE,"Mee eens",TRUE,TRUE,TRUE,TRUE,TRUE,TRUE
713,46,"45 tot 55 jaar",FALSE,FALSE,"Mee eens",TRUE,"Helemaal mee eens",TRUE,TRUE,TRUE,TRUE,TRUE,TRUE
714,27,"25 tot 35 jaar",TRUE,TRUE,"Helemaal mee eens",TRUE,"Helemaal mee eens",TRUE,TRUE,TRUE,TRUE,TRUE,TRUE
715,26,"25 tot 35 jaar",FALSE,TRUE,"Helemaal mee eens",TRUE,"Helemaal mee eens",TRUE,TRUE,TRUE,TRUE,TRUE,TRUE
716,33,"25 tot 35 jaar",TRUE,TRUE,"Niet mee eens, niet mee oneens",FALSE,"Mee eens",TRUE,TRUE,TRUE,FALSE,TRUE,TRUE
717,79,"75 jaar of ouder",FALSE,TRUE,"Niet mee eens, niet mee oneens",FALSE,"Niet mee eens, niet mee oneens",FALSE,TRUE,TRUE,FALSE,FALSE,FALSE
718,60,"55 tot 65 jaar",FALSE,TRUE,"Mee eens",TRUE,"Mee eens",TRUE,TRUE,TRUE,TRUE,TRUE,FALSE
719,40,"35 tot 45 jaar",FALSE,TRUE,"Mee eens",TRUE,"Helemaal mee eens",TRUE,TRUE,TRUE,TRUE,TRUE,TRUE
720,41,"35 tot 45 jaar",TRUE,TRUE,"Helemaal mee eens",TRUE,"Helemaal mee eens",TRUE,TRUE,TRUE,TRUE,TRUE,TRUE
721,54,"45 tot 55 jaar",TRUE,TRUE,"Mee eens",TRUE,"Helemaal mee eens",TRUE,TRUE,TRUE,TRUE,TRUE,TRUE
722,24,"18 tot 25 jaar",FALSE,TRUE,"Helemaal mee eens",TRUE,"Helemaal mee eens",TRUE,TRUE,TRUE,TRUE,TRUE,FALSE
723,19,"18 tot 25 jaar",TRUE,TRUE,"Mee eens",TRUE,"Mee eens",TRUE,TRUE,FALSE,TRUE,TRUE,FALSE
724,54,"45 tot 55 jaar",TRUE,TRUE,"Helemaal mee eens",TRUE,"Mee eens",TRUE,TRUE,TRUE,TRUE,TRUE,TRUE
725,26,"25 tot 35 jaar",FALSE,TRUE,"Helemaal mee eens",TRUE,"Mee eens",TRUE,TRUE,FALSE,TRUE,TRUE,TRUE
726,19,"18 tot 25 jaar",TRUE,TRUE,"Helemaal mee eens",TRUE,"Helemaal mee eens",TRUE,TRUE,TRUE,TRUE,TRUE,TRUE
727,42,"35 tot 45 jaar",FALSE,TRUE,"Helemaal mee eens",TRUE,"Helemaal mee eens",TRUE,TRUE,TRUE,TRUE,TRUE,FALSE
728,56,"55 tot 65 jaar",TRUE,TRUE,"Mee eens",TRUE,"Mee oneens",FALSE,TRUE,TRUE,TRUE,FALSE,FALSE
729,58,"55 tot 65 jaar",TRUE,TRUE,"Helemaal mee eens",TRUE,"Helemaal mee eens",TRUE,TRUE,TRUE,TRUE,TRUE,TRUE
730,46,"45 tot 55 jaar",TRUE,TRUE,"Mee eens",TRUE,"Mee eens",TRUE,TRUE,TRUE,TRUE,TRUE,TRUE
731,40,"35 tot 45 jaar",TRUE,TRUE,"Mee eens",TRUE,"Niet mee eens, niet mee oneens",FALSE,TRUE,TRUE,FALSE,FALSE,FALSE
732,47,"45 tot 55 jaar",FALSE,TRUE,"Helemaal mee eens",TRUE,"Mee eens",TRUE,TRUE,TRUE,TRUE,TRUE,TRUE
733,58,"55 tot 65 jaar",TRUE,TRUE,"Mee eens",TRUE,"Mee eens",TRUE,TRUE,TRUE,TRUE,TRUE,FALSE
734,59,"55 tot 65 jaar",TRUE,TRUE,"Helemaal mee eens",TRUE,"Mee eens",TRUE,TRUE,FALSE,FALSE,TRUE,TRUE
735,53,"45 tot 55 jaar",FALSE,TRUE,"Helemaal mee eens",TRUE,"Helemaal mee eens",TRUE,TRUE,TRUE,TRUE,TRUE,TRUE
736,60,"55 tot 65 jaar",TRUE,TRUE,"Helemaal mee eens",TRUE,"Mee eens",TRUE,TRUE,TRUE,TRUE,TRUE,TRUE
737,28,"25 tot 35 jaar",TRUE,TRUE,"Mee eens",TRUE,"Niet mee eens, niet mee oneens",FALSE,TRUE,FALSE,TRUE,FALSE,TRUE
738,19,"18 tot 25 jaar",TRUE,TRUE,"Mee eens",TRUE,"Mee eens",TRUE,TRUE,TRUE,TRUE,TRUE,TRUE
739,79,"75 jaar of ouder",TRUE,TRUE,"Mee eens",TRUE,"Niet mee eens, niet mee oneens",FALSE,TRUE,TRUE,FALSE,TRUE,TRUE
740,25,"25 tot 35 jaar",FALSE,TRUE,"Helemaal mee eens",TRUE,"Mee eens",TRUE,FALSE,TRUE,TRUE,TRUE,TRUE
741,42,"35 tot 45 jaar",TRUE,TRUE,"Helemaal mee eens",TRUE,"Mee eens",TRUE,TRUE,TRUE,TRUE,TRUE,TRUE
742,20,"18 tot 25 jaar",FALSE,TRUE,"Mee eens",TRUE,"Mee eens",TRUE,TRUE,TRUE,TRUE,TRUE,FALSE
743,27,"25 tot 35 jaar",FALSE,TRUE,"Helemaal mee oneens",FALSE,"Helemaal mee oneens",FALSE,TRUE,TRUE,FALSE,FALSE,FALSE
744,80,"75 jaar of ouder",TRUE,TRUE,"Helemaal mee eens",TRUE,"Mee eens",TRUE,TRUE,FALSE,FALSE,TRUE,TRUE
745,61,"55 tot 65 jaar",FALSE,TRUE,"Mee eens",TRUE,"Niet mee eens, niet mee oneens",FALSE,TRUE,TRUE,TRUE,TRUE,TRUE
746,37,"35 tot 45 jaar",FALSE,TRUE,"Mee eens",TRUE,"Mee eens",TRUE,FALSE,FALSE,TRUE,TRUE,FALSE
747,33,"25 tot 35 jaar",TRUE,TRUE,"Mee eens",TRUE,"Mee oneens",FALSE,FALSE,FALSE,TRUE,FALSE,FALSE
748,61,"55 tot 65 jaar",TRUE,FALSE,"Mee eens",TRUE,"Niet mee eens, niet mee oneens",FALSE,TRUE,TRUE,TRUE,TRUE,TRUE
749,36,"35 tot 45 jaar",FALSE,TRUE,"Niet mee eens, niet mee oneens",FALSE,"Mee eens",TRUE,FALSE,TRUE,TRUE,FALSE,TRUE
750,24,"18 tot 25 jaar",FALSE,TRUE,"Helemaal mee eens",TRUE,"Niet mee eens, niet mee oneens",FALSE,TRUE,TRUE,TRUE,TRUE,TRUE
751,78,"75 jaar of ouder",TRUE,TRUE,"Mee eens",TRUE,"Mee eens",TRUE,TRUE,FALSE,TRUE,TRUE,TRUE
752,19,"18 tot 25 jaar",TRUE,TRUE,"Mee eens",TRUE,"Mee eens",TRUE,TRUE,TRUE,TRUE,TRUE,TRUE
753,70,"65 tot 75 jaar",TRUE,TRUE,"Mee eens",TRUE,"Mee eens",TRUE,TRUE,TRUE,TRUE,TRUE,FALSE
754,44,"35 tot 45 jaar",TRUE,TRUE,"Helemaal mee eens",TRUE,"Mee eens",TRUE,TRUE,TRUE,TRUE,TRUE,TRUE
755,52,"45 tot 55 jaar",TRUE,TRUE,"Helemaal mee eens",TRUE,"Mee eens",TRUE,TRUE,FALSE,TRUE,TRUE,FALSE
756,68,"65 tot 75 jaar",TRUE,TRUE,"Mee eens",TRUE,"Mee eens",TRUE,TRUE,TRUE,TRUE,TRUE,FALSE
757,38,"35 tot 45 jaar",FALSE,TRUE,"Mee eens",TRUE,"Niet mee eens, niet mee oneens",FALSE,TRUE,TRUE,TRUE,FALSE,FALSE
758,59,"55 tot 65 jaar",TRUE,TRUE,"Mee eens",TRUE,"Niet mee eens, niet mee oneens",FALSE,TRUE,TRUE,TRUE,TRUE,TRUE
759,48,"45 tot 55 jaar",FALSE,TRUE,"Helemaal mee eens",TRUE,"Mee eens",TRUE,TRUE,TRUE,TRUE,TRUE,TRUE
760,21,"18 tot 25 jaar",TRUE,TRUE,"Mee eens",TRUE,"Mee eens",TRUE,TRUE,TRUE,TRUE,TRUE,TRUE
761,46,"45 tot 55 jaar",TRUE,TRUE,"Helemaal mee eens",TRUE,"Mee eens",TRUE,TRUE,TRUE,TRUE,TRUE,TRUE
762,35,"35 tot 45 jaar",FALSE,TRUE,"Mee eens",TRUE,"Niet mee eens, niet mee oneens",FALSE,FALSE,TRUE,TRUE,TRUE,FALSE
763,53,"45 tot 55 jaar",TRUE,TRUE,"Helemaal mee eens",TRUE,"Mee eens",TRUE,TRUE,TRUE,TRUE,TRUE,TRUE
764,80,"75 jaar of ouder",FALSE,TRUE,"Helemaal mee eens",TRUE,"Mee eens",TRUE,TRUE,TRUE,TRUE,TRUE,TRUE
765,58,"55 tot 65 jaar",TRUE,TRUE,"Mee eens",TRUE,"Mee eens",TRUE,TRUE,TRUE,TRUE,TRUE,TRUE
766,45,"45 tot 55 jaar",FALSE,TRUE,"Helemaal mee eens",TRUE,"Mee eens",TRUE,TRUE,TRUE,FALSE,TRUE,TRUE
767,21,"18 tot 25 jaar",FALSE,TRUE,"Helemaal mee eens",TRUE,"Helemaal mee eens",TRUE,TRUE,TRUE,TRUE,TRUE,TRUE
768,86,"75 jaar of ouder",TRUE,TRUE,"Mee eens",TRUE,"Niet mee eens, niet mee oneens",FALSE,TRUE,FALSE,FALSE,FALSE,FALSE
769,35,"35 tot 45 jaar",FALSE,TRUE,"Mee eens",TRUE,"Helemaal mee eens",TRUE,TRUE,TRUE,TRUE,TRUE,TRUE
770,69,"65 tot 75 jaar",FALSE,TRUE,"Helemaal mee eens",TRUE,"Mee eens",TRUE,TRUE,TRUE,TRUE,TRUE,TRUE
771,36,"35 tot 45 jaar",TRUE,TRUE,"Helemaal mee eens",TRUE,"Niet mee eens, niet mee oneens",FALSE,FALSE,TRUE,TRUE,FALSE,FALSE
772,32,"25 tot 35 jaar",TRUE,TRUE,"Helemaal mee eens",TRUE,"Mee eens",TRUE,TRUE,FALSE,TRUE,TRUE,TRUE
773,37,"35 tot 45 jaar",TRUE,TRUE,"Helemaal mee eens",TRUE,"Mee eens",TRUE,TRUE,TRUE,TRUE,TRUE,TRUE
774,53,"45 tot 55 jaar",TRUE,TRUE,"Mee eens",TRUE,"Helemaal mee eens",TRUE,TRUE,TRUE,TRUE,TRUE,TRUE
775,25,"25 tot 35 jaar",TRUE,TRUE,"Mee eens",TRUE,"Niet mee eens, niet mee oneens",FALSE,FALSE,TRUE,FALSE,FALSE,FALSE
776,24,"18 tot 25 jaar",TRUE,TRUE,"Niet mee eens, niet mee oneens",FALSE,"Mee oneens",FALSE,FALSE,FALSE,FALSE,FALSE,FALSE
777,37,"35 tot 45 jaar",FALSE,TRUE,"Helemaal mee eens",TRUE,"Mee eens",TRUE,FALSE,TRUE,TRUE,TRUE,TRUE
778,18,"18 tot 25 jaar",FALSE,TRUE,"Helemaal mee eens",TRUE,"Mee eens",TRUE,TRUE,TRUE,TRUE,TRUE,FALSE
779,87,"75 jaar of ouder",FALSE,TRUE,"Helemaal mee eens",TRUE,"Niet mee eens, niet mee oneens",FALSE,FALSE,TRUE,TRUE,FALSE,TRUE
780,36,"35 tot 45 jaar",FALSE,TRUE,"Helemaal mee eens",TRUE,"Mee eens",TRUE,TRUE,TRUE,TRUE,TRUE,TRUE
781,59,"55 tot 65 jaar",FALSE,FALSE,"Niet mee eens, niet mee oneens",FALSE,"Mee oneens",FALSE,TRUE,FALSE,FALSE,FALSE,FALSE
782,89,"75 jaar of ouder",FALSE,TRUE,"Mee eens",TRUE,"Mee eens",TRUE,TRUE,TRUE,TRUE,TRUE,TRUE
783,56,"55 tot 65 jaar",FALSE,FALSE,"Niet mee eens, niet mee oneens",FALSE,"Niet mee eens, niet mee oneens",FALSE,TRUE,TRUE,TRUE,TRUE,TRUE
784,44,"35 tot 45 jaar",FALSE,TRUE,"Niet mee eens, niet mee oneens",FALSE,"Mee eens",TRUE,TRUE,FALSE,TRUE,TRUE,FALSE
785,26,"25 tot 35 jaar",TRUE,TRUE,"Niet mee eens, niet mee oneens",FALSE,"Niet mee eens, niet mee oneens",FALSE,FALSE,TRUE,FALSE,FALSE,FALSE
786,24,"18 tot 25 jaar",FALSE,TRUE,"Mee eens",TRUE,"Niet mee eens, niet mee oneens",FALSE,TRUE,TRUE,TRUE,TRUE,TRUE
787,69,"65 tot 75 jaar",TRUE,TRUE,"Mee eens",TRUE,"Helemaal mee eens",TRUE,TRUE,FALSE,TRUE,TRUE,TRUE
788,49,"45 tot 55 jaar",TRUE,FALSE,"Mee eens",TRUE,"Mee eens",TRUE,TRUE,FALSE,FALSE,TRUE,FALSE
789,89,"75 jaar of ouder",FALSE,TRUE,"Helemaal mee eens",TRUE,"Helemaal mee eens",TRUE,TRUE,TRUE,TRUE,TRUE,TRUE
790,69,"65 tot 75 jaar",TRUE,TRUE,"Niet mee eens, niet mee oneens",FALSE,"Niet mee eens, niet mee oneens",FALSE,TRUE,FALSE,FALSE,FALSE,FALSE
791,21,"18 tot 25 jaar",FALSE,TRUE,"Mee eens",TRUE,"Mee oneens",FALSE,FALSE,TRUE,FALSE,FALSE,FALSE
792,27,"25 tot 35 jaar",FALSE,TRUE,"Helemaal mee eens",TRUE,"Helemaal mee eens",TRUE,TRUE,TRUE,TRUE,TRUE,TRUE
793,38,"35 tot 45 jaar",FALSE,TRUE,"Mee eens",TRUE,"Niet mee eens, niet mee oneens",FALSE,TRUE,TRUE,FALSE,TRUE,FALSE
794,62,"55 tot 65 jaar",FALSE,TRUE,"Helemaal mee eens",TRUE,"Niet mee eens, niet mee oneens",FALSE,TRUE,TRUE,TRUE,TRUE,FALSE
795,40,"35 tot 45 jaar",FALSE,TRUE,"Helemaal mee eens",TRUE,"Niet mee eens, niet mee oneens",FALSE,TRUE,TRUE,TRUE,TRUE,TRUE
796,77,"75 jaar of ouder",FALSE,TRUE,"Mee eens",TRUE,"Niet mee eens, niet mee oneens",FALSE,TRUE,TRUE,TRUE,TRUE,TRUE
797,54,"45 tot 55 jaar",FALSE,TRUE,"Mee eens",TRUE,"Mee oneens",FALSE,TRUE,TRUE,FALSE,TRUE,FALSE
798,64,"55 tot 65 jaar",TRUE,TRUE,"Mee eens",TRUE,"Helemaal mee eens",TRUE,TRUE,TRUE,TRUE,TRUE,TRUE
799,75,"75 jaar of ouder",TRUE,TRUE,"Mee oneens",FALSE,"Mee oneens",FALSE,FALSE,FALSE,FALSE,FALSE,FALSE
800,41,"35 tot 45 jaar",TRUE,TRUE,"Mee eens",TRUE,"Mee eens",TRUE,TRUE,TRUE,TRUE,TRUE,TRUE
801,31,"25 tot 35 jaar",TRUE,TRUE,"Mee eens",TRUE,"Mee oneens",FALSE,TRUE,FALSE,FALSE,FALSE,FALSE
802,48,"45 tot 55 jaar",TRUE,TRUE,"Mee eens",TRUE,"Mee eens",TRUE,TRUE,FALSE,TRUE,TRUE,FALSE
803,78,"75 jaar of ouder",FALSE,TRUE,"Mee eens",TRUE,"Mee eens",TRUE,TRUE,TRUE,FALSE,FALSE,FALSE
804,48,"45 tot 55 jaar",TRUE,TRUE,"Helemaal mee eens",TRUE,"Helemaal mee eens",TRUE,TRUE,TRUE,TRUE,TRUE,TRUE
805,47,"45 tot 55 jaar",FALSE,TRUE,"Helemaal mee eens",TRUE,"Mee eens",TRUE,TRUE,TRUE,TRUE,TRUE,TRUE
806,21,"18 tot 25 jaar",FALSE,TRUE,"Helemaal mee eens",TRUE,"Helemaal mee eens",TRUE,TRUE,TRUE,TRUE,TRUE,TRUE
807,27,"25 tot 35 jaar",TRUE,TRUE,"Niet mee eens, niet mee oneens",FALSE,"Mee eens",TRUE,TRUE,FALSE,FALSE,TRUE,TRUE
808,37,"35 tot 45 jaar",FALSE,TRUE,"Helemaal mee eens",TRUE,"Mee eens",TRUE,TRUE,TRUE,TRUE,TRUE,TRUE
809,46,"45 tot 55 jaar",TRUE,TRUE,"Mee eens",TRUE,"Mee eens",TRUE,TRUE,FALSE,FALSE,FALSE,TRUE
810,71,"65 tot 75 jaar",TRUE,TRUE,"Helemaal mee eens",TRUE,"Mee eens",TRUE,TRUE,TRUE,TRUE,TRUE,TRUE
811,37,"35 tot 45 jaar",TRUE,TRUE,"Helemaal mee eens",TRUE,"Niet mee eens, niet mee oneens",FALSE,TRUE,FALSE,TRUE,TRUE,FALSE
812,63,"55 tot 65 jaar",TRUE,TRUE,"Mee eens",TRUE,"Mee eens",TRUE,TRUE,TRUE,TRUE,TRUE,TRUE
813,28,"25 tot 35 jaar",FALSE,TRUE,"Mee eens",TRUE,"Mee oneens",FALSE,TRUE,TRUE,FALSE,TRUE,FALSE
814,26,"25 tot 35 jaar",FALSE,TRUE,"Helemaal mee eens",TRUE,"Helemaal mee eens",TRUE,TRUE,TRUE,TRUE,TRUE,TRUE
815,87,"75 jaar of ouder",FALSE,TRUE,"Mee eens",TRUE,"Helemaal mee eens",TRUE,TRUE,TRUE,TRUE,TRUE,TRUE
816,41,"35 tot 45 jaar",FALSE,TRUE,"Helemaal mee eens",TRUE,"Mee eens",TRUE,TRUE,TRUE,FALSE,TRUE,TRUE
817,39,"35 tot 45 jaar",FALSE,TRUE,"Mee eens",TRUE,"Mee eens",TRUE,TRUE,TRUE,TRUE,TRUE,TRUE
818,60,"55 tot 65 jaar",FALSE,TRUE,"Mee eens",TRUE,"Mee eens",TRUE,TRUE,TRUE,TRUE,TRUE,TRUE
819,61,"55 tot 65 jaar",FALSE,TRUE,"Mee eens",TRUE,"Helemaal mee eens",TRUE,TRUE,TRUE,TRUE,TRUE,TRUE
820,23,"18 tot 25 jaar",TRUE,TRUE,"Helemaal mee eens",TRUE,"Helemaal mee eens",TRUE,TRUE,TRUE,TRUE,TRUE,TRUE
821,19,"18 tot 25 jaar",TRUE,TRUE,"Mee eens",TRUE,"Mee eens",TRUE,TRUE,TRUE,TRUE,TRUE,TRUE
822,48,"45 tot 55 jaar",TRUE,TRUE,"Helemaal mee eens",TRUE,"Mee eens",TRUE,TRUE,TRUE,TRUE,TRUE,TRUE
823,47,"45 tot 55 jaar",TRUE,TRUE,"Helemaal mee eens",TRUE,"Helemaal mee eens",TRUE,TRUE,TRUE,TRUE,TRUE,TRUE
824,19,"18 tot 25 jaar",FALSE,TRUE,"Mee eens",TRUE,"Niet mee eens, niet mee oneens",FALSE,TRUE,TRUE,TRUE,TRUE,TRUE
825,50,"45 tot 55 jaar",TRUE,TRUE,"Helemaal mee eens",TRUE,"Mee eens",TRUE,TRUE,TRUE,TRUE,TRUE,TRUE
826,40,"35 tot 45 jaar",FALSE,TRUE,"Mee eens",TRUE,"Mee eens",TRUE,TRUE,TRUE,FALSE,TRUE,FALSE
827,70,"65 tot 75 jaar",FALSE,TRUE,"Mee eens",TRUE,"Helemaal mee eens",TRUE,TRUE,TRUE,TRUE,TRUE,FALSE
828,30,"25 tot 35 jaar",TRUE,TRUE,"Mee eens",TRUE,"Niet mee eens, niet mee oneens",FALSE,TRUE,TRUE,TRUE,FALSE,FALSE
829,52,"45 tot 55 jaar",TRUE,TRUE,"Mee eens",TRUE,"Mee eens",TRUE,TRUE,TRUE,TRUE,TRUE,FALSE
830,64,"55 tot 65 jaar",FALSE,FALSE,"Helemaal mee eens",TRUE,"Mee eens",TRUE,TRUE,TRUE,TRUE,TRUE,TRUE
831,82,"75 jaar of ouder",FALSE,TRUE,"Helemaal mee eens",TRUE,"Helemaal mee eens",TRUE,TRUE,TRUE,TRUE,TRUE,TRUE
832,38,"35 tot 45 jaar",TRUE,TRUE,"Mee eens",TRUE,"Mee eens",TRUE,TRUE,TRUE,TRUE,TRUE,FALSE
833,43,"35 tot 45 jaar",FALSE,TRUE,"Niet mee eens, niet mee oneens",FALSE,"Mee eens",TRUE,TRUE,TRUE,FALSE,TRUE,FALSE
834,50,"45 tot 55 jaar",TRUE,TRUE,"Mee eens",TRUE,"Mee eens",TRUE,TRUE,TRUE,FALSE,TRUE,FALSE
835,75,"75 jaar of ouder",FALSE,TRUE,"Niet mee eens, niet mee oneens",FALSE,"Mee oneens",FALSE,FALSE,FALSE,FALSE,FALSE,FALSE
836,51,"45 tot 55 jaar",FALSE,TRUE,"Helemaal mee eens",TRUE,"Mee eens",TRUE,TRUE,TRUE,TRUE,TRUE,TRUE
837,27,"25 tot 35 jaar",FALSE,TRUE,"Helemaal mee eens",TRUE,"Mee eens",TRUE,TRUE,TRUE,TRUE,TRUE,TRUE
838,82,"75 jaar of ouder",TRUE,TRUE,"Niet mee eens, niet mee oneens",FALSE,"Mee oneens",FALSE,TRUE,FALSE,FALSE,FALSE,TRUE
839,52,"45 tot 55 jaar",TRUE,TRUE,"Mee eens",TRUE,"Mee eens",TRUE,TRUE,TRUE,FALSE,FALSE,FALSE
840,51,"45 tot 55 jaar",FALSE,TRUE,"Mee eens",TRUE,"Niet mee eens, niet mee oneens",FALSE,TRUE,TRUE,TRUE,TRUE,TRUE
841,87,"75 jaar of ouder",FALSE,TRUE,"Mee eens",TRUE,"Niet mee eens, niet mee oneens",FALSE,TRUE,TRUE,FALSE,FALSE,FALSE
842,70,"65 tot 75 jaar",TRUE,TRUE,"Mee eens",TRUE,"Niet mee eens, niet mee oneens",FALSE,TRUE,TRUE,TRUE,FALSE,FALSE
843,30,"25 tot 35 jaar",FALSE,TRUE,"Mee eens",TRUE,"Niet mee eens, niet mee oneens",FALSE,TRUE,TRUE,FALSE,FALSE,FALSE
844,48,"45 tot 55 jaar",TRUE,TRUE,"Mee eens",TRUE,"Mee eens",TRUE,TRUE,FALSE,TRUE,TRUE,TRUE
845,57,"55 tot 65 jaar",TRUE,TRUE,"Mee eens",TRUE,"Mee eens",TRUE,TRUE,TRUE,TRUE,TRUE,TRUE
846,23,"18 tot 25 jaar",TRUE,TRUE,"Mee oneens",FALSE,"Helemaal mee oneens",FALSE,FALSE,TRUE,FALSE,FALSE,FALSE
847,56,"55 tot 65 jaar",TRUE,TRUE,"Helemaal mee eens",TRUE,"Niet mee eens, niet mee oneens",FALSE,TRUE,TRUE,TRUE,TRUE,TRUE
848,59,"55 tot 65 jaar",TRUE,TRUE,"Helemaal mee eens",TRUE,"Mee eens",TRUE,TRUE,TRUE,TRUE,TRUE,TRUE
849,73,"65 tot 75 jaar",TRUE,TRUE,"Mee eens",TRUE,"Niet mee eens, niet mee oneens",FALSE,TRUE,TRUE,TRUE,FALSE,FALSE
850,51,"45 tot 55 jaar",TRUE,TRUE,"Mee eens",TRUE,"Mee eens",TRUE,TRUE,TRUE,TRUE,TRUE,TRUE
851,26,"25 tot 35 jaar",TRUE,TRUE,"Helemaal mee eens",TRUE,"Mee eens",TRUE,TRUE,TRUE,TRUE,TRUE,TRUE
852,23,"18 tot 25 jaar",TRUE,TRUE,"Helemaal mee eens",TRUE,"Niet mee eens, niet mee oneens",FALSE,TRUE,TRUE,TRUE,TRUE,TRUE
853,28,"25 tot 35 jaar",FALSE,TRUE,"Mee eens",TRUE,"Mee eens",TRUE,TRUE,TRUE,TRUE,TRUE,TRUE
854,45,"45 tot 55 jaar",FALSE,TRUE,"Helemaal mee eens",TRUE,"Niet mee eens, niet mee oneens",FALSE,FALSE,TRUE,TRUE,TRUE,FALSE
855,56,"55 tot 65 jaar",FALSE,TRUE,"Helemaal mee eens",TRUE,"Mee eens",TRUE,TRUE,TRUE,TRUE,TRUE,TRUE
856,83,"75 jaar of ouder",FALSE,TRUE,"Helemaal mee eens",TRUE,"Niet mee eens, niet mee oneens",FALSE,TRUE,TRUE,TRUE,TRUE,TRUE
857,29,"25 tot 35 jaar",FALSE,TRUE,"Helemaal mee eens",TRUE,"Helemaal mee eens",TRUE,TRUE,TRUE,TRUE,TRUE,TRUE
858,58,"55 tot 65 jaar",TRUE,TRUE,"Mee eens",TRUE,"Mee eens",TRUE,TRUE,TRUE,TRUE,TRUE,FALSE
859,25,"25 tot 35 jaar",FALSE,TRUE,"Mee eens",TRUE,"Niet mee eens, niet mee oneens",FALSE,TRUE,TRUE,TRUE,FALSE,FALSE
860,90,"75 jaar of ouder",FALSE,TRUE,"Helemaal mee eens",TRUE,"Niet mee eens, niet mee oneens",FALSE,TRUE,FALSE,TRUE,TRUE,TRUE
861,42,"35 tot 45 jaar",FALSE,TRUE,"Helemaal mee eens",TRUE,"Mee eens",TRUE,TRUE,TRUE,FALSE,FALSE,TRUE
862,52,"45 tot 55 jaar",FALSE,TRUE,"Helemaal mee eens",TRUE,"Helemaal mee eens",TRUE,TRUE,TRUE,TRUE,TRUE,TRUE
863,32,"25 tot 35 jaar",TRUE,TRUE,"Mee eens",TRUE,"Mee eens",TRUE,TRUE,TRUE,TRUE,TRUE,TRUE
864,79,"75 jaar of ouder",FALSE,TRUE,"Mee eens",TRUE,"Mee eens",TRUE,TRUE,FALSE,TRUE,TRUE,TRUE
865,69,"65 tot 75 jaar",TRUE,TRUE,"Helemaal mee eens",TRUE,"Helemaal mee eens",TRUE,TRUE,FALSE,TRUE,TRUE,TRUE
866,24,"18 tot 25 jaar",FALSE,TRUE,"Mee eens",TRUE,"Niet mee eens, niet mee oneens",FALSE,TRUE,TRUE,FALSE,FALSE,FALSE
867,61,"55 tot 65 jaar",TRUE,TRUE,"Mee eens",TRUE,"Mee oneens",FALSE,FALSE,FALSE,TRUE,FALSE,FALSE
868,73,"65 tot 75 jaar",TRUE,TRUE,"Helemaal mee eens",TRUE,"Helemaal mee eens",TRUE,TRUE,TRUE,TRUE,TRUE,TRUE
869,20,"18 tot 25 jaar",FALSE,TRUE,"Helemaal mee eens",TRUE,"Helemaal mee eens",TRUE,TRUE,TRUE,TRUE,TRUE,TRUE
870,56,"55 tot 65 jaar",TRUE,TRUE,"Helemaal mee eens",TRUE,"Helemaal mee eens",TRUE,TRUE,TRUE,TRUE,TRUE,TRUE
871,66,"65 tot 75 jaar",FALSE,TRUE,"Helemaal mee eens",TRUE,"Helemaal mee eens",TRUE,TRUE,TRUE,TRUE,TRUE,TRUE
872,33,"25 tot 35 jaar",FALSE,TRUE,"Helemaal mee eens",TRUE,"Mee eens",TRUE,TRUE,TRUE,TRUE,TRUE,TRUE
873,36,"35 tot 45 jaar",TRUE,TRUE,"Mee eens",TRUE,"Mee eens",TRUE,TRUE,TRUE,TRUE,TRUE,TRUE
874,36,"35 tot 45 jaar",FALSE,TRUE,"Mee eens",TRUE,"Mee eens",TRUE,FALSE,TRUE,TRUE,TRUE,FALSE
875,47,"45 tot 55 jaar",FALSE,TRUE,"Helemaal mee eens",TRUE,"Mee eens",TRUE,TRUE,TRUE,TRUE,FALSE,TRUE
876,28,"25 tot 35 jaar",FALSE,TRUE,"Helemaal mee eens",TRUE,"Mee eens",TRUE,TRUE,TRUE,TRUE,TRUE,FALSE
877,59,"55 tot 65 jaar",FALSE,TRUE,"Helemaal mee eens",TRUE,"Niet mee eens, niet mee oneens",FALSE,TRUE,TRUE,FALSE,FALSE,TRUE
878,64,"55 tot 65 jaar",FALSE,TRUE,"Niet mee eens, niet mee oneens",FALSE,"Niet mee eens, niet mee oneens",FALSE,TRUE,TRUE,TRUE,FALSE,FALSE
879,82,"75 jaar of ouder",FALSE,TRUE,"Helemaal mee eens",TRUE,"Mee eens",TRUE,TRUE,TRUE,TRUE,TRUE,TRUE
880,33,"25 tot 35 jaar",TRUE,TRUE,"Helemaal mee eens",TRUE,"Helemaal mee eens",TRUE,TRUE,TRUE,TRUE,TRUE,TRUE
881,66,"65 tot 75 jaar",TRUE,TRUE,"Helemaal mee eens",TRUE,"Helemaal mee eens",TRUE,TRUE,TRUE,TRUE,TRUE,TRUE
882,22,"18 tot 25 jaar",FALSE,TRUE,"Helemaal mee eens",TRUE,"Niet mee eens, niet mee oneens",FALSE,TRUE,TRUE,TRUE,TRUE,TRUE
883,66,"65 tot 75 jaar",FALSE,TRUE,"Mee eens",TRUE,"Niet mee eens, niet mee oneens",FALSE,FALSE,FALSE,FALSE,FALSE,FALSE
884,32,"25 tot 35 jaar",TRUE,TRUE,"Mee eens",TRUE,"Mee eens",TRUE,TRUE,TRUE,TRUE,TRUE,TRUE
885,32,"25 tot 35 jaar",FALSE,TRUE,"Mee eens",TRUE,"Mee eens",TRUE,TRUE,FALSE,TRUE,TRUE,FALSE
886,26,"25 tot 35 jaar",FALSE,TRUE,"Mee eens",TRUE,"Mee eens",TRUE,TRUE,FALSE,TRUE,TRUE,TRUE
887,66,"65 tot 75 jaar",FALSE,TRUE,"Mee eens",TRUE,"Niet mee eens, niet mee oneens",FALSE,TRUE,FALSE,TRUE,FALSE,FALSE
888,66,"65 tot 75 jaar",FALSE,TRUE,"Helemaal mee eens",TRUE,"Helemaal mee eens",TRUE,TRUE,TRUE,TRUE,TRUE,TRUE
889,78,"75 jaar of ouder",TRUE,FALSE,"Helemaal mee eens",TRUE,"Mee eens",TRUE,TRUE,TRUE,TRUE,TRUE,TRUE
890,38,"35 tot 45 jaar",FALSE,TRUE,"Helemaal mee eens",TRUE,"Mee eens",TRUE,TRUE,TRUE,TRUE,TRUE,TRUE
891,73,"65 tot 75 jaar",TRUE,TRUE,"Helemaal mee eens",TRUE,"Mee eens",TRUE,TRUE,FALSE,TRUE,TRUE,FALSE
892,40,"35 tot 45 jaar",FALSE,TRUE,"Niet mee eens, niet mee oneens",FALSE,"Mee eens",TRUE,TRUE,TRUE,FALSE,FALSE,TRUE
893,66,"65 tot 75 jaar",TRUE,FALSE,"Helemaal mee eens",TRUE,"Mee eens",TRUE,TRUE,TRUE,TRUE,TRUE,TRUE
894,51,"45 tot 55 jaar",TRUE,TRUE,"Mee eens",TRUE,"Mee eens",TRUE,TRUE,TRUE,TRUE,TRUE,TRUE
895,32,"25 tot 35 jaar",TRUE,TRUE,"Helemaal mee eens",TRUE,"Mee eens",TRUE,FALSE,TRUE,TRUE,TRUE,FALSE
896,29,"25 tot 35 jaar",FALSE,TRUE,"Mee oneens",FALSE,"Niet mee eens, niet mee oneens",FALSE,TRUE,TRUE,FALSE,FALSE,FALSE
897,61,"55 tot 65 jaar",TRUE,TRUE,"Niet mee eens, niet mee oneens",FALSE,"Niet mee eens, niet mee oneens",FALSE,TRUE,TRUE,TRUE,TRUE,FALSE
898,59,"55 tot 65 jaar",TRUE,TRUE,"Helemaal mee eens",TRUE,"Mee eens",TRUE,TRUE,TRUE,TRUE,TRUE,TRUE
899,40,"35 tot 45 jaar",FALSE,TRUE,"Mee eens",TRUE,"Mee oneens",FALSE,TRUE,TRUE,FALSE,FALSE,FALSE
900,61,"55 tot 65 jaar",TRUE,TRUE,"Mee eens",TRUE,"Helemaal mee eens",TRUE,TRUE,TRUE,TRUE,TRUE,TRUE
901,36,"35 tot 45 jaar",TRUE,TRUE,"Helemaal mee eens",TRUE,"Helemaal mee eens",TRUE,TRUE,FALSE,TRUE,TRUE,TRUE
902,44,"35 tot 45 jaar",TRUE,TRUE,"Helemaal mee eens",TRUE,"Mee eens",TRUE,TRUE,TRUE,TRUE,TRUE,TRUE
903,26,"25 tot 35 jaar",FALSE,TRUE,"Helemaal mee eens",TRUE,"Helemaal mee eens",TRUE,TRUE,TRUE,TRUE,TRUE,TRUE
904,35,"35 tot 45 jaar",TRUE,TRUE,"Mee eens",TRUE,"Mee eens",TRUE,TRUE,TRUE,TRUE,TRUE,TRUE
905,61,"55 tot 65 jaar",FALSE,TRUE,"Helemaal mee eens",TRUE,"Niet mee eens, niet mee oneens",FALSE,TRUE,FALSE,TRUE,FALSE,TRUE
906,86,"75 jaar of ouder",FALSE,TRUE,"Mee eens",TRUE,"Niet mee eens, niet mee oneens",FALSE,TRUE,TRUE,TRUE,FALSE,FALSE
907,36,"35 tot 45 jaar",FALSE,TRUE,"Helemaal mee eens",TRUE,"Mee eens",TRUE,TRUE,TRUE,TRUE,TRUE,TRUE
908,36,"35 tot 45 jaar",TRUE,TRUE,"Helemaal mee eens",TRUE,"Helemaal mee eens",TRUE,TRUE,TRUE,TRUE,TRUE,TRUE
909,24,"18 tot 25 jaar",FALSE,TRUE,"Mee eens",TRUE,"Niet mee eens, niet mee oneens",FALSE,FALSE,FALSE,TRUE,FALSE,TRUE
910,80,"75 jaar of ouder",TRUE,TRUE,"Mee eens",TRUE,"Niet mee eens, niet mee oneens",FALSE,TRUE,TRUE,TRUE,FALSE,FALSE
911,26,"25 tot 35 jaar",TRUE,TRUE,"Mee eens",TRUE,"Mee eens",TRUE,TRUE,TRUE,TRUE,FALSE,TRUE
912,72,"65 tot 75 jaar",FALSE,TRUE,"Mee eens",TRUE,"Mee eens",TRUE,TRUE,TRUE,TRUE,TRUE,TRUE
913,36,"35 tot 45 jaar",TRUE,TRUE,"Helemaal mee eens",TRUE,"Helemaal mee eens",TRUE,TRUE,TRUE,TRUE,TRUE,TRUE
914,24,"18 tot 25 jaar",FALSE,TRUE,"Helemaal mee eens",TRUE,"Helemaal mee eens",TRUE,TRUE,TRUE,TRUE,TRUE,TRUE
915,27,"25 tot 35 jaar",TRUE,TRUE,"Mee eens",TRUE,"Mee eens",TRUE,TRUE,TRUE,TRUE,TRUE,TRUE
916,20,"18 tot 25 jaar",FALSE,TRUE,"Mee oneens",FALSE,"Niet mee eens, niet mee oneens",FALSE,TRUE,TRUE,FALSE,FALSE,FALSE
917,49,"45 tot 55 jaar",FALSE,TRUE,"Helemaal mee eens",TRUE,"Mee eens",TRUE,TRUE,TRUE,TRUE,TRUE,TRUE
918,29,"25 tot 35 jaar",FALSE,TRUE,"Helemaal mee eens",TRUE,"Mee eens",TRUE,TRUE,TRUE,TRUE,TRUE,TRUE
919,59,"55 tot 65 jaar",FALSE,TRUE,"Helemaal mee eens",TRUE,"Helemaal mee eens",TRUE,TRUE,TRUE,TRUE,TRUE,TRUE
920,62,"55 tot 65 jaar",FALSE,TRUE,"Mee eens",TRUE,"Mee eens",TRUE,FALSE,TRUE,FALSE,FALSE,FALSE
921,59,"55 tot 65 jaar",FALSE,TRUE,"Helemaal mee eens",TRUE,"Mee eens",TRUE,TRUE,TRUE,TRUE,TRUE,TRUE
922,19,"18 tot 25 jaar",FALSE,TRUE,"Mee eens",TRUE,"Helemaal mee eens",TRUE,TRUE,TRUE,FALSE,TRUE,TRUE
923,49,"45 tot 55 jaar",FALSE,TRUE,"Mee eens",TRUE,"Mee eens",TRUE,TRUE,FALSE,TRUE,TRUE,TRUE
924,53,"45 tot 55 jaar",FALSE,TRUE,"Mee eens",TRUE,"Helemaal mee eens",TRUE,TRUE,TRUE,TRUE,TRUE,TRUE
925,46,"45 tot 55 jaar",FALSE,TRUE,"Helemaal mee eens",TRUE,"Mee eens",TRUE,TRUE,TRUE,TRUE,TRUE,TRUE
926,48,"45 tot 55 jaar",TRUE,FALSE,"Mee eens",TRUE,"Mee eens",TRUE,TRUE,TRUE,TRUE,TRUE,TRUE
927,42,"35 tot 45 jaar",FALSE,TRUE,"Niet mee eens, niet mee oneens",FALSE,"Niet mee eens, niet mee oneens",FALSE,TRUE,FALSE,FALSE,FALSE,FALSE
928,19,"18 tot 25 jaar",FALSE,TRUE,"Helemaal mee eens",TRUE,"Helemaal mee eens",TRUE,TRUE,TRUE,TRUE,TRUE,TRUE
929,19,"18 tot 25 jaar",TRUE,TRUE,"Mee eens",TRUE,"Niet mee eens, niet mee oneens",FALSE,TRUE,TRUE,FALSE,TRUE,TRUE
930,25,"25 tot 35 jaar",FALSE,TRUE,"Helemaal mee eens",TRUE,"Mee eens",TRUE,TRUE,TRUE,TRUE,TRUE,TRUE
931,32,"25 tot 35 jaar",TRUE,TRUE,"Mee eens",TRUE,"Mee eens",TRUE,TRUE,TRUE,FALSE,TRUE,TRUE
932,32,"25 tot 35 jaar",TRUE,TRUE,"Helemaal mee eens",TRUE,"Helemaal mee eens",TRUE,TRUE,TRUE,TRUE,TRUE,TRUE
933,89,"75 jaar of ouder",TRUE,TRUE,"Niet mee eens, niet mee oneens",FALSE,"Mee oneens",FALSE,TRUE,TRUE,FALSE,FALSE,FALSE
934,35,"35 tot 45 jaar",TRUE,TRUE,"Helemaal mee eens",TRUE,"Helemaal mee eens",TRUE,TRUE,TRUE,TRUE,TRUE,TRUE
935,80,"75 jaar of ouder",FALSE,TRUE,"Helemaal mee eens",TRUE,"Mee eens",TRUE,TRUE,TRUE,FALSE,TRUE,TRUE
936,21,"18 tot 25 jaar",TRUE,TRUE,"Helemaal mee eens",TRUE,"Mee eens",TRUE,TRUE,TRUE,TRUE,TRUE,FALSE
937,51,"45 tot 55 jaar",FALSE,TRUE,"Helemaal mee eens",TRUE,"Helemaal mee eens",TRUE,TRUE,TRUE,TRUE,TRUE,TRUE
938,62,"55 tot 65 jaar",FALSE,TRUE,"Helemaal mee eens",TRUE,"Mee eens",TRUE,TRUE,TRUE,TRUE,TRUE,TRUE
939,70,"65 tot 75 jaar",TRUE,TRUE,"Mee eens",TRUE,"Mee eens",TRUE,TRUE,TRUE,FALSE,TRUE,TRUE
940,22,"18 tot 25 jaar",TRUE,TRUE,"Helemaal mee eens",TRUE,"Mee eens",TRUE,TRUE,TRUE,TRUE,TRUE,TRUE
941,44,"35 tot 45 jaar",TRUE,TRUE,"Mee eens",TRUE,"Mee eens",TRUE,TRUE,TRUE,TRUE,TRUE,FALSE
942,32,"25 tot 35 jaar",FALSE,TRUE,"Helemaal mee eens",TRUE,"Mee eens",TRUE,TRUE,TRUE,TRUE,TRUE,TRUE
943,46,"45 tot 55 jaar",FALSE,TRUE,"Helemaal mee eens",TRUE,"Mee eens",TRUE,TRUE,FALSE,TRUE,TRUE,TRUE
944,31,"25 tot 35 jaar",FALSE,TRUE,"Helemaal mee eens",TRUE,"Niet mee eens, niet mee oneens",FALSE,TRUE,TRUE,TRUE,TRUE,TRUE
945,59,"55 tot 65 jaar",TRUE,TRUE,"Mee eens",TRUE,"Mee eens",TRUE,TRUE,FALSE,TRUE,TRUE,FALSE
946,45,"45 tot 55 jaar",FALSE,TRUE,"Mee eens",TRUE,"Niet mee eens, niet mee oneens",FALSE,TRUE,TRUE,TRUE,TRUE,TRUE
947,31,"25 tot 35 jaar",FALSE,TRUE,"Mee eens",TRUE,"Mee eens",TRUE,TRUE,FALSE,TRUE,TRUE,FALSE
948,66,"65 tot 75 jaar",FALSE,TRUE,"Helemaal mee eens",TRUE,"Mee eens",TRUE,TRUE,TRUE,TRUE,TRUE,TRUE
949,45,"45 tot 55 jaar",FALSE,TRUE,"Mee eens",TRUE,"Niet mee eens, niet mee oneens",FALSE,TRUE,TRUE,TRUE,TRUE,TRUE
950,49,"45 tot 55 jaar",FALSE,TRUE,"Mee eens",TRUE,"Mee eens",TRUE,TRUE,TRUE,TRUE,TRUE,TRUE
951,65,"65 tot 75 jaar",FALSE,TRUE,"Helemaal mee eens",TRUE,"Mee eens",TRUE,TRUE,TRUE,TRUE,TRUE,FALSE
952,18,"18 tot 25 jaar",FALSE,TRUE,"Helemaal mee eens",TRUE,"Helemaal mee eens",TRUE,TRUE,TRUE,TRUE,TRUE,TRUE
953,28,"25 tot 35 jaar",FALSE,TRUE,"Mee eens",TRUE,"Niet mee eens, niet mee oneens",FALSE,TRUE,FALSE,TRUE,TRUE,FALSE
954,53,"45 tot 55 jaar",TRUE,TRUE,"Mee eens",TRUE,"Helemaal mee eens",TRUE,TRUE,TRUE,TRUE,TRUE,TRUE
955,85,"75 jaar of ouder",TRUE,TRUE,"Helemaal mee eens",TRUE,"Mee eens",TRUE,TRUE,TRUE,TRUE,TRUE,TRUE
956,34,"25 tot 35 jaar",FALSE,TRUE,"Helemaal mee eens",TRUE,"Helemaal mee eens",TRUE,TRUE,TRUE,TRUE,TRUE,TRUE
957,51,"45 tot 55 jaar",FALSE,TRUE,"Helemaal mee eens",TRUE,"Helemaal mee eens",TRUE,TRUE,TRUE,TRUE,TRUE,TRUE
958,66,"65 tot 75 jaar",FALSE,TRUE,"Helemaal mee eens",TRUE,"Mee eens",TRUE,TRUE,TRUE,TRUE,TRUE,TRUE
959,51,"45 tot 55 jaar",FALSE,TRUE,"Mee eens",TRUE,"Niet mee eens, niet mee oneens",FALSE,TRUE,TRUE,TRUE,TRUE,TRUE
960,64,"55 tot 65 jaar",TRUE,TRUE,"Mee eens",TRUE,"Helemaal mee oneens",FALSE,FALSE,TRUE,FALSE,FALSE,FALSE
961,77,"75 jaar of ouder",FALSE,TRUE,"Helemaal mee eens",TRUE,"Helemaal mee eens",TRUE,TRUE,TRUE,TRUE,TRUE,TRUE
962,51,"45 tot 55 jaar",FALSE,TRUE,"Helemaal mee eens",TRUE,"Helemaal mee eens",TRUE,TRUE,TRUE,TRUE,TRUE,TRUE
963,69,"65 tot 75 jaar",TRUE,TRUE,"Mee eens",TRUE,"Mee eens",TRUE,TRUE,TRUE,TRUE,TRUE,FALSE
964,62,"55 tot 65 jaar",TRUE,TRUE,"Mee eens",TRUE,"Mee eens",TRUE,TRUE,FALSE,TRUE,TRUE,TRUE
965,62,"55 tot 65 jaar",TRUE,TRUE,"Mee eens",TRUE,"Mee eens",TRUE,TRUE,FALSE,FALSE,TRUE,FALSE
966,83,"75 jaar of ouder",TRUE,TRUE,"Helemaal mee eens",TRUE,"Helemaal mee eens",TRUE,TRUE,TRUE,TRUE,TRUE,TRUE
967,23,"18 tot 25 jaar",FALSE,TRUE,"Mee eens",TRUE,"Niet mee eens, niet mee oneens",FALSE,TRUE,TRUE,TRUE,FALSE,TRUE
968,21,"18 tot 25 jaar",TRUE,TRUE,"Helemaal mee eens",TRUE,"Mee eens",TRUE,TRUE,TRUE,TRUE,TRUE,TRUE
969,27,"25 tot 35 jaar",TRUE,TRUE,"Mee eens",TRUE,"Niet mee eens, niet mee oneens",FALSE,TRUE,TRUE,TRUE,FALSE,TRUE
970,80,"75 jaar of ouder",FALSE,TRUE,"Helemaal mee eens",TRUE,"Helemaal mee eens",TRUE,TRUE,TRUE,TRUE,TRUE,TRUE
971,39,"35 tot 45 jaar",TRUE,TRUE,"Mee eens",TRUE,"Mee eens",TRUE,TRUE,TRUE,TRUE,TRUE,TRUE
972,43,"35 tot 45 jaar",TRUE,TRUE,"Mee eens",TRUE,"Niet mee eens, niet mee oneens",FALSE,FALSE,FALSE,FALSE,FALSE,TRUE
973,85,"75 jaar of ouder",TRUE,TRUE,"Helemaal mee eens",TRUE,"Mee eens",TRUE,TRUE,TRUE,TRUE,TRUE,FALSE
974,72,"65 tot 75 jaar",TRUE,TRUE,"Mee eens",TRUE,"Helemaal mee eens",TRUE,TRUE,TRUE,TRUE,FALSE,TRUE
975,55,"55 tot 65 jaar",TRUE,TRUE,"Mee eens",TRUE,"Mee eens",TRUE,TRUE,FALSE,TRUE,TRUE,TRUE
976,23,"18 tot 25 jaar",TRUE,TRUE,"Mee eens",TRUE,"Mee eens",TRUE,TRUE,TRUE,TRUE,TRUE,TRUE
977,52,"45 tot 55 jaar",FALSE,TRUE,"Niet mee eens, niet mee oneens",FALSE,"Mee eens",TRUE,FALSE,TRUE,FALSE,TRUE,FALSE
978,48,"45 tot 55 jaar",FALSE,TRUE,"Helemaal mee eens",TRUE,"Helemaal mee eens",TRUE,TRUE,TRUE,TRUE,TRUE,TRUE
979,49,"45 tot 55 jaar",TRUE,TRUE,"Helemaal mee eens",TRUE,"Mee eens",TRUE,TRUE,TRUE,TRUE,TRUE,TRUE
980,88,"75 jaar of ouder",FALSE,TRUE,"Mee eens",TRUE,"Mee eens",TRUE,TRUE,TRUE,TRUE,TRUE,TRUE
981,79,"75 jaar of ouder",FALSE,TRUE,"Helemaal mee eens",TRUE,"Helemaal mee eens",TRUE,TRUE,TRUE,TRUE,TRUE,TRUE
982,66,"65 tot 75 jaar",TRUE,TRUE,"Mee eens",TRUE,"Mee eens",TRUE,TRUE,FALSE,FALSE,TRUE,FALSE
983,70,"65 tot 75 jaar",TRUE,TRUE,"Helemaal mee eens",TRUE,"Helemaal mee eens",TRUE,TRUE,TRUE,TRUE,TRUE,TRUE
984,23,"18 tot 25 jaar",FALSE,TRUE,"Niet mee eens, niet mee oneens",FALSE,"Niet mee eens, niet mee oneens",FALSE,TRUE,TRUE,TRUE,FALSE,FALSE
985,37,"35 tot 45 jaar",TRUE,TRUE,"Mee oneens",FALSE,"Mee oneens",FALSE,TRUE,FALSE,FALSE,FALSE,FALSE
986,85,"75 jaar of ouder",TRUE,TRUE,"Mee eens",TRUE,"Niet mee eens, niet mee oneens",FALSE,TRUE,TRUE,FALSE,FALSE,FALSE
987,63,"55 tot 65 jaar",TRUE,TRUE,"Helemaal mee eens",TRUE,"Helemaal mee eens",TRUE,TRUE,TRUE,TRUE,TRUE,TRUE
988,40,"35 tot 45 jaar",TRUE,TRUE,"Mee eens",TRUE,"Mee eens",TRUE,TRUE,FALSE,TRUE,FALSE,FALSE
989,47,"45 tot 55 jaar",TRUE,TRUE,"Mee eens",TRUE,"Mee oneens",FALSE,TRUE,TRUE,FALSE,FALSE,TRUE
990,72,"65 tot 75 jaar",TRUE,TRUE,"Helemaal mee eens",TRUE,"Helemaal mee eens",TRUE,TRUE,TRUE,TRUE,TRUE,TRUE
991,63,"55 tot 65 jaar",FALSE,FALSE,"Niet mee eens, niet mee oneens",FALSE,"Niet mee eens, niet mee oneens",FALSE,TRUE,FALSE,TRUE,TRUE,TRUE
992,18,"18 tot 25 jaar",FALSE,TRUE,"Helemaal mee eens",TRUE,"Helemaal mee eens",TRUE,TRUE,TRUE,TRUE,TRUE,TRUE
993,59,"55 tot 65 jaar",TRUE,TRUE,"Mee oneens",FALSE,"Mee oneens",FALSE,TRUE,TRUE,FALSE,FALSE,TRUE
994,49,"45 tot 55 jaar",TRUE,FALSE,"Helemaal mee eens",TRUE,"Mee eens",TRUE,TRUE,TRUE,TRUE,TRUE,TRUE
995,73,"65 tot 75 jaar",TRUE,TRUE,"Mee eens",TRUE,"Mee eens",TRUE,TRUE,FALSE,TRUE,FALSE,TRUE
996,26,"25 tot 35 jaar",FALSE,TRUE,"Mee eens",TRUE,"Helemaal mee eens",TRUE,TRUE,TRUE,TRUE,TRUE,TRUE
997,67,"65 tot 75 jaar",FALSE,TRUE,"Mee eens",TRUE,"Helemaal mee eens",TRUE,TRUE,TRUE,TRUE,TRUE,FALSE
998,52,"45 tot 55 jaar",TRUE,TRUE,"Mee eens",TRUE,"Mee eens",TRUE,TRUE,FALSE,FALSE,TRUE,FALSE
999,22,"18 tot 25 jaar",TRUE,TRUE,"Mee eens",TRUE,"Niet mee eens, niet mee oneens",FALSE,TRUE,TRUE,TRUE,TRUE,TRUE
1000,57,"55 tot 65 jaar",FALSE,TRUE,"Helemaal mee eens",TRUE,"Niet mee eens, niet mee oneens",FALSE,TRUE,TRUE,TRUE,TRUE,TRUE
1001,29,"25 tot 35 jaar",TRUE,TRUE,"Helemaal mee eens",TRUE,"Helemaal mee eens",TRUE,TRUE,TRUE,TRUE,TRUE,TRUE
1002,60,"55 tot 65 jaar",TRUE,TRUE,"Helemaal mee eens",TRUE,"Mee eens",TRUE,TRUE,TRUE,TRUE,FALSE,FALSE
1003,30,"25 tot 35 jaar",FALSE,TRUE,"Helemaal mee eens",TRUE,"Mee eens",TRUE,TRUE,TRUE,TRUE,TRUE,TRUE
1004,89,"75 jaar of ouder",FALSE,TRUE,"Helemaal mee eens",TRUE,"Mee eens",TRUE,TRUE,TRUE,TRUE,TRUE,TRUE
1005,68,"65 tot 75 jaar",FALSE,FALSE,"Helemaal mee eens",TRUE,"Mee eens",TRUE,TRUE,TRUE,TRUE,TRUE,TRUE
1006,68,"65 tot 75 jaar",FALSE,TRUE,"Mee eens",TRUE,"Mee eens",TRUE,TRUE,TRUE,TRUE,TRUE,TRUE
1007,64,"55 tot 65 jaar",TRUE,TRUE,"Mee eens",TRUE,"Niet mee eens, niet mee oneens",FALSE,TRUE,TRUE,FALSE,FALSE,FALSE
1008,20,"18 tot 25 jaar",TRUE,TRUE,"Niet mee eens, niet mee oneens",FALSE,"Niet mee eens, niet mee oneens",FALSE,TRUE,TRUE,TRUE,FALSE,FALSE
1009,44,"35 tot 45 jaar",FALSE,TRUE,"Helemaal mee eens",TRUE,"Helemaal mee eens",TRUE,TRUE,TRUE,TRUE,TRUE,TRUE
1010,25,"25 tot 35 jaar",FALSE,TRUE,"Mee eens",TRUE,"Helemaal mee eens",TRUE,TRUE,FALSE,TRUE,TRUE,TRUE
1011,48,"45 tot 55 jaar",TRUE,TRUE,"Mee eens",TRUE,"Mee eens",TRUE,TRUE,FALSE,FALSE,TRUE,FALSE
1012,22,"18 tot 25 jaar",FALSE,TRUE,"Mee eens",TRUE,"Niet mee eens, niet mee oneens",FALSE,TRUE,FALSE,TRUE,FALSE,FALSE
1013,33,"25 tot 35 jaar",TRUE,TRUE,"Mee eens",TRUE,"Mee eens",TRUE,TRUE,TRUE,TRUE,TRUE,TRUE
1014,35,"35 tot 45 jaar",FALSE,TRUE,"Helemaal mee eens",TRUE,"Niet mee eens, niet mee oneens",FALSE,TRUE,TRUE,TRUE,TRUE,FALSE
1015,46,"45 tot 55 jaar",TRUE,TRUE,"Mee eens",TRUE,"Mee eens",TRUE,TRUE,TRUE,TRUE,TRUE,FALSE
1016,59,"55 tot 65 jaar",TRUE,TRUE,"Helemaal mee eens",TRUE,"Helemaal mee eens",TRUE,TRUE,FALSE,TRUE,TRUE,TRUE
1017,34,"25 tot 35 jaar",FALSE,TRUE,"Helemaal mee eens",TRUE,"Niet mee eens, niet mee oneens",FALSE,TRUE,FALSE,TRUE,TRUE,TRUE
1018,62,"55 tot 65 jaar",FALSE,TRUE,"Helemaal mee eens",TRUE,"Mee eens",TRUE,FALSE,TRUE,TRUE,TRUE,TRUE
1019,87,"75 jaar of ouder",FALSE,TRUE,"Helemaal mee eens",TRUE,"Helemaal mee eens",TRUE,TRUE,TRUE,TRUE,TRUE,TRUE
1020,19,"18 tot 25 jaar",TRUE,TRUE,"Mee eens",TRUE,"Mee eens",TRUE,TRUE,TRUE,TRUE,TRUE,TRUE
1021,66,"65 tot 75 jaar",FALSE,TRUE,"Helemaal mee eens",TRUE,"Helemaal mee eens",TRUE,TRUE,TRUE,TRUE,TRUE,FALSE
1022,28,"25 tot 35 jaar",FALSE,TRUE,"Mee eens",TRUE,"Niet mee eens, niet mee oneens",FALSE,FALSE,TRUE,TRUE,TRUE,FALSE
1023,33,"25 tot 35 jaar",TRUE,TRUE,"Mee eens",TRUE,"Mee eens",TRUE,TRUE,TRUE,FALSE,TRUE,TRUE
1024,76,"75 jaar of ouder",FALSE,TRUE,"Mee eens",TRUE,"Niet mee eens, niet mee oneens",FALSE,TRUE,TRUE,FALSE,FALSE,TRUE
1025,55,"55 tot 65 jaar",TRUE,TRUE,"Helemaal mee eens",TRUE,"Mee eens",TRUE,TRUE,TRUE,TRUE,TRUE,TRUE
1026,77,"75 jaar of ouder",FALSE,TRUE,"Helemaal mee eens",TRUE,"Helemaal mee eens",TRUE,TRUE,TRUE,TRUE,TRUE,TRUE
1027,41,"35 tot 45 jaar",FALSE,TRUE,"Mee eens",TRUE,"Niet mee eens, niet mee oneens",FALSE,TRUE,TRUE,TRUE,TRUE,TRUE
1028,33,"25 tot 35 jaar",FALSE,TRUE,"Mee eens",TRUE,"Mee eens",TRUE,TRUE,TRUE,TRUE,TRUE,TRUE
1029,49,"45 tot 55 jaar",FALSE,TRUE,"Mee eens",TRUE,"Helemaal mee eens",TRUE,TRUE,TRUE,TRUE,TRUE,TRUE
1030,90,"75 jaar of ouder",TRUE,TRUE,"Helemaal mee eens",TRUE,"Mee eens",TRUE,TRUE,TRUE,TRUE,TRUE,TRUE
1031,89,"75 jaar of ouder",FALSE,TRUE,"Mee eens",TRUE,"Mee eens",TRUE,TRUE,TRUE,TRUE,TRUE,FALSE
1032,61,"55 tot 65 jaar",TRUE,TRUE,"Helemaal mee eens",TRUE,"Mee eens",TRUE,TRUE,TRUE,TRUE,TRUE,TRUE
1033,56,"55 tot 65 jaar",FALSE,TRUE,"Mee eens",TRUE,"Niet mee eens, niet mee oneens",FALSE,TRUE,TRUE,TRUE,TRUE,TRUE
1034,50,"45 tot 55 jaar",TRUE,TRUE,"Mee eens",TRUE,"Mee eens",TRUE,TRUE,TRUE,TRUE,TRUE,TRUE
1035,46,"45 tot 55 jaar",FALSE,TRUE,"Mee eens",TRUE,"Niet mee eens, niet mee oneens",FALSE,TRUE,TRUE,TRUE,TRUE,TRUE
1036,63,"55 tot 65 jaar",FALSE,TRUE,"Niet mee eens, niet mee oneens",FALSE,"Niet mee eens, niet mee oneens",FALSE,TRUE,TRUE,TRUE,TRUE,FALSE
1037,70,"65 tot 75 jaar",TRUE,TRUE,"Mee eens",TRUE,"Mee oneens",FALSE,TRUE,TRUE,TRUE,FALSE,FALSE
1038,49,"45 tot 55 jaar",FALSE,TRUE,"Mee eens",TRUE,"Helemaal mee eens",TRUE,TRUE,TRUE,TRUE,TRUE,TRUE
1039,64,"55 tot 65 jaar",FALSE,TRUE,"Mee eens",TRUE,"Mee eens",TRUE,TRUE,TRUE,FALSE,TRUE,FALSE
1040,62,"55 tot 65 jaar",TRUE,TRUE,"Helemaal mee eens",TRUE,"Mee eens",TRUE,TRUE,TRUE,TRUE,TRUE,TRUE
1041,23,"18 tot 25 jaar",FALSE,TRUE,"Mee eens",TRUE,"Helemaal mee eens",TRUE,TRUE,TRUE,TRUE,TRUE,FALSE
1042,74,"65 tot 75 jaar",TRUE,TRUE,"Mee oneens",FALSE,"Niet mee eens, niet mee oneens",FALSE,TRUE,FALSE,TRUE,FALSE,TRUE
1043,51,"45 tot 55 jaar",FALSE,FALSE,"Mee eens",TRUE,"Niet mee eens, niet mee oneens",FALSE,TRUE,TRUE,TRUE,TRUE,FALSE
1044,48,"45 tot 55 jaar",TRUE,TRUE,"Helemaal mee eens",TRUE,"Helemaal mee eens",TRUE,TRUE,TRUE,TRUE,TRUE,TRUE
1045,88,"75 jaar of ouder",FALSE,FALSE,"Niet mee eens, niet mee oneens",FALSE,"Niet mee eens, niet mee oneens",FALSE,TRUE,FALSE,FALSE,TRUE,TRUE
1046,63,"55 tot 65 jaar",TRUE,TRUE,"Mee eens",TRUE,"Mee eens",TRUE,TRUE,FALSE,TRUE,TRUE,TRUE
1047,49,"45 tot 55 jaar",FALSE,TRUE,"Helemaal mee eens",TRUE,"Mee eens",TRUE,TRUE,FALSE,TRUE,TRUE,TRUE
1048,53,"45 tot 55 jaar",TRUE,FALSE,"Helemaal mee eens",TRUE,"Helemaal mee eens",TRUE,TRUE,TRUE,TRUE,TRUE,TRUE
1049,43,"35 tot 45 jaar",FALSE,TRUE,"Mee eens",TRUE,"Niet mee eens, niet mee oneens",FALSE,TRUE,TRUE,TRUE,TRUE,FALSE
1050,35,"35 tot 45 jaar",FALSE,TRUE,"Mee eens",TRUE,"Niet mee eens, niet mee oneens",FALSE,TRUE,TRUE,TRUE,TRUE,TRUE
1051,64,"55 tot 65 jaar",TRUE,TRUE,"Mee eens",TRUE,"Niet mee eens, niet mee oneens",FALSE,TRUE,TRUE,TRUE,FALSE,TRUE
1052,81,"75 jaar of ouder",TRUE,TRUE,"Helemaal mee eens",TRUE,"Mee eens",TRUE,TRUE,TRUE,TRUE,TRUE,TRUE
1053,23,"18 tot 25 jaar",FALSE,TRUE,"Mee eens",TRUE,"Niet mee eens, niet mee oneens",FALSE,TRUE,FALSE,FALSE,TRUE,FALSE
1054,34,"25 tot 35 jaar",TRUE,TRUE,"Mee eens",TRUE,"Mee eens",TRUE,TRUE,TRUE,TRUE,TRUE,TRUE
1055,24,"18 tot 25 jaar",FALSE,TRUE,"Helemaal mee oneens",FALSE,"Niet mee eens, niet mee oneens",FALSE,TRUE,TRUE,FALSE,FALSE,FALSE
1056,51,"45 tot 55 jaar",FALSE,TRUE,"Niet mee eens, niet mee oneens",FALSE,"Mee eens",TRUE,TRUE,TRUE,TRUE,TRUE,FALSE
1057,23,"18 tot 25 jaar",FALSE,TRUE,"Mee eens",TRUE,"Niet mee eens, niet mee oneens",FALSE,TRUE,FALSE,TRUE,TRUE,TRUE
1058,77,"75 jaar of ouder",TRUE,TRUE,"Helemaal mee eens",TRUE,"Niet mee eens, niet mee oneens",FALSE,TRUE,TRUE,TRUE,FALSE,FALSE
1059,54,"45 tot 55 jaar",TRUE,TRUE,"Helemaal mee eens",TRUE,"Helemaal mee eens",TRUE,TRUE,TRUE,TRUE,TRUE,TRUE
1060,78,"75 jaar of ouder",TRUE,TRUE,"Helemaal mee eens",TRUE,"Niet mee eens, niet mee oneens",FALSE,TRUE,TRUE,TRUE,FALSE,FALSE
1061,66,"65 tot 75 jaar",FALSE,TRUE,"Mee eens",TRUE,"Niet mee eens, niet mee oneens",FALSE,FALSE,TRUE,FALSE,FALSE,FALSE
1062,86,"75 jaar of ouder",TRUE,TRUE,"Mee eens",TRUE,"Niet mee eens, niet mee oneens",FALSE,FALSE,FALSE,TRUE,FALSE,FALSE
1063,61,"55 tot 65 jaar",TRUE,TRUE,"Mee eens",TRUE,"Niet mee eens, niet mee oneens",FALSE,TRUE,TRUE,TRUE,TRUE,TRUE
1064,52,"45 tot 55 jaar",TRUE,TRUE,"Mee eens",TRUE,"Mee eens",TRUE,TRUE,TRUE,TRUE,TRUE,TRUE
1065,41,"35 tot 45 jaar",TRUE,TRUE,"Helemaal mee eens",TRUE,"Helemaal mee eens",TRUE,TRUE,TRUE,TRUE,TRUE,TRUE
1066,42,"35 tot 45 jaar",FALSE,TRUE,"Mee eens",TRUE,"Niet mee eens, niet mee oneens",FALSE,TRUE,TRUE,FALSE,TRUE,TRUE
1067,20,"18 tot 25 jaar",TRUE,TRUE,"Helemaal mee eens",TRUE,"Helemaal mee eens",TRUE,TRUE,TRUE,TRUE,TRUE,TRUE
1068,22,"18 tot 25 jaar",TRUE,TRUE,"Helemaal mee eens",TRUE,"Helemaal mee eens",TRUE,TRUE,TRUE,TRUE,TRUE,TRUE
1069,56,"55 tot 65 jaar",TRUE,TRUE,"Mee eens",TRUE,"Mee oneens",FALSE,TRUE,TRUE,TRUE,FALSE,TRUE
1070,22,"18 tot 25 jaar",FALSE,TRUE,"Mee eens",TRUE,"Mee eens",TRUE,TRUE,TRUE,FALSE,FALSE,FALSE
1071,50,"45 tot 55 jaar",TRUE,TRUE,"Helemaal mee eens",TRUE,"Mee eens",TRUE,TRUE,TRUE,TRUE,TRUE,TRUE
1072,70,"65 tot 75 jaar",FALSE,TRUE,"Mee eens",TRUE,"Niet mee eens, niet mee oneens",FALSE,TRUE,TRUE,FALSE,TRUE,FALSE
1073,21,"18 tot 25 jaar",FALSE,TRUE,"Mee eens",TRUE,"Niet mee eens, niet mee oneens",FALSE,TRUE,TRUE,FALSE,TRUE,TRUE
1074,28,"25 tot 35 jaar",FALSE,TRUE,"Helemaal mee eens",TRUE,"Helemaal mee eens",TRUE,TRUE,TRUE,TRUE,TRUE,TRUE
1075,77,"75 jaar of ouder",FALSE,FALSE,"Niet mee eens, niet mee oneens",FALSE,"Niet mee eens, niet mee oneens",FALSE,TRUE,TRUE,TRUE,FALSE,FALSE
1076,69,"65 tot 75 jaar",TRUE,TRUE,"Helemaal mee eens",TRUE,"Helemaal mee eens",TRUE,TRUE,TRUE,TRUE,TRUE,TRUE
1077,60,"55 tot 65 jaar",TRUE,TRUE,"Helemaal mee eens",TRUE,"Helemaal mee eens",TRUE,TRUE,TRUE,TRUE,TRUE,TRUE
1078,28,"25 tot 35 jaar",TRUE,TRUE,"Helemaal mee eens",TRUE,"Helemaal mee eens",TRUE,TRUE,TRUE,TRUE,TRUE,TRUE
1079,69,"65 tot 75 jaar",FALSE,TRUE,"Helemaal mee eens",TRUE,"Helemaal mee eens",TRUE,TRUE,TRUE,TRUE,TRUE,TRUE
1080,75,"75 jaar of ouder",FALSE,FALSE,"Helemaal mee eens",TRUE,"Niet mee eens, niet mee oneens",FALSE,TRUE,TRUE,TRUE,TRUE,TRUE
1081,83,"75 jaar of ouder",TRUE,TRUE,"Helemaal mee eens",TRUE,"Mee eens",TRUE,TRUE,TRUE,TRUE,TRUE,TRUE
1082,49,"45 tot 55 jaar",TRUE,TRUE,"Helemaal mee eens",TRUE,"Mee eens",TRUE,TRUE,TRUE,TRUE,TRUE,TRUE
1083,75,"75 jaar of ouder",TRUE,TRUE,"Mee eens",TRUE,"Mee eens",TRUE,TRUE,TRUE,TRUE,TRUE,TRUE
1084,67,"65 tot 75 jaar",FALSE,TRUE,"Mee eens",TRUE,"Niet mee eens, niet mee oneens",FALSE,TRUE,TRUE,TRUE,TRUE,TRUE
1085,27,"25 tot 35 jaar",FALSE,TRUE,"Helemaal mee eens",TRUE,"Mee eens",TRUE,TRUE,TRUE,TRUE,TRUE,TRUE
1086,51,"45 tot 55 jaar",FALSE,TRUE,"Niet mee eens, niet mee oneens",FALSE,"Niet mee eens, niet mee oneens",FALSE,FALSE,TRUE,FALSE,FALSE,FALSE
1087,49,"45 tot 55 jaar",TRUE,TRUE,"Helemaal mee eens",TRUE,"Mee eens",TRUE,TRUE,TRUE,TRUE,TRUE,TRUE
1088,18,"18 tot 25 jaar",FALSE,TRUE,"Niet mee eens, niet mee oneens",FALSE,"Helemaal mee oneens",FALSE,FALSE,TRUE,FALSE,FALSE,FALSE
1089,61,"55 tot 65 jaar",TRUE,TRUE,"Mee eens",TRUE,"Niet mee eens, niet mee oneens",FALSE,TRUE,TRUE,TRUE,TRUE,FALSE
1090,38,"35 tot 45 jaar",TRUE,TRUE,"Helemaal mee eens",TRUE,"Mee eens",TRUE,TRUE,TRUE,TRUE,TRUE,TRUE
1091,41,"35 tot 45 jaar",TRUE,TRUE,"Niet mee eens, niet mee oneens",FALSE,"Mee eens",TRUE,TRUE,FALSE,TRUE,FALSE,FALSE
1092,19,"18 tot 25 jaar",TRUE,TRUE,"Mee eens",TRUE,"Helemaal mee eens",TRUE,TRUE,FALSE,TRUE,TRUE,FALSE
1093,53,"45 tot 55 jaar",FALSE,TRUE,"Helemaal mee eens",TRUE,"Mee eens",TRUE,TRUE,TRUE,TRUE,TRUE,TRUE
1094,22,"18 tot 25 jaar",TRUE,TRUE,"Mee eens",TRUE,"Niet mee eens, niet mee oneens",FALSE,TRUE,TRUE,FALSE,FALSE,FALSE
1095,64,"55 tot 65 jaar",TRUE,TRUE,"Helemaal mee eens",TRUE,"Mee eens",TRUE,TRUE,TRUE,TRUE,TRUE,TRUE
1096,67,"65 tot 75 jaar",TRUE,TRUE,"Mee eens",TRUE,"Mee eens",TRUE,TRUE,TRUE,TRUE,TRUE,TRUE
1097,49,"45 tot 55 jaar",FALSE,TRUE,"Niet mee eens, niet mee oneens",FALSE,"Niet mee eens, niet mee oneens",FALSE,TRUE,FALSE,FALSE,TRUE,FALSE
1098,73,"65 tot 75 jaar",TRUE,TRUE,"Mee eens",TRUE,"Mee eens",TRUE,TRUE,TRUE,TRUE,TRUE,FALSE
1099,71,"65 tot 75 jaar",TRUE,TRUE,"Helemaal mee eens",TRUE,"Mee eens",TRUE,FALSE,TRUE,FALSE,TRUE,FALSE
1100,31,"25 tot 35 jaar",FALSE,TRUE,"Mee eens",TRUE,"Mee eens",TRUE,TRUE,TRUE,TRUE,TRUE,TRUE
1101,71,"65 tot 75 jaar",FALSE,TRUE,"Mee eens",TRUE,"Mee eens",TRUE,TRUE,TRUE,TRUE,TRUE,TRUE
1102,49,"45 tot 55 jaar",FALSE,FALSE,"Helemaal mee eens",TRUE,"Mee eens",TRUE,TRUE,TRUE,TRUE,TRUE,TRUE
1103,46,"45 tot 55 jaar",FALSE,TRUE,"Mee eens",TRUE,"Mee eens",TRUE,TRUE,TRUE,TRUE,TRUE,TRUE
1104,47,"45 tot 55 jaar",FALSE,TRUE,"Helemaal mee eens",TRUE,"Helemaal mee eens",TRUE,TRUE,TRUE,TRUE,TRUE,TRUE
1105,38,"35 tot 45 jaar",TRUE,TRUE,"Helemaal mee eens",TRUE,"Mee eens",TRUE,TRUE,TRUE,TRUE,TRUE,TRUE
1106,71,"65 tot 75 jaar",FALSE,TRUE,"Mee eens",TRUE,"Niet mee eens, niet mee oneens",FALSE,TRUE,TRUE,TRUE,TRUE,FALSE
1107,70,"65 tot 75 jaar",TRUE,TRUE,"Helemaal mee eens",TRUE,"Helemaal mee eens",TRUE,TRUE,TRUE,TRUE,TRUE,TRUE
1108,72,"65 tot 75 jaar",FALSE,TRUE,"Mee eens",TRUE,"Niet mee eens, niet mee oneens",FALSE,TRUE,TRUE,TRUE,FALSE,FALSE
1109,47,"45 tot 55 jaar",TRUE,TRUE,"Helemaal mee eens",TRUE,"Helemaal mee eens",TRUE,TRUE,FALSE,TRUE,TRUE,TRUE
1110,65,"65 tot 75 jaar",TRUE,FALSE,"Helemaal mee eens",TRUE,"Niet mee eens, niet mee oneens",FALSE,TRUE,TRUE,TRUE,TRUE,TRUE
1111,40,"35 tot 45 jaar",TRUE,TRUE,"Mee eens",TRUE,"Mee eens",TRUE,TRUE,TRUE,TRUE,FALSE,FALSE
1112,33,"25 tot 35 jaar",FALSE,TRUE,"Helemaal mee eens",TRUE,"Niet mee eens, niet mee oneens",FALSE,TRUE,TRUE,FALSE,TRUE,FALSE
1113,22,"18 tot 25 jaar",TRUE,TRUE,"Mee eens",TRUE,"Niet mee eens, niet mee oneens",FALSE,FALSE,FALSE,FALSE,FALSE,TRUE
1114,32,"25 tot 35 jaar",FALSE,FALSE,"Helemaal mee eens",TRUE,"Helemaal mee eens",TRUE,TRUE,TRUE,TRUE,TRUE,TRUE
1115,75,"75 jaar of ouder",FALSE,TRUE,"Mee eens",TRUE,"Mee eens",TRUE,TRUE,TRUE,TRUE,TRUE,TRUE
1116,37,"35 tot 45 jaar",FALSE,TRUE,"Mee eens",TRUE,"Niet mee eens, niet mee oneens",FALSE,TRUE,TRUE,FALSE,TRUE,TRUE
1117,35,"35 tot 45 jaar",FALSE,TRUE,"Mee eens",TRUE,"Helemaal mee eens",TRUE,TRUE,TRUE,TRUE,TRUE,TRUE
1118,27,"25 tot 35 jaar",FALSE,TRUE,"Helemaal mee eens",TRUE,"Helemaal mee eens",TRUE,TRUE,TRUE,TRUE,TRUE,TRUE
1119,69,"65 tot 75 jaar",FALSE,TRUE,"Niet mee eens, niet mee oneens",FALSE,"Niet mee eens, niet mee oneens",FALSE,TRUE,TRUE,TRUE,TRUE,FALSE
1120,83,"75 jaar of ouder",FALSE,TRUE,"Mee eens",TRUE,"Mee oneens",FALSE,TRUE,TRUE,FALSE,TRUE,FALSE
1121,64,"55 tot 65 jaar",FALSE,TRUE,"Helemaal mee eens",TRUE,"Mee eens",TRUE,TRUE,FALSE,TRUE,TRUE,TRUE
1122,27,"25 tot 35 jaar",TRUE,TRUE,"Helemaal mee eens",TRUE,"Helemaal mee eens",TRUE,TRUE,TRUE,TRUE,TRUE,TRUE
1123,68,"65 tot 75 jaar",TRUE,TRUE,"Mee eens",TRUE,"Mee eens",TRUE,TRUE,TRUE,TRUE,TRUE,TRUE
1124,70,"65 tot 75 jaar",FALSE,TRUE,"Niet mee eens, niet mee oneens",FALSE,"Niet mee eens, niet mee oneens",FALSE,FALSE,TRUE,TRUE,FALSE,FALSE
1125,51,"45 tot 55 jaar",FALSE,TRUE,"Niet mee eens, niet mee oneens",FALSE,"Niet mee eens, niet mee oneens",FALSE,TRUE,TRUE,FALSE,FALSE,FALSE
1126,24,"18 tot 25 jaar",FALSE,TRUE,"Helemaal mee eens",TRUE,"Helemaal mee eens",TRUE,TRUE,TRUE,TRUE,TRUE,TRUE
1127,24,"18 tot 25 jaar",FALSE,TRUE,"Mee eens",TRUE,"Niet mee eens, niet mee oneens",FALSE,TRUE,FALSE,TRUE,TRUE,FALSE
1128,89,"75 jaar of ouder",TRUE,TRUE,"Mee eens",TRUE,"Mee eens",TRUE,TRUE,FALSE,TRUE,FALSE,FALSE
1129,19,"18 tot 25 jaar",TRUE,TRUE,"Helemaal mee eens",TRUE,"Mee eens",TRUE,TRUE,FALSE,TRUE,TRUE,TRUE
1130,46,"45 tot 55 jaar",FALSE,TRUE,"Mee eens",TRUE,"Niet mee eens, niet mee oneens",FALSE,TRUE,FALSE,TRUE,FALSE,TRUE
1131,88,"75 jaar of ouder",TRUE,TRUE,"Mee eens",TRUE,"Mee eens",TRUE,TRUE,TRUE,TRUE,TRUE,FALSE
1132,45,"45 tot 55 jaar",TRUE,TRUE,"Helemaal mee eens",TRUE,"Mee eens",TRUE,TRUE,TRUE,TRUE,TRUE,TRUE
1133,86,"75 jaar of ouder",TRUE,TRUE,"Helemaal mee eens",TRUE,"Mee eens",TRUE,TRUE,FALSE,TRUE,TRUE,TRUE
1134,81,"75 jaar of ouder",TRUE,TRUE,"Niet mee eens, niet mee oneens",FALSE,"Niet mee eens, niet mee oneens",FALSE,TRUE,FALSE,TRUE,FALSE,TRUE
1135,21,"18 tot 25 jaar",FALSE,TRUE,"Helemaal mee eens",TRUE,"Helemaal mee eens",TRUE,TRUE,TRUE,TRUE,TRUE,TRUE
1136,69,"65 tot 75 jaar",TRUE,TRUE,"Mee eens",TRUE,"Helemaal mee eens",TRUE,TRUE,TRUE,TRUE,TRUE,TRUE
1137,56,"55 tot 65 jaar",TRUE,TRUE,"Helemaal mee eens",TRUE,"Helemaal mee eens",TRUE,TRUE,TRUE,TRUE,TRUE,TRUE
1138,41,"35 tot 45 jaar",TRUE,TRUE,"Helemaal mee eens",TRUE,"Helemaal mee eens",TRUE,TRUE,TRUE,TRUE,TRUE,TRUE
1139,23,"18 tot 25 jaar",FALSE,TRUE,"Mee eens",TRUE,"Helemaal mee eens",TRUE,TRUE,TRUE,TRUE,TRUE,FALSE
1140,55,"55 tot 65 jaar",TRUE,TRUE,"Mee eens",TRUE,"Mee eens",TRUE,TRUE,TRUE,TRUE,TRUE,FALSE
1141,84,"75 jaar of ouder",FALSE,TRUE,"Helemaal mee eens",TRUE,"Helemaal mee eens",TRUE,TRUE,TRUE,TRUE,TRUE,TRUE
1142,61,"55 tot 65 jaar",FALSE,TRUE,"Mee eens",TRUE,"Niet mee eens, niet mee oneens",FALSE,TRUE,FALSE,TRUE,FALSE,FALSE
1143,34,"25 tot 35 jaar",TRUE,TRUE,"Helemaal mee eens",TRUE,"Mee eens",TRUE,TRUE,TRUE,TRUE,TRUE,TRUE
1144,25,"25 tot 35 jaar",TRUE,TRUE,"Helemaal mee eens",TRUE,"Mee eens",TRUE,TRUE,TRUE,TRUE,TRUE,TRUE
1145,36,"35 tot 45 jaar",TRUE,FALSE,"Helemaal mee eens",TRUE,"Helemaal mee eens",TRUE,TRUE,TRUE,TRUE,TRUE,TRUE
1146,71,"65 tot 75 jaar",TRUE,TRUE,"Mee eens",TRUE,"Mee eens",TRUE,TRUE,FALSE,TRUE,TRUE,TRUE
1147,49,"45 tot 55 jaar",TRUE,TRUE,"Mee eens",TRUE,"Mee eens",TRUE,FALSE,TRUE,TRUE,FALSE,TRUE
1148,58,"55 tot 65 jaar",TRUE,TRUE,"Mee eens",TRUE,"Niet mee eens, niet mee oneens",FALSE,TRUE,TRUE,FALSE,FALSE,FALSE
1149,60,"55 tot 65 jaar",FALSE,TRUE,"Helemaal mee eens",TRUE,"Helemaal mee eens",TRUE,TRUE,TRUE,TRUE,TRUE,TRUE
1150,75,"75 jaar of ouder",FALSE,TRUE,"Helemaal mee eens",TRUE,"Mee eens",TRUE,TRUE,TRUE,TRUE,TRUE,FALSE
1151,46,"45 tot 55 jaar",FALSE,TRUE,"Niet mee eens, niet mee oneens",FALSE,"Mee eens",TRUE,TRUE,TRUE,FALSE,TRUE,FALSE
1152,59,"55 tot 65 jaar",FALSE,TRUE,"Helemaal mee eens",TRUE,"Mee eens",TRUE,TRUE,TRUE,TRUE,TRUE,TRUE
1153,62,"55 tot 65 jaar",FALSE,TRUE,"Mee eens",TRUE,"Niet mee eens, niet mee oneens",FALSE,TRUE,FALSE,FALSE,TRUE,TRUE
1154,52,"45 tot 55 jaar",FALSE,TRUE,"Mee eens",TRUE,"Mee oneens",FALSE,FALSE,FALSE,FALSE,FALSE,TRUE
1155,60,"55 tot 65 jaar",TRUE,TRUE,"Mee eens",TRUE,"Mee eens",TRUE,TRUE,TRUE,TRUE,TRUE,FALSE
1156,25,"25 tot 35 jaar",TRUE,FALSE,"Niet mee eens, niet mee oneens",FALSE,"Helemaal mee oneens",FALSE,FALSE,FALSE,TRUE,FALSE,TRUE
1157,49,"45 tot 55 jaar",TRUE,TRUE,"Mee eens",TRUE,"Mee eens",TRUE,TRUE,TRUE,TRUE,TRUE,TRUE
1158,43,"35 tot 45 jaar",FALSE,TRUE,"Helemaal mee eens",TRUE,"Helemaal mee eens",TRUE,TRUE,TRUE,TRUE,TRUE,TRUE
1159,75,"75 jaar of ouder",TRUE,TRUE,"Helemaal mee eens",TRUE,"Helemaal mee eens",TRUE,TRUE,TRUE,TRUE,TRUE,TRUE
1160,24,"18 tot 25 jaar",FALSE,TRUE,"Helemaal mee eens",TRUE,"Helemaal mee eens",TRUE,TRUE,TRUE,TRUE,TRUE,TRUE
1161,64,"55 tot 65 jaar",FALSE,TRUE,"Helemaal mee eens",TRUE,"Mee eens",TRUE,FALSE,TRUE,TRUE,TRUE,FALSE
1162,89,"75 jaar of ouder",FALSE,TRUE,"Niet mee eens, niet mee oneens",FALSE,"Helemaal mee oneens",FALSE,FALSE,FALSE,FALSE,FALSE,FALSE
1163,53,"45 tot 55 jaar",FALSE,TRUE,"Mee eens",TRUE,"Mee eens",TRUE,TRUE,TRUE,TRUE,TRUE,TRUE
1164,70,"65 tot 75 jaar",TRUE,TRUE,"Mee eens",TRUE,"Mee eens",TRUE,TRUE,TRUE,TRUE,TRUE,TRUE
1165,67,"65 tot 75 jaar",TRUE,TRUE,"Mee eens",TRUE,"Mee oneens",FALSE,TRUE,TRUE,TRUE,TRUE,FALSE
1166,86,"75 jaar of ouder",FALSE,TRUE,"Mee eens",TRUE,"Niet mee eens, niet mee oneens",FALSE,FALSE,FALSE,FALSE,FALSE,TRUE
1167,19,"18 tot 25 jaar",TRUE,TRUE,"Mee eens",TRUE,"Niet mee eens, niet mee oneens",FALSE,TRUE,TRUE,TRUE,FALSE,TRUE
1168,53,"45 tot 55 jaar",FALSE,TRUE,"Helemaal mee eens",TRUE,"Mee eens",TRUE,TRUE,TRUE,TRUE,TRUE,TRUE
1169,28,"25 tot 35 jaar",TRUE,TRUE,"Mee eens",TRUE,"Mee eens",TRUE,TRUE,TRUE,TRUE,TRUE,TRUE
1170,32,"25 tot 35 jaar",TRUE,TRUE,"Helemaal mee eens",TRUE,"Mee eens",TRUE,TRUE,TRUE,TRUE,TRUE,TRUE
1171,29,"25 tot 35 jaar",FALSE,FALSE,"Niet mee eens, niet mee oneens",FALSE,"Niet mee eens, niet mee oneens",FALSE,FALSE,TRUE,TRUE,TRUE,FALSE
1172,25,"25 tot 35 jaar",FALSE,TRUE,"Helemaal mee eens",TRUE,"Niet mee eens, niet mee oneens",FALSE,TRUE,TRUE,TRUE,TRUE,TRUE
1173,29,"25 tot 35 jaar",FALSE,TRUE,"Helemaal mee eens",TRUE,"Helemaal mee eens",TRUE,TRUE,TRUE,TRUE,TRUE,TRUE
1174,41,"35 tot 45 jaar",FALSE,TRUE,"Helemaal mee eens",TRUE,"Mee eens",TRUE,TRUE,TRUE,TRUE,TRUE,TRUE
1175,89,"75 jaar of ouder",TRUE,TRUE,"Helemaal mee eens",TRUE,"Niet mee eens, niet mee oneens",FALSE,TRUE,TRUE,TRUE,TRUE,TRUE
1176,90,"75 jaar of ouder",TRUE,TRUE,"Mee eens",TRUE,"Mee eens",TRUE,TRUE,TRUE,FALSE,FALSE,TRUE
1177,47,"45 tot 55 jaar",FALSE,TRUE,"Mee eens",TRUE,"Mee eens",TRUE,TRUE,TRUE,FALSE,TRUE,TRUE
1178,72,"65 tot 75 jaar",FALSE,TRUE,"Mee eens",TRUE,"Mee oneens",FALSE,TRUE,TRUE,FALSE,TRUE,TRUE
1179,22,"18 tot 25 jaar",FALSE,TRUE,"Helemaal mee eens",TRUE,"Mee eens",TRUE,TRUE,TRUE,TRUE,TRUE,TRUE
1180,34,"25 tot 35 jaar",FALSE,TRUE,"Mee eens",TRUE,"Niet mee eens, niet mee oneens",FALSE,TRUE,TRUE,TRUE,TRUE,TRUE
1181,58,"55 tot 65 jaar",FALSE,TRUE,"Mee eens",TRUE,"Mee oneens",FALSE,TRUE,TRUE,FALSE,FALSE,FALSE
1182,69,"65 tot 75 jaar",TRUE,TRUE,"Helemaal mee eens",TRUE,"Helemaal mee eens",TRUE,TRUE,TRUE,TRUE,TRUE,TRUE
1183,42,"35 tot 45 jaar",FALSE,TRUE,"Helemaal mee eens",TRUE,"Mee oneens",FALSE,TRUE,TRUE,FALSE,FALSE,TRUE
1184,74,"65 tot 75 jaar",TRUE,TRUE,"Helemaal mee eens",TRUE,"Helemaal mee eens",TRUE,TRUE,TRUE,TRUE,TRUE,TRUE
1185,49,"45 tot 55 jaar",FALSE,TRUE,"Helemaal mee eens",TRUE,"Helemaal mee eens",TRUE,TRUE,TRUE,TRUE,TRUE,TRUE
1186,71,"65 tot 75 jaar",TRUE,TRUE,"Mee eens",TRUE,"Mee eens",TRUE,TRUE,TRUE,TRUE,TRUE,FALSE
1187,87,"75 jaar of ouder",TRUE,TRUE,"Helemaal mee eens",TRUE,"Mee eens",TRUE,FALSE,TRUE,TRUE,TRUE,FALSE
1188,26,"25 tot 35 jaar",TRUE,TRUE,"Mee eens",TRUE,"Niet mee eens, niet mee oneens",FALSE,FALSE,TRUE,TRUE,FALSE,TRUE
1189,73,"65 tot 75 jaar",TRUE,TRUE,"Mee eens",TRUE,"Mee eens",TRUE,TRUE,TRUE,TRUE,TRUE,TRUE
1190,74,"65 tot 75 jaar",FALSE,TRUE,"Helemaal mee eens",TRUE,"Niet mee eens, niet mee oneens",FALSE,TRUE,TRUE,TRUE,TRUE,FALSE
1191,37,"35 tot 45 jaar",TRUE,TRUE,"Mee eens",TRUE,"Mee eens",TRUE,TRUE,FALSE,TRUE,FALSE,FALSE
1192,28,"25 tot 35 jaar",FALSE,TRUE,"Helemaal mee eens",TRUE,"Mee eens",TRUE,TRUE,TRUE,TRUE,TRUE,TRUE
1193,32,"25 tot 35 jaar",FALSE,TRUE,"Niet mee eens, niet mee oneens",FALSE,"Mee oneens",FALSE,FALSE,FALSE,FALSE,FALSE,FALSE
1194,47,"45 tot 55 jaar",FALSE,TRUE,"Helemaal mee eens",TRUE,"Helemaal mee eens",TRUE,TRUE,TRUE,TRUE,TRUE,TRUE
1195,37,"35 tot 45 jaar",TRUE,TRUE,"Helemaal mee eens",TRUE,"Mee eens",TRUE,TRUE,TRUE,TRUE,TRUE,TRUE
1196,61,"55 tot 65 jaar",TRUE,FALSE,"Niet mee eens, niet mee oneens",FALSE,"Niet mee eens, niet mee oneens",FALSE,TRUE,FALSE,FALSE,FALSE,FALSE
1197,65,"65 tot 75 jaar",FALSE,TRUE,"Helemaal mee eens",TRUE,"Mee eens",TRUE,TRUE,TRUE,TRUE,TRUE,TRUE
1198,84,"75 jaar of ouder",FALSE,TRUE,"Helemaal mee eens",TRUE,"Mee eens",TRUE,TRUE,TRUE,TRUE,TRUE,TRUE
1199,62,"55 tot 65 jaar",TRUE,TRUE,"Mee eens",TRUE,"Mee eens",TRUE,TRUE,TRUE,TRUE,FALSE,TRUE
1200,64,"55 tot 65 jaar",TRUE,TRUE,"Mee eens",TRUE,"Mee eens",TRUE,FALSE,TRUE,FALSE,TRUE,TRUE
1201,30,"25 tot 35 jaar",FALSE,TRUE,"Mee eens",TRUE,"Niet mee eens, niet mee oneens",FALSE,FALSE,FALSE,FALSE,FALSE,FALSE
1202,56,"55 tot 65 jaar",TRUE,TRUE,"Niet mee eens, niet mee oneens",FALSE,"Mee oneens",FALSE,FALSE,TRUE,FALSE,FALSE,FALSE
1203,36,"35 tot 45 jaar",TRUE,TRUE,"Mee eens",TRUE,"Helemaal mee eens",TRUE,TRUE,TRUE,TRUE,TRUE,FALSE
1204,69,"65 tot 75 jaar",TRUE,TRUE,"Mee eens",TRUE,"Mee eens",TRUE,TRUE,TRUE,TRUE,TRUE,FALSE
1205,50,"45 tot 55 jaar",FALSE,TRUE,"Mee eens",TRUE,"Niet mee eens, niet mee oneens",FALSE,TRUE,FALSE,FALSE,FALSE,FALSE
1206,53,"45 tot 55 jaar",FALSE,TRUE,"Helemaal mee eens",TRUE,"Niet mee eens, niet mee oneens",FALSE,TRUE,TRUE,TRUE,TRUE,TRUE
1207,29,"25 tot 35 jaar",FALSE,TRUE,"Mee eens",TRUE,"Mee eens",TRUE,TRUE,FALSE,TRUE,TRUE,TRUE
1208,58,"55 tot 65 jaar",TRUE,TRUE,"Helemaal mee eens",TRUE,"Mee eens",TRUE,TRUE,TRUE,TRUE,TRUE,FALSE
1209,48,"45 tot 55 jaar",FALSE,TRUE,"Mee eens",TRUE,"Niet mee eens, niet mee oneens",FALSE,TRUE,TRUE,TRUE,TRUE,FALSE
1210,26,"25 tot 35 jaar",FALSE,TRUE,"Helemaal mee eens",TRUE,"Helemaal mee eens",TRUE,TRUE,TRUE,TRUE,TRUE,TRUE
1211,77,"75 jaar of ouder",TRUE,TRUE,"Mee eens",TRUE,"Mee eens",TRUE,TRUE,TRUE,TRUE,TRUE,TRUE
1212,50,"45 tot 55 jaar",FALSE,TRUE,"Mee eens",TRUE,"Helemaal mee eens",TRUE,TRUE,FALSE,TRUE,TRUE,TRUE
1213,36,"35 tot 45 jaar",TRUE,TRUE,"Mee eens",TRUE,"Mee eens",TRUE,TRUE,TRUE,FALSE,TRUE,FALSE
1214,63,"55 tot 65 jaar",TRUE,TRUE,"Mee eens",TRUE,"Niet mee eens, niet mee oneens",FALSE,TRUE,TRUE,FALSE,TRUE,FALSE
1215,56,"55 tot 65 jaar",TRUE,FALSE,"Helemaal mee eens",TRUE,"Mee eens",TRUE,TRUE,TRUE,TRUE,TRUE,TRUE
1216,47,"45 tot 55 jaar",TRUE,TRUE,"Helemaal mee eens",TRUE,"Helemaal mee eens",TRUE,TRUE,TRUE,TRUE,TRUE,TRUE
1217,23,"18 tot 25 jaar",FALSE,TRUE,"Mee eens",TRUE,"Mee eens",TRUE,TRUE,TRUE,TRUE,FALSE,FALSE
1218,67,"65 tot 75 jaar",TRUE,TRUE,"Mee eens",TRUE,"Niet mee eens, niet mee oneens",FALSE,FALSE,TRUE,FALSE,FALSE,FALSE
1219,32,"25 tot 35 jaar",TRUE,TRUE,"Mee eens",TRUE,"Mee eens",TRUE,TRUE,TRUE,TRUE,TRUE,TRUE
1220,47,"45 tot 55 jaar",TRUE,TRUE,"Mee eens",TRUE,"Mee eens",TRUE,TRUE,TRUE,TRUE,TRUE,FALSE
1221,39,"35 tot 45 jaar",TRUE,TRUE,"Mee eens",TRUE,"Mee eens",TRUE,TRUE,FALSE,TRUE,TRUE,TRUE
1222,66,"65 tot 75 jaar",FALSE,TRUE,"Mee eens",TRUE,"Mee eens",TRUE,TRUE,TRUE,TRUE,FALSE,FALSE
1223,50,"45 tot 55 jaar",FALSE,FALSE,"Helemaal mee eens",TRUE,"Helemaal mee eens",TRUE,TRUE,TRUE,TRUE,TRUE,TRUE
1224,73,"65 tot 75 jaar",FALSE,TRUE,"Helemaal mee eens",TRUE,"Niet mee eens, niet mee oneens",FALSE,TRUE,TRUE,FALSE,TRUE,TRUE
1225,58,"55 tot 65 jaar",FALSE,TRUE,"Mee eens",TRUE,"Niet mee eens, niet mee oneens",FALSE,TRUE,TRUE,FALSE,FALSE,TRUE
1226,65,"65 tot 75 jaar",FALSE,TRUE,"Helemaal mee eens",TRUE,"Mee eens",TRUE,FALSE,TRUE,TRUE,TRUE,FALSE
1227,40,"35 tot 45 jaar",TRUE,TRUE,"Helemaal mee eens",TRUE,"Mee eens",TRUE,TRUE,TRUE,TRUE,TRUE,TRUE
1228,49,"45 tot 55 jaar",FALSE,TRUE,"Mee eens",TRUE,"Mee eens",TRUE,TRUE,TRUE,TRUE,TRUE,FALSE
1229,21,"18 tot 25 jaar",TRUE,FALSE,"Helemaal mee eens",TRUE,"Helemaal mee eens",TRUE,TRUE,TRUE,TRUE,TRUE,TRUE
1230,65,"65 tot 75 jaar",TRUE,TRUE,"Helemaal mee eens",TRUE,"Helemaal mee eens",TRUE,TRUE,TRUE,TRUE,TRUE,TRUE
1231,49,"45 tot 55 jaar",FALSE,TRUE,"Mee eens",TRUE,"Mee eens",TRUE,TRUE,TRUE,FALSE,TRUE,TRUE
1232,31,"25 tot 35 jaar",TRUE,TRUE,"Helemaal mee eens",TRUE,"Helemaal mee eens",TRUE,TRUE,TRUE,TRUE,TRUE,TRUE
1233,36,"35 tot 45 jaar",TRUE,TRUE,"Helemaal mee eens",TRUE,"Mee eens",TRUE,TRUE,TRUE,TRUE,TRUE,TRUE
1234,73,"65 tot 75 jaar",TRUE,TRUE,"Helemaal mee eens",TRUE,"Helemaal mee eens",TRUE,TRUE,TRUE,TRUE,TRUE,TRUE
1235,47,"45 tot 55 jaar",TRUE,TRUE,"Helemaal mee eens",TRUE,"Niet mee eens, niet mee oneens",FALSE,TRUE,FALSE,TRUE,FALSE,FALSE
1236,55,"55 tot 65 jaar",TRUE,TRUE,"Helemaal mee eens",TRUE,"Mee eens",TRUE,TRUE,TRUE,TRUE,TRUE,TRUE
1237,89,"75 jaar of ouder",FALSE,TRUE,"Helemaal mee eens",TRUE,"Mee eens",TRUE,TRUE,TRUE,TRUE,TRUE,TRUE
1238,41,"35 tot 45 jaar",TRUE,TRUE,"Mee eens",TRUE,"Mee eens",TRUE,TRUE,TRUE,TRUE,FALSE,FALSE
1239,43,"35 tot 45 jaar",FALSE,TRUE,"Helemaal mee eens",TRUE,"Mee eens",TRUE,TRUE,TRUE,TRUE,TRUE,TRUE
1240,61,"55 tot 65 jaar",TRUE,TRUE,"Mee eens",TRUE,"Mee eens",TRUE,TRUE,TRUE,TRUE,TRUE,TRUE
1241,51,"45 tot 55 jaar",TRUE,TRUE,"Helemaal mee eens",TRUE,"Mee eens",TRUE,TRUE,TRUE,TRUE,TRUE,TRUE
1242,65,"65 tot 75 jaar",FALSE,TRUE,"Niet mee eens, niet mee oneens",FALSE,"Niet mee eens, niet mee oneens",FALSE,TRUE,FALSE,TRUE,FALSE,FALSE
1243,28,"25 tot 35 jaar",TRUE,TRUE,"Mee eens",TRUE,"Mee oneens",FALSE,TRUE,TRUE,TRUE,TRUE,TRUE
1244,22,"18 tot 25 jaar",FALSE,TRUE,"Helemaal mee eens",TRUE,"Mee eens",TRUE,TRUE,TRUE,TRUE,TRUE,TRUE
1245,41,"35 tot 45 jaar",FALSE,TRUE,"Helemaal mee eens",TRUE,"Helemaal mee eens",TRUE,TRUE,TRUE,TRUE,TRUE,TRUE
1246,77,"75 jaar of ouder",FALSE,TRUE,"Niet mee eens, niet mee oneens",FALSE,"Niet mee eens, niet mee oneens",FALSE,FALSE,TRUE,FALSE,FALSE,FALSE
1247,33,"25 tot 35 jaar",FALSE,TRUE,"Mee eens",TRUE,"Mee eens",TRUE,TRUE,FALSE,TRUE,TRUE,FALSE
1248,24,"18 tot 25 jaar",TRUE,TRUE,"Helemaal mee eens",TRUE,"Helemaal mee eens",TRUE,TRUE,TRUE,TRUE,TRUE,TRUE
1249,63,"55 tot 65 jaar",FALSE,TRUE,"Helemaal mee eens",TRUE,"Mee eens",TRUE,FALSE,TRUE,TRUE,TRUE,TRUE
1250,25,"25 tot 35 jaar",FALSE,TRUE,"Mee eens",TRUE,"Niet mee eens, niet mee oneens",FALSE,TRUE,TRUE,FALSE,FALSE,TRUE
1251,62,"55 tot 65 jaar",TRUE,TRUE,"Helemaal mee eens",TRUE,"Helemaal mee eens",TRUE,TRUE,TRUE,TRUE,TRUE,TRUE
1252,46,"45 tot 55 jaar",TRUE,TRUE,"Mee eens",TRUE,"Helemaal mee eens",TRUE,TRUE,TRUE,FALSE,TRUE,TRUE
1253,67,"65 tot 75 jaar",FALSE,FALSE,"Helemaal mee eens",TRUE,"Helemaal mee eens",TRUE,TRUE,TRUE,TRUE,TRUE,TRUE
1254,54,"45 tot 55 jaar",FALSE,TRUE,"Niet mee eens, niet mee oneens",FALSE,"Niet mee eens, niet mee oneens",FALSE,TRUE,TRUE,FALSE,TRUE,FALSE
1255,75,"75 jaar of ouder",FALSE,TRUE,"Mee eens",TRUE,"Mee eens",TRUE,TRUE,FALSE,TRUE,FALSE,FALSE
1256,68,"65 tot 75 jaar",FALSE,TRUE,"Mee eens",TRUE,"Niet mee eens, niet mee oneens",FALSE,TRUE,TRUE,TRUE,TRUE,TRUE
1257,71,"65 tot 75 jaar",FALSE,TRUE,"Helemaal mee eens",TRUE,"Mee eens",TRUE,TRUE,FALSE,TRUE,TRUE,FALSE
1258,21,"18 tot 25 jaar",FALSE,TRUE,"Helemaal mee eens",TRUE,"Helemaal mee eens",TRUE,TRUE,TRUE,TRUE,TRUE,TRUE
1259,51,"45 tot 55 jaar",FALSE,TRUE,"Helemaal mee eens",TRUE,"Helemaal mee eens",TRUE,TRUE,TRUE,TRUE,TRUE,TRUE
1260,51,"45 tot 55 jaar",FALSE,TRUE,"Helemaal mee eens",TRUE,"Helemaal mee eens",TRUE,TRUE,TRUE,TRUE,TRUE,TRUE
1261,26,"25 tot 35 jaar",FALSE,TRUE,"Helemaal mee eens",TRUE,"Helemaal mee eens",TRUE,TRUE,TRUE,TRUE,TRUE,TRUE
1262,23,"18 tot 25 jaar",FALSE,TRUE,"Helemaal mee eens",TRUE,"Mee eens",TRUE,TRUE,TRUE,TRUE,TRUE,TRUE
1263,62,"55 tot 65 jaar",TRUE,TRUE,"Mee eens",TRUE,"Mee eens",TRUE,TRUE,FALSE,FALSE,FALSE,FALSE
1264,76,"75 jaar of ouder",TRUE,TRUE,"Mee eens",TRUE,"Mee eens",TRUE,TRUE,TRUE,TRUE,TRUE,TRUE
1265,46,"45 tot 55 jaar",TRUE,TRUE,"Mee eens",TRUE,"Mee eens",TRUE,TRUE,TRUE,FALSE,TRUE,FALSE
1266,90,"75 jaar of ouder",TRUE,TRUE,"Helemaal mee eens",TRUE,"Helemaal mee eens",TRUE,TRUE,TRUE,TRUE,TRUE,TRUE
1267,87,"75 jaar of ouder",TRUE,TRUE,"Helemaal mee eens",TRUE,"Mee eens",TRUE,TRUE,TRUE,TRUE,TRUE,TRUE
1268,34,"25 tot 35 jaar",TRUE,TRUE,"Mee eens",TRUE,"Helemaal mee eens",TRUE,TRUE,FALSE,TRUE,TRUE,TRUE
1269,37,"35 tot 45 jaar",TRUE,TRUE,"Helemaal mee eens",TRUE,"Mee eens",TRUE,TRUE,TRUE,FALSE,TRUE,TRUE
1270,73,"65 tot 75 jaar",TRUE,TRUE,"Helemaal mee eens",TRUE,"Mee eens",TRUE,TRUE,TRUE,TRUE,TRUE,TRUE
1271,40,"35 tot 45 jaar",TRUE,TRUE,"Mee eens",TRUE,"Mee eens",TRUE,TRUE,TRUE,TRUE,TRUE,TRUE
1272,48,"45 tot 55 jaar",TRUE,TRUE,"Mee eens",TRUE,"Mee eens",TRUE,TRUE,TRUE,TRUE,TRUE,FALSE
1273,83,"75 jaar of ouder",FALSE,TRUE,"Helemaal mee eens",TRUE,"Helemaal mee eens",TRUE,TRUE,TRUE,TRUE,TRUE,TRUE
1274,43,"35 tot 45 jaar",TRUE,TRUE,"Helemaal mee eens",TRUE,"Helemaal mee eens",TRUE,TRUE,TRUE,TRUE,TRUE,TRUE
1275,61,"55 tot 65 jaar",TRUE,TRUE,"Helemaal mee eens",TRUE,"Mee eens",TRUE,TRUE,TRUE,FALSE,TRUE,TRUE
1276,44,"35 tot 45 jaar",FALSE,TRUE,"Helemaal mee eens",TRUE,"Helemaal mee eens",TRUE,TRUE,TRUE,TRUE,TRUE,TRUE
1277,26,"25 tot 35 jaar",FALSE,TRUE,"Mee eens",TRUE,"Niet mee eens, niet mee oneens",FALSE,TRUE,TRUE,TRUE,TRUE,TRUE
1278,24,"18 tot 25 jaar",FALSE,TRUE,"Helemaal mee eens",TRUE,"Helemaal mee eens",TRUE,TRUE,TRUE,TRUE,TRUE,TRUE
1279,67,"65 tot 75 jaar",FALSE,TRUE,"Helemaal mee eens",TRUE,"Helemaal mee eens",TRUE,TRUE,TRUE,TRUE,TRUE,TRUE
1280,57,"55 tot 65 jaar",TRUE,TRUE,"Helemaal mee eens",TRUE,"Mee eens",TRUE,TRUE,TRUE,TRUE,TRUE,TRUE
1281,60,"55 tot 65 jaar",TRUE,FALSE,"Mee eens",TRUE,"Mee oneens",FALSE,FALSE,TRUE,FALSE,TRUE,FALSE
1282,34,"25 tot 35 jaar",FALSE,TRUE,"Helemaal mee eens",TRUE,"Helemaal mee eens",TRUE,TRUE,TRUE,TRUE,TRUE,TRUE
1283,25,"25 tot 35 jaar",TRUE,TRUE,"Helemaal mee eens",TRUE,"Mee eens",TRUE,TRUE,TRUE,TRUE,TRUE,TRUE
1284,74,"65 tot 75 jaar",TRUE,TRUE,"Helemaal mee eens",TRUE,"Mee eens",TRUE,TRUE,TRUE,TRUE,TRUE,TRUE
1285,50,"45 tot 55 jaar",FALSE,TRUE,"Helemaal mee eens",TRUE,"Mee eens",TRUE,TRUE,TRUE,TRUE,TRUE,TRUE
1286,29,"25 tot 35 jaar",FALSE,TRUE,"Mee eens",TRUE,"Niet mee eens, niet mee oneens",FALSE,TRUE,TRUE,TRUE,TRUE,TRUE
1287,26,"25 tot 35 jaar",FALSE,TRUE,"Mee eens",TRUE,"Mee eens",TRUE,TRUE,TRUE,TRUE,TRUE,TRUE
1288,56,"55 tot 65 jaar",FALSE,TRUE,"Mee eens",TRUE,"Mee eens",TRUE,TRUE,TRUE,TRUE,TRUE,TRUE
1289,34,"25 tot 35 jaar",TRUE,TRUE,"Helemaal mee eens",TRUE,"Mee eens",TRUE,TRUE,TRUE,TRUE,TRUE,TRUE
1290,89,"75 jaar of ouder",FALSE,TRUE,"Mee eens",TRUE,"Mee eens",TRUE,TRUE,TRUE,TRUE,FALSE,FALSE
1291,28,"25 tot 35 jaar",FALSE,TRUE,"Helemaal mee eens",TRUE,"Mee eens",TRUE,TRUE,TRUE,TRUE,TRUE,TRUE
1292,87,"75 jaar of ouder",FALSE,TRUE,"Helemaal mee eens",TRUE,"Niet mee eens, niet mee oneens",FALSE,TRUE,TRUE,TRUE,TRUE,TRUE
1293,40,"35 tot 45 jaar",TRUE,TRUE,"Mee eens",TRUE,"Mee eens",TRUE,TRUE,TRUE,FALSE,TRUE,TRUE
1294,24,"18 tot 25 jaar",TRUE,TRUE,"Mee eens",TRUE,"Mee eens",TRUE,TRUE,TRUE,FALSE,TRUE,TRUE
1295,67,"65 tot 75 jaar",TRUE,TRUE,"Helemaal mee eens",TRUE,"Helemaal mee eens",TRUE,TRUE,TRUE,TRUE,TRUE,TRUE
1296,28,"25 tot 35 jaar",TRUE,TRUE,"Mee eens",TRUE,"Mee eens",TRUE,TRUE,TRUE,TRUE,TRUE,FALSE
1297,19,"18 tot 25 jaar",TRUE,TRUE,"Helemaal mee eens",TRUE,"Helemaal mee eens",TRUE,TRUE,TRUE,TRUE,TRUE,TRUE
1298,70,"65 tot 75 jaar",FALSE,TRUE,"Mee eens",TRUE,"Mee eens",TRUE,TRUE,FALSE,TRUE,TRUE,TRUE
1299,22,"18 tot 25 jaar",FALSE,TRUE,"Helemaal mee eens",TRUE,"Niet mee eens, niet mee oneens",FALSE,TRUE,TRUE,TRUE,TRUE,TRUE
1300,65,"65 tot 75 jaar",TRUE,TRUE,"Helemaal mee eens",TRUE,"Mee eens",TRUE,FALSE,TRUE,TRUE,TRUE,FALSE
1301,18,"18 tot 25 jaar",TRUE,TRUE,"Helemaal mee eens",TRUE,"Mee eens",TRUE,TRUE,FALSE,TRUE,FALSE,FALSE
1302,32,"25 tot 35 jaar",TRUE,TRUE,"Helemaal mee eens",TRUE,"Helemaal mee eens",TRUE,TRUE,TRUE,TRUE,TRUE,TRUE
1303,49,"45 tot 55 jaar",TRUE,TRUE,"Helemaal mee eens",TRUE,"Helemaal mee eens",TRUE,TRUE,TRUE,TRUE,TRUE,TRUE
1304,42,"35 tot 45 jaar",FALSE,TRUE,"Helemaal mee eens",TRUE,"Mee eens",TRUE,TRUE,TRUE,TRUE,TRUE,TRUE
1305,67,"65 tot 75 jaar",TRUE,TRUE,"Mee eens",TRUE,"Mee eens",TRUE,TRUE,TRUE,TRUE,FALSE,TRUE
1306,74,"65 tot 75 jaar",TRUE,TRUE,"Mee eens",TRUE,"Mee eens",TRUE,TRUE,FALSE,TRUE,TRUE,TRUE
1307,39,"35 tot 45 jaar",FALSE,TRUE,"Niet mee eens, niet mee oneens",FALSE,"Niet mee eens, niet mee oneens",FALSE,FALSE,FALSE,FALSE,FALSE,FALSE
1308,51,"45 tot 55 jaar",TRUE,TRUE,"Mee eens",TRUE,"Mee eens",TRUE,TRUE,TRUE,TRUE,TRUE,TRUE
1309,27,"25 tot 35 jaar",TRUE,TRUE,"Mee eens",TRUE,"Mee eens",TRUE,TRUE,TRUE,TRUE,TRUE,FALSE
1310,39,"35 tot 45 jaar",FALSE,TRUE,"Niet mee eens, niet mee oneens",FALSE,"Niet mee eens, niet mee oneens",FALSE,TRUE,TRUE,FALSE,FALSE,FALSE
1311,55,"55 tot 65 jaar",TRUE,TRUE,"Helemaal mee eens",TRUE,"Helemaal mee eens",TRUE,TRUE,TRUE,TRUE,TRUE,TRUE
1312,75,"75 jaar of ouder",TRUE,TRUE,"Mee eens",TRUE,"Helemaal mee eens",TRUE,TRUE,TRUE,TRUE,TRUE,TRUE
1313,74,"65 tot 75 jaar",TRUE,TRUE,"Helemaal mee eens",TRUE,"Mee eens",TRUE,FALSE,TRUE,TRUE,TRUE,TRUE
1314,34,"25 tot 35 jaar",TRUE,TRUE,"Mee eens",TRUE,"Mee oneens",FALSE,TRUE,FALSE,TRUE,TRUE,FALSE
1315,69,"65 tot 75 jaar",TRUE,TRUE,"Helemaal mee eens",TRUE,"Mee eens",TRUE,TRUE,TRUE,FALSE,TRUE,FALSE
1316,44,"35 tot 45 jaar",FALSE,TRUE,"Helemaal mee eens",TRUE,"Helemaal mee eens",TRUE,TRUE,TRUE,TRUE,TRUE,TRUE
1317,64,"55 tot 65 jaar",FALSE,TRUE,"Mee eens",TRUE,"Niet mee eens, niet mee oneens",FALSE,TRUE,TRUE,TRUE,TRUE,TRUE
1318,68,"65 tot 75 jaar",FALSE,TRUE,"Helemaal mee eens",TRUE,"Mee eens",TRUE,TRUE,TRUE,TRUE,TRUE,TRUE
1319,74,"65 tot 75 jaar",FALSE,TRUE,"Niet mee eens, niet mee oneens",FALSE,"Mee eens",TRUE,TRUE,TRUE,TRUE,TRUE,TRUE
1320,37,"35 tot 45 jaar",TRUE,FALSE,"Mee eens",TRUE,"Mee eens",TRUE,TRUE,TRUE,TRUE,TRUE,FALSE
1321,57,"55 tot 65 jaar",TRUE,TRUE,"Helemaal mee eens",TRUE,"Mee eens",TRUE,TRUE,TRUE,TRUE,TRUE,TRUE
1322,36,"35 tot 45 jaar",TRUE,TRUE,"Mee eens",TRUE,"Mee oneens",FALSE,TRUE,TRUE,TRUE,FALSE,TRUE
1323,39,"35 tot 45 jaar",TRUE,TRUE,"Mee eens",TRUE,"Mee eens",TRUE,TRUE,TRUE,TRUE,TRUE,TRUE
1324,54,"45 tot 55 jaar",FALSE,TRUE,"Helemaal mee eens",TRUE,"Mee oneens",FALSE,TRUE,TRUE,FALSE,TRUE,TRUE
1325,64,"55 tot 65 jaar",TRUE,TRUE,"Helemaal mee eens",TRUE,"Mee eens",TRUE,TRUE,TRUE,TRUE,TRUE,TRUE
1326,28,"25 tot 35 jaar",FALSE,TRUE,"Mee eens",TRUE,"Mee eens",TRUE,TRUE,TRUE,TRUE,TRUE,TRUE
1327,31,"25 tot 35 jaar",FALSE,TRUE,"Helemaal mee eens",TRUE,"Mee eens",TRUE,TRUE,TRUE,TRUE,TRUE,TRUE
1328,71,"65 tot 75 jaar",FALSE,TRUE,"Niet mee eens, niet mee oneens",FALSE,"Niet mee eens, niet mee oneens",FALSE,TRUE,FALSE,FALSE,FALSE,FALSE
1329,42,"35 tot 45 jaar",TRUE,TRUE,"Mee eens",TRUE,"Mee eens",TRUE,TRUE,TRUE,TRUE,TRUE,FALSE
1330,42,"35 tot 45 jaar",FALSE,TRUE,"Mee eens",TRUE,"Mee eens",TRUE,FALSE,TRUE,TRUE,TRUE,TRUE
1331,21,"18 tot 25 jaar",FALSE,TRUE,"Niet mee eens, niet mee oneens",FALSE,"Niet mee eens, niet mee oneens",FALSE,TRUE,FALSE,TRUE,FALSE,FALSE
1332,52,"45 tot 55 jaar",TRUE,TRUE,"Helemaal mee eens",TRUE,"Helemaal mee eens",TRUE,TRUE,TRUE,TRUE,TRUE,FALSE
1333,55,"55 tot 65 jaar",TRUE,TRUE,"Mee eens",TRUE,"Niet mee eens, niet mee oneens",FALSE,TRUE,FALSE,FALSE,TRUE,FALSE
1334,66,"65 tot 75 jaar",FALSE,TRUE,"Helemaal mee eens",TRUE,"Helemaal mee eens",TRUE,TRUE,TRUE,TRUE,TRUE,TRUE
1335,60,"55 tot 65 jaar",FALSE,TRUE,"Helemaal mee eens",TRUE,"Mee eens",TRUE,TRUE,TRUE,FALSE,TRUE,TRUE
1336,50,"45 tot 55 jaar",FALSE,TRUE,"Helemaal mee eens",TRUE,"Mee eens",TRUE,TRUE,TRUE,TRUE,TRUE,TRUE
1337,58,"55 tot 65 jaar",FALSE,TRUE,"Mee eens",TRUE,"Niet mee eens, niet mee oneens",FALSE,TRUE,TRUE,TRUE,FALSE,FALSE
1338,48,"45 tot 55 jaar",FALSE,TRUE,"Mee eens",TRUE,"Mee eens",TRUE,TRUE,TRUE,TRUE,TRUE,TRUE
1339,20,"18 tot 25 jaar",FALSE,TRUE,"Mee eens",TRUE,"Niet mee eens, niet mee oneens",FALSE,TRUE,TRUE,TRUE,TRUE,FALSE
1340,20,"18 tot 25 jaar",FALSE,TRUE,"Mee eens",TRUE,"Niet mee eens, niet mee oneens",FALSE,TRUE,TRUE,TRUE,TRUE,TRUE
1341,77,"75 jaar of ouder",FALSE,TRUE,"Helemaal mee eens",TRUE,"Helemaal mee eens",TRUE,TRUE,TRUE,TRUE,TRUE,TRUE
1342,45,"45 tot 55 jaar",FALSE,TRUE,"Helemaal mee eens",TRUE,"Mee eens",TRUE,TRUE,TRUE,TRUE,TRUE,FALSE
1343,59,"55 tot 65 jaar",TRUE,TRUE,"Niet mee eens, niet mee oneens",FALSE,"Mee oneens",FALSE,FALSE,FALSE,FALSE,FALSE,FALSE
1344,53,"45 tot 55 jaar",FALSE,TRUE,"Niet mee eens, niet mee oneens",FALSE,"Niet mee eens, niet mee oneens",FALSE,TRUE,TRUE,FALSE,TRUE,TRUE
1345,67,"65 tot 75 jaar",TRUE,TRUE,"Mee eens",TRUE,"Helemaal mee eens",TRUE,TRUE,TRUE,TRUE,TRUE,FALSE
1346,24,"18 tot 25 jaar",TRUE,TRUE,"Helemaal mee eens",TRUE,"Niet mee eens, niet mee oneens",FALSE,TRUE,TRUE,FALSE,TRUE,TRUE
1347,78,"75 jaar of ouder",FALSE,TRUE,"Mee eens",TRUE,"Niet mee eens, niet mee oneens",FALSE,TRUE,TRUE,TRUE,TRUE,TRUE
1348,59,"55 tot 65 jaar",FALSE,FALSE,"Helemaal mee eens",TRUE,"Helemaal mee eens",TRUE,TRUE,TRUE,TRUE,TRUE,TRUE
1349,30,"25 tot 35 jaar",FALSE,TRUE,"Mee eens",TRUE,"Mee oneens",FALSE,TRUE,TRUE,FALSE,FALSE,FALSE
1350,45,"45 tot 55 jaar",TRUE,TRUE,"Mee eens",TRUE,"Mee eens",TRUE,TRUE,TRUE,TRUE,TRUE,TRUE
1351,37,"35 tot 45 jaar",FALSE,TRUE,"Helemaal mee eens",TRUE,"Mee eens",TRUE,TRUE,FALSE,TRUE,TRUE,TRUE
1352,33,"25 tot 35 jaar",FALSE,TRUE,"Helemaal mee eens",TRUE,"Niet mee eens, niet mee oneens",FALSE,TRUE,TRUE,TRUE,TRUE,TRUE
1353,24,"18 tot 25 jaar",FALSE,TRUE,"Helemaal mee eens",TRUE,"Mee eens",TRUE,TRUE,FALSE,TRUE,TRUE,TRUE
1354,71,"65 tot 75 jaar",FALSE,TRUE,"Helemaal mee eens",TRUE,"Niet mee eens, niet mee oneens",FALSE,TRUE,FALSE,TRUE,TRUE,TRUE
1355,82,"75 jaar of ouder",FALSE,TRUE,"Helemaal mee eens",TRUE,"Mee eens",TRUE,TRUE,TRUE,TRUE,TRUE,TRUE
1356,33,"25 tot 35 jaar",TRUE,TRUE,"Mee eens",TRUE,"Niet mee eens, niet mee oneens",FALSE,TRUE,TRUE,FALSE,TRUE,TRUE
1357,88,"75 jaar of ouder",FALSE,TRUE,"Mee eens",TRUE,"Mee oneens",FALSE,TRUE,TRUE,FALSE,TRUE,TRUE
1358,30,"25 tot 35 jaar",FALSE,TRUE,"Helemaal mee eens",TRUE,"Mee eens",TRUE,TRUE,TRUE,TRUE,TRUE,TRUE
1359,88,"75 jaar of ouder",FALSE,TRUE,"Mee eens",TRUE,"Mee eens",TRUE,TRUE,TRUE,TRUE,TRUE,TRUE
1360,62,"55 tot 65 jaar",TRUE,TRUE,"Mee eens",TRUE,"Mee eens",TRUE,TRUE,TRUE,TRUE,TRUE,TRUE
1361,31,"25 tot 35 jaar",FALSE,TRUE,"Helemaal mee eens",TRUE,"Helemaal mee eens",TRUE,TRUE,TRUE,TRUE,TRUE,TRUE
1362,19,"18 tot 25 jaar",FALSE,TRUE,"Helemaal mee eens",TRUE,"Niet mee eens, niet mee oneens",FALSE,TRUE,TRUE,TRUE,TRUE,TRUE
1363,58,"55 tot 65 jaar",TRUE,TRUE,"Helemaal mee eens",TRUE,"Mee eens",TRUE,TRUE,TRUE,TRUE,TRUE,TRUE
1364,62,"55 tot 65 jaar",FALSE,TRUE,"Helemaal mee eens",TRUE,"Mee eens",TRUE,TRUE,FALSE,TRUE,TRUE,FALSE
1365,73,"65 tot 75 jaar",TRUE,TRUE,"Mee eens",TRUE,"Niet mee eens, niet mee oneens",FALSE,TRUE,FALSE,FALSE,FALSE,FALSE
1366,48,"45 tot 55 jaar",FALSE,TRUE,"Mee eens",TRUE,"Niet mee eens, niet mee oneens",FALSE,TRUE,FALSE,FALSE,FALSE,FALSE
1367,49,"45 tot 55 jaar",FALSE,TRUE,"Helemaal mee eens",TRUE,"Mee eens",TRUE,TRUE,TRUE,TRUE,TRUE,TRUE
1368,30,"25 tot 35 jaar",FALSE,TRUE,"Helemaal mee eens",TRUE,"Helemaal mee eens",TRUE,TRUE,TRUE,TRUE,TRUE,TRUE
1369,54,"45 tot 55 jaar",FALSE,TRUE,"Mee eens",TRUE,"Mee eens",TRUE,TRUE,TRUE,TRUE,FALSE,FALSE
1370,32,"25 tot 35 jaar",FALSE,TRUE,"Mee eens",TRUE,"Mee eens",TRUE,TRUE,TRUE,TRUE,TRUE,TRUE
1371,87,"75 jaar of ouder",TRUE,TRUE,"Mee eens",TRUE,"Mee eens",TRUE,TRUE,TRUE,TRUE,TRUE,FALSE
1372,47,"45 tot 55 jaar",TRUE,TRUE,"Mee eens",TRUE,"Mee oneens",FALSE,TRUE,TRUE,FALSE,FALSE,TRUE
1373,46,"45 tot 55 jaar",FALSE,TRUE,"Mee eens",TRUE,"Mee oneens",FALSE,TRUE,TRUE,TRUE,TRUE,TRUE
1374,33,"25 tot 35 jaar",TRUE,TRUE,"Helemaal mee eens",TRUE,"Mee eens",TRUE,TRUE,TRUE,TRUE,TRUE,TRUE
1375,67,"65 tot 75 jaar",FALSE,TRUE,"Helemaal mee eens",TRUE,"Helemaal mee eens",TRUE,TRUE,TRUE,TRUE,TRUE,FALSE
1376,31,"25 tot 35 jaar",FALSE,TRUE,"Mee eens",TRUE,"Niet mee eens, niet mee oneens",FALSE,TRUE,TRUE,TRUE,TRUE,FALSE
1377,77,"75 jaar of ouder",FALSE,TRUE,"Mee eens",TRUE,"Niet mee eens, niet mee oneens",FALSE,TRUE,TRUE,TRUE,TRUE,TRUE
1378,69,"65 tot 75 jaar",FALSE,TRUE,"Mee eens",TRUE,"Mee eens",TRUE,TRUE,FALSE,FALSE,TRUE,TRUE
1379,35,"35 tot 45 jaar",FALSE,TRUE,"Helemaal mee eens",TRUE,"Helemaal mee eens",TRUE,TRUE,TRUE,TRUE,TRUE,TRUE
1380,20,"18 tot 25 jaar",FALSE,TRUE,"Mee eens",TRUE,"Niet mee eens, niet mee oneens",FALSE,TRUE,TRUE,TRUE,TRUE,TRUE
1381,76,"75 jaar of ouder",TRUE,TRUE,"Niet mee eens, niet mee oneens",FALSE,"Mee oneens",FALSE,FALSE,TRUE,FALSE,FALSE,FALSE
1382,58,"55 tot 65 jaar",FALSE,TRUE,"Helemaal mee eens",TRUE,"Helemaal mee eens",TRUE,TRUE,TRUE,TRUE,TRUE,TRUE
1383,73,"65 tot 75 jaar",FALSE,TRUE,"Helemaal mee eens",TRUE,"Mee eens",TRUE,TRUE,TRUE,TRUE,TRUE,TRUE
1384,40,"35 tot 45 jaar",TRUE,TRUE,"Helemaal mee eens",TRUE,"Mee oneens",FALSE,TRUE,TRUE,TRUE,FALSE,FALSE
1385,49,"45 tot 55 jaar",TRUE,TRUE,"Mee eens",TRUE,"Mee eens",TRUE,TRUE,TRUE,FALSE,TRUE,TRUE
1386,29,"25 tot 35 jaar",TRUE,TRUE,"Mee eens",TRUE,"Mee eens",TRUE,TRUE,TRUE,TRUE,TRUE,TRUE
1387,87,"75 jaar of ouder",FALSE,FALSE,"Helemaal mee eens",TRUE,"Mee eens",TRUE,TRUE,TRUE,TRUE,TRUE,TRUE
1388,39,"35 tot 45 jaar",TRUE,TRUE,"Mee eens",TRUE,"Niet mee eens, niet mee oneens",FALSE,TRUE,FALSE,FALSE,FALSE,FALSE
1389,35,"35 tot 45 jaar",FALSE,TRUE,"Helemaal mee eens",TRUE,"Mee eens",TRUE,TRUE,TRUE,TRUE,TRUE,TRUE
1390,35,"35 tot 45 jaar",TRUE,TRUE,"Helemaal mee eens",TRUE,"Mee eens",TRUE,FALSE,TRUE,TRUE,TRUE,TRUE
1391,58,"55 tot 65 jaar",TRUE,TRUE,"Helemaal mee eens",TRUE,"Helemaal mee eens",TRUE,TRUE,TRUE,TRUE,TRUE,TRUE
1392,68,"65 tot 75 jaar",TRUE,TRUE,"Helemaal mee eens",TRUE,"Mee eens",TRUE,TRUE,TRUE,TRUE,TRUE,TRUE
1393,29,"25 tot 35 jaar",FALSE,TRUE,"Mee eens",TRUE,"Mee eens",TRUE,TRUE,TRUE,TRUE,FALSE,FALSE
1394,52,"45 tot 55 jaar",FALSE,TRUE,"Helemaal mee eens",TRUE,"Mee eens",TRUE,TRUE,TRUE,TRUE,TRUE,TRUE
1395,47,"45 tot 55 jaar",FALSE,TRUE,"Mee eens",TRUE,"Helemaal mee eens",TRUE,TRUE,TRUE,TRUE,TRUE,TRUE
1396,20,"18 tot 25 jaar",TRUE,TRUE,"Mee eens",TRUE,"Mee eens",TRUE,TRUE,TRUE,FALSE,TRUE,FALSE
1397,73,"65 tot 75 jaar",FALSE,TRUE,"Niet mee eens, niet mee oneens",FALSE,"Niet mee eens, niet mee oneens",FALSE,FALSE,TRUE,TRUE,TRUE,FALSE
1398,42,"35 tot 45 jaar",TRUE,TRUE,"Mee eens",TRUE,"Mee eens",TRUE,TRUE,TRUE,TRUE,TRUE,TRUE
1399,41,"35 tot 45 jaar",TRUE,TRUE,"Mee eens",TRUE,"Niet mee eens, niet mee oneens",FALSE,TRUE,TRUE,TRUE,TRUE,FALSE
1400,59,"55 tot 65 jaar",TRUE,TRUE,"Helemaal mee eens",TRUE,"Mee eens",TRUE,TRUE,TRUE,TRUE,TRUE,TRUE
1401,56,"55 tot 65 jaar",TRUE,TRUE,"Helemaal mee eens",TRUE,"Mee eens",TRUE,TRUE,TRUE,TRUE,TRUE,TRUE
1402,80,"75 jaar of ouder",FALSE,TRUE,"Mee eens",TRUE,"Niet mee eens, niet mee oneens",FALSE,TRUE,TRUE,TRUE,TRUE,TRUE
1403,49,"45 tot 55 jaar",TRUE,TRUE,"Helemaal mee eens",TRUE,"Helemaal mee eens",TRUE,TRUE,TRUE,TRUE,TRUE,TRUE
1404,58,"55 tot 65 jaar",FALSE,TRUE,"Niet mee eens, niet mee oneens",FALSE,"Niet mee eens, niet mee oneens",FALSE,FALSE,FALSE,TRUE,FALSE,TRUE
1405,72,"65 tot 75 jaar",TRUE,TRUE,"Helemaal mee eens",TRUE,"Mee eens",TRUE,TRUE,TRUE,TRUE,TRUE,TRUE
1406,79,"75 jaar of ouder",TRUE,TRUE,"Mee eens",TRUE,"Mee eens",TRUE,TRUE,TRUE,TRUE,TRUE,TRUE
1407,27,"25 tot 35 jaar",TRUE,TRUE,"Niet mee eens, niet mee oneens",FALSE,"Mee oneens",FALSE,TRUE,FALSE,TRUE,FALSE,TRUE
1408,56,"55 tot 65 jaar",FALSE,TRUE,"Mee eens",TRUE,"Niet mee eens, niet mee oneens",FALSE,TRUE,TRUE,FALSE,TRUE,TRUE
1409,72,"65 tot 75 jaar",TRUE,TRUE,"Helemaal mee eens",TRUE,"Helemaal mee eens",TRUE,TRUE,TRUE,TRUE,TRUE,TRUE
1410,41,"35 tot 45 jaar",FALSE,TRUE,"Helemaal mee eens",TRUE,"Mee eens",TRUE,TRUE,TRUE,TRUE,TRUE,TRUE
1411,25,"25 tot 35 jaar",FALSE,FALSE,"Niet mee eens, niet mee oneens",FALSE,"Niet mee eens, niet mee oneens",FALSE,TRUE,FALSE,TRUE,FALSE,FALSE
1412,48,"45 tot 55 jaar",TRUE,TRUE,"Helemaal mee eens",TRUE,"Mee eens",TRUE,TRUE,TRUE,TRUE,TRUE,TRUE
1413,44,"35 tot 45 jaar",TRUE,TRUE,"Mee eens",TRUE,"Mee eens",TRUE,FALSE,TRUE,TRUE,TRUE,TRUE
1414,49,"45 tot 55 jaar",TRUE,TRUE,"Helemaal mee eens",TRUE,"Mee eens",TRUE,TRUE,TRUE,TRUE,TRUE,FALSE
1415,42,"35 tot 45 jaar",FALSE,TRUE,"Mee eens",TRUE,"Mee oneens",FALSE,TRUE,TRUE,TRUE,FALSE,TRUE
1416,33,"25 tot 35 jaar",TRUE,TRUE,"Mee eens",TRUE,"Mee oneens",FALSE,TRUE,TRUE,TRUE,FALSE,FALSE
1417,71,"65 tot 75 jaar",FALSE,TRUE,"Mee eens",TRUE,"Mee eens",TRUE,FALSE,TRUE,TRUE,TRUE,FALSE
1418,54,"45 tot 55 jaar",FALSE,TRUE,"Niet mee eens, niet mee oneens",FALSE,"Niet mee eens, niet mee oneens",FALSE,TRUE,FALSE,TRUE,FALSE,TRUE
1419,44,"35 tot 45 jaar",FALSE,TRUE,"Helemaal mee eens",TRUE,"Helemaal mee eens",TRUE,TRUE,TRUE,TRUE,TRUE,TRUE
1420,20,"18 tot 25 jaar",TRUE,TRUE,"Mee eens",TRUE,"Helemaal mee oneens",FALSE,TRUE,TRUE,TRUE,FALSE,TRUE
1421,62,"55 tot 65 jaar",FALSE,TRUE,"Mee eens",TRUE,"Niet mee eens, niet mee oneens",FALSE,TRUE,TRUE,TRUE,FALSE,TRUE
1422,56,"55 tot 65 jaar",FALSE,TRUE,"Helemaal mee eens",TRUE,"Mee eens",TRUE,TRUE,TRUE,TRUE,TRUE,TRUE
1423,20,"18 tot 25 jaar",FALSE,TRUE,"Helemaal mee eens",TRUE,"Helemaal mee eens",TRUE,TRUE,TRUE,TRUE,TRUE,TRUE
1424,47,"45 tot 55 jaar",TRUE,TRUE,"Mee eens",TRUE,"Mee eens",TRUE,TRUE,TRUE,TRUE,FALSE,FALSE
1425,45,"45 tot 55 jaar",FALSE,TRUE,"Helemaal mee eens",TRUE,"Mee eens",TRUE,FALSE,TRUE,TRUE,FALSE,TRUE
1426,76,"75 jaar of ouder",FALSE,TRUE,"Helemaal mee eens",TRUE,"Mee oneens",FALSE,TRUE,TRUE,TRUE,FALSE,FALSE
1427,70,"65 tot 75 jaar",FALSE,TRUE,"Mee eens",TRUE,"Mee oneens",FALSE,TRUE,TRUE,TRUE,TRUE,TRUE
1428,60,"55 tot 65 jaar",TRUE,TRUE,"Helemaal mee eens",TRUE,"Mee eens",TRUE,TRUE,TRUE,TRUE,TRUE,TRUE
1429,72,"65 tot 75 jaar",TRUE,TRUE,"Mee eens",TRUE,"Mee eens",TRUE,TRUE,TRUE,FALSE,TRUE,TRUE
1430,27,"25 tot 35 jaar",FALSE,TRUE,"Mee eens",TRUE,"Mee eens",TRUE,TRUE,TRUE,TRUE,TRUE,TRUE
1431,57,"55 tot 65 jaar",TRUE,TRUE,"Helemaal mee eens",TRUE,"Mee eens",TRUE,TRUE,TRUE,TRUE,TRUE,TRUE
1432,33,"25 tot 35 jaar",TRUE,TRUE,"Mee eens",TRUE,"Mee eens",TRUE,TRUE,TRUE,FALSE,TRUE,TRUE
1433,27,"25 tot 35 jaar",TRUE,TRUE,"Helemaal mee eens",TRUE,"Mee eens",TRUE,TRUE,TRUE,TRUE,TRUE,TRUE
1434,39,"35 tot 45 jaar",FALSE,TRUE,"Niet mee eens, niet mee oneens",FALSE,"Mee oneens",FALSE,TRUE,TRUE,FALSE,FALSE,FALSE
1435,48,"45 tot 55 jaar",FALSE,TRUE,"Mee eens",TRUE,"Helemaal mee eens",TRUE,TRUE,TRUE,TRUE,TRUE,FALSE
1436,43,"35 tot 45 jaar",TRUE,TRUE,"Mee eens",TRUE,"Mee eens",TRUE,TRUE,TRUE,TRUE,TRUE,TRUE
1437,78,"75 jaar of ouder",FALSE,TRUE,"Helemaal mee eens",TRUE,"Helemaal mee eens",TRUE,TRUE,TRUE,TRUE,TRUE,TRUE
1438,77,"75 jaar of ouder",TRUE,TRUE,"Mee eens",TRUE,"Niet mee eens, niet mee oneens",FALSE,FALSE,TRUE,TRUE,FALSE,TRUE
1439,67,"65 tot 75 jaar",TRUE,FALSE,"Niet mee eens, niet mee oneens",FALSE,"Niet mee eens, niet mee oneens",FALSE,TRUE,TRUE,TRUE,FALSE,TRUE
1440,35,"35 tot 45 jaar",FALSE,TRUE,"Mee eens",TRUE,"Mee eens",TRUE,TRUE,TRUE,TRUE,TRUE,TRUE
1441,67,"65 tot 75 jaar",TRUE,TRUE,"Mee eens",TRUE,"Mee eens",TRUE,TRUE,FALSE,TRUE,TRUE,FALSE
1442,37,"35 tot 45 jaar",FALSE,TRUE,"Mee eens",TRUE,"Helemaal mee eens",TRUE,TRUE,TRUE,FALSE,TRUE,TRUE
1443,32,"25 tot 35 jaar",FALSE,TRUE,"Helemaal mee eens",TRUE,"Mee eens",TRUE,TRUE,TRUE,TRUE,TRUE,TRUE
1444,68,"65 tot 75 jaar",TRUE,TRUE,"Helemaal mee eens",TRUE,"Helemaal mee eens",TRUE,TRUE,TRUE,TRUE,TRUE,TRUE
1445,62,"55 tot 65 jaar",TRUE,TRUE,"Helemaal mee eens",TRUE,"Helemaal mee eens",TRUE,TRUE,TRUE,TRUE,TRUE,TRUE
1446,21,"18 tot 25 jaar",FALSE,TRUE,"Mee eens",TRUE,"Niet mee eens, niet mee oneens",FALSE,TRUE,TRUE,TRUE,FALSE,TRUE
1447,36,"35 tot 45 jaar",TRUE,TRUE,"Mee eens",TRUE,"Mee eens",TRUE,TRUE,TRUE,TRUE,TRUE,TRUE
1448,51,"45 tot 55 jaar",FALSE,TRUE,"Mee eens",TRUE,"Niet mee eens, niet mee oneens",FALSE,TRUE,TRUE,TRUE,TRUE,TRUE
1449,79,"75 jaar of ouder",TRUE,FALSE,"Helemaal mee eens",TRUE,"Niet mee eens, niet mee oneens",FALSE,TRUE,TRUE,TRUE,TRUE,TRUE
1450,38,"35 tot 45 jaar",TRUE,TRUE,"Helemaal mee eens",TRUE,"Niet mee eens, niet mee oneens",FALSE,TRUE,FALSE,TRUE,TRUE,TRUE
1451,24,"18 tot 25 jaar",TRUE,TRUE,"Helemaal mee eens",TRUE,"Helemaal mee eens",TRUE,TRUE,TRUE,TRUE,TRUE,TRUE
1452,65,"65 tot 75 jaar",FALSE,TRUE,"Helemaal mee eens",TRUE,"Mee eens",TRUE,TRUE,TRUE,TRUE,TRUE,TRUE
1453,53,"45 tot 55 jaar",TRUE,TRUE,"Helemaal mee eens",TRUE,"Mee eens",TRUE,TRUE,TRUE,TRUE,TRUE,FALSE
1454,58,"55 tot 65 jaar",TRUE,TRUE,"Mee eens",TRUE,"Niet mee eens, niet mee oneens",FALSE,TRUE,FALSE,FALSE,FALSE,TRUE
1455,54,"45 tot 55 jaar",TRUE,TRUE,"Helemaal mee eens",TRUE,"Mee eens",TRUE,TRUE,TRUE,TRUE,TRUE,TRUE
1456,45,"45 tot 55 jaar",FALSE,TRUE,"Mee eens",TRUE,"Mee eens",TRUE,TRUE,TRUE,TRUE,TRUE,FALSE
1457,18,"18 tot 25 jaar",FALSE,TRUE,"Mee eens",TRUE,"Niet mee eens, niet mee oneens",FALSE,TRUE,TRUE,FALSE,TRUE,FALSE
1458,67,"65 tot 75 jaar",TRUE,TRUE,"Helemaal mee eens",TRUE,"Helemaal mee eens",TRUE,TRUE,TRUE,TRUE,TRUE,TRUE
1459,27,"25 tot 35 jaar",FALSE,TRUE,"Helemaal mee eens",TRUE,"Helemaal mee eens",TRUE,TRUE,TRUE,TRUE,TRUE,TRUE
1460,24,"18 tot 25 jaar",FALSE,TRUE,"Helemaal mee eens",TRUE,"Helemaal mee eens",TRUE,TRUE,TRUE,TRUE,TRUE,TRUE
1461,21,"18 tot 25 jaar",TRUE,TRUE,"Mee eens",TRUE,"Niet mee eens, niet mee oneens",FALSE,FALSE,TRUE,FALSE,FALSE,FALSE
1462,69,"65 tot 75 jaar",TRUE,TRUE,"Helemaal mee eens",TRUE,"Mee eens",TRUE,TRUE,TRUE,TRUE,TRUE,TRUE
1463,48,"45 tot 55 jaar",FALSE,TRUE,"Helemaal mee eens",TRUE,"Mee eens",TRUE,TRUE,TRUE,TRUE,TRUE,TRUE
1464,46,"45 tot 55 jaar",TRUE,TRUE,"Mee eens",TRUE,"Mee eens",TRUE,TRUE,TRUE,TRUE,TRUE,FALSE
1465,58,"55 tot 65 jaar",TRUE,TRUE,"Mee eens",TRUE,"Mee eens",TRUE,TRUE,TRUE,FALSE,TRUE,FALSE
1466,45,"45 tot 55 jaar",FALSE,TRUE,"Helemaal mee eens",TRUE,"Mee eens",TRUE,TRUE,TRUE,TRUE,TRUE,TRUE
1467,44,"35 tot 45 jaar",FALSE,TRUE,"Mee oneens",FALSE,"Mee oneens",FALSE,FALSE,TRUE,FALSE,FALSE,FALSE
1468,26,"25 tot 35 jaar",FALSE,TRUE,"Mee eens",TRUE,"Mee eens",TRUE,TRUE,TRUE,TRUE,TRUE,TRUE
1469,65,"65 tot 75 jaar",TRUE,TRUE,"Helemaal mee eens",TRUE,"Helemaal mee eens",TRUE,TRUE,TRUE,TRUE,TRUE,TRUE
1470,25,"25 tot 35 jaar",TRUE,TRUE,"Helemaal mee eens",TRUE,"Helemaal mee eens",TRUE,TRUE,TRUE,TRUE,FALSE,TRUE
1471,29,"25 tot 35 jaar",FALSE,TRUE,"Mee eens",TRUE,"Mee eens",TRUE,TRUE,TRUE,TRUE,TRUE,TRUE
1472,57,"55 tot 65 jaar",FALSE,FALSE,"Niet mee eens, niet mee oneens",FALSE,"Helemaal mee eens",TRUE,TRUE,TRUE,FALSE,TRUE,TRUE
1473,74,"65 tot 75 jaar",FALSE,TRUE,"Helemaal mee eens",TRUE,"Helemaal mee eens",TRUE,TRUE,TRUE,TRUE,TRUE,TRUE
1474,61,"55 tot 65 jaar",FALSE,TRUE,"Mee eens",TRUE,"Niet mee eens, niet mee oneens",FALSE,TRUE,TRUE,TRUE,TRUE,TRUE
1475,52,"45 tot 55 jaar",TRUE,TRUE,"Mee eens",TRUE,"Mee eens",TRUE,TRUE,FALSE,TRUE,TRUE,TRUE
1476,61,"55 tot 65 jaar",FALSE,TRUE,"Mee eens",TRUE,"Niet mee eens, niet mee oneens",FALSE,TRUE,TRUE,FALSE,FALSE,FALSE
1477,35,"35 tot 45 jaar",FALSE,TRUE,"Mee oneens",FALSE,"Niet mee eens, niet mee oneens",FALSE,FALSE,TRUE,TRUE,FALSE,FALSE
1478,53,"45 tot 55 jaar",TRUE,TRUE,"Helemaal mee eens",TRUE,"Helemaal mee eens",TRUE,TRUE,TRUE,TRUE,TRUE,TRUE
1479,31,"25 tot 35 jaar",TRUE,TRUE,"Helemaal mee eens",TRUE,"Mee eens",TRUE,TRUE,TRUE,TRUE,TRUE,TRUE
1480,68,"65 tot 75 jaar",FALSE,TRUE,"Helemaal mee eens",TRUE,"Mee eens",TRUE,TRUE,TRUE,TRUE,TRUE,TRUE
1481,75,"75 jaar of ouder",FALSE,TRUE,"Niet mee eens, niet mee oneens",FALSE,"Helemaal mee oneens",FALSE,TRUE,TRUE,TRUE,FALSE,FALSE
1482,31,"25 tot 35 jaar",FALSE,TRUE,"Mee eens",TRUE,"Mee eens",TRUE,TRUE,TRUE,TRUE,TRUE,FALSE
1483,53,"45 tot 55 jaar",TRUE,TRUE,"Helemaal mee eens",TRUE,"Mee eens",TRUE,TRUE,TRUE,TRUE,TRUE,TRUE
1484,47,"45 tot 55 jaar",FALSE,FALSE,"Mee eens",TRUE,"Niet mee eens, niet mee oneens",FALSE,TRUE,TRUE,TRUE,FALSE,FALSE
1485,63,"55 tot 65 jaar",FALSE,TRUE,"Mee eens",TRUE,"Niet mee eens, niet mee oneens",FALSE,TRUE,TRUE,TRUE,FALSE,TRUE
1486,32,"25 tot 35 jaar",TRUE,TRUE,"Helemaal mee eens",TRUE,"Mee eens",TRUE,TRUE,TRUE,TRUE,TRUE,TRUE
1487,48,"45 tot 55 jaar",TRUE,TRUE,"Helemaal mee eens",TRUE,"Helemaal mee eens",TRUE,TRUE,TRUE,TRUE,TRUE,TRUE
1488,23,"18 tot 25 jaar",FALSE,FALSE,"Helemaal mee eens",TRUE,"Mee eens",TRUE,TRUE,FALSE,TRUE,TRUE,TRUE
1489,57,"55 tot 65 jaar",TRUE,TRUE,"Helemaal mee eens",TRUE,"Mee eens",TRUE,TRUE,TRUE,TRUE,TRUE,TRUE
1490,43,"35 tot 45 jaar",TRUE,TRUE,"Mee eens",TRUE,"Mee eens",TRUE,TRUE,TRUE,TRUE,TRUE,TRUE
1491,55,"55 tot 65 jaar",TRUE,TRUE,"Mee eens",TRUE,"Niet mee eens, niet mee oneens",FALSE,TRUE,TRUE,TRUE,TRUE,FALSE
1492,70,"65 tot 75 jaar",TRUE,TRUE,"Mee eens",TRUE,"Mee eens",TRUE,TRUE,TRUE,TRUE,TRUE,TRUE
1493,31,"25 tot 35 jaar",TRUE,TRUE,"Helemaal mee eens",TRUE,"Mee eens",TRUE,TRUE,FALSE,TRUE,TRUE,TRUE
1494,37,"35 tot 45 jaar",FALSE,TRUE,"Mee eens",TRUE,"Mee eens",TRUE,TRUE,TRUE,TRUE,TRUE,FALSE
1495,60,"55 tot 65 jaar",TRUE,TRUE,"Helemaal mee eens",TRUE,"Helemaal mee eens",TRUE,TRUE,TRUE,TRUE,TRUE,TRUE
1496,57,"55 tot 65 jaar",FALSE,TRUE,"Helemaal mee eens",TRUE,"Helemaal mee eens",TRUE,TRUE,TRUE,TRUE,TRUE,TRUE
1497,48,"45 tot 55 jaar",FALSE,TRUE,"Mee eens",TRUE,"Mee eens",TRUE,TRUE,TRUE,TRUE,TRUE,FALSE
1498,58,"55 tot 65 jaar",TRUE,TRUE,"Mee eens",TRUE,"Helemaal mee eens",TRUE,TRUE,TRUE,TRUE,TRUE,TRUE
1499,37,"35 tot 45 jaar",TRUE,TRUE,"Helemaal mee eens",TRUE,"Mee eens",TRUE,TRUE,TRUE,TRUE,TRUE,TRUE
1500,63,"55 tot 65 jaar",TRUE,TRUE,"Mee eens",TRUE,"Niet mee eens, niet mee oneens",FALSE,FALSE,FALSE,FALSE,TRUE,FALSE
1501,51,"45 tot 55 jaar",FALSE,TRUE,"Mee oneens",FALSE,"Mee oneens",FALSE,TRUE,TRUE,FALSE,FALSE,FALSE
1502,51,"45 tot 55 jaar",TRUE,TRUE,"Mee eens",TRUE,"Mee eens",TRUE,TRUE,TRUE,TRUE,TRUE,FALSE
1503,53,"45 tot 55 jaar",FALSE,TRUE,"Helemaal mee eens",TRUE,"Helemaal mee eens",TRUE,TRUE,TRUE,TRUE,TRUE,TRUE
1504,47,"45 tot 55 jaar",TRUE,TRUE,"Mee eens",TRUE,"Mee eens",TRUE,TRUE,TRUE,TRUE,TRUE,TRUE
1505,36,"35 tot 45 jaar",TRUE,TRUE,"Helemaal mee eens",TRUE,"Mee eens",TRUE,TRUE,TRUE,TRUE,TRUE,TRUE
1506,75,"75 jaar of ouder",FALSE,TRUE,"Mee eens",TRUE,"Niet mee eens, niet mee oneens",FALSE,TRUE,TRUE,FALSE,FALSE,FALSE
1507,59,"55 tot 65 jaar",FALSE,TRUE,"Mee eens",TRUE,"Niet mee eens, niet mee oneens",FALSE,FALSE,FALSE,TRUE,FALSE,FALSE
1508,43,"35 tot 45 jaar",FALSE,TRUE,"Helemaal mee eens",TRUE,"Mee eens",TRUE,TRUE,FALSE,TRUE,FALSE,TRUE
1509,39,"35 tot 45 jaar",TRUE,TRUE,"Helemaal mee eens",TRUE,"Mee eens",TRUE,TRUE,TRUE,TRUE,TRUE,TRUE
1510,69,"65 tot 75 jaar",TRUE,TRUE,"Helemaal mee eens",TRUE,"Mee eens",TRUE,TRUE,TRUE,TRUE,TRUE,FALSE
1511,36,"35 tot 45 jaar",FALSE,TRUE,"Helemaal mee eens",TRUE,"Helemaal mee eens",TRUE,FALSE,TRUE,TRUE,TRUE,TRUE
1512,25,"25 tot 35 jaar",FALSE,TRUE,"Mee eens",TRUE,"Mee eens",TRUE,TRUE,TRUE,TRUE,TRUE,TRUE
1513,28,"25 tot 35 jaar",TRUE,TRUE,"Helemaal mee eens",TRUE,"Mee eens",TRUE,FALSE,TRUE,FALSE,TRUE,FALSE
1514,39,"35 tot 45 jaar",FALSE,TRUE,"Mee eens",TRUE,"Niet mee eens, niet mee oneens",FALSE,TRUE,TRUE,TRUE,TRUE,FALSE
1515,27,"25 tot 35 jaar",FALSE,TRUE,"Mee eens",TRUE,"Mee eens",TRUE,TRUE,TRUE,TRUE,TRUE,TRUE
1516,66,"65 tot 75 jaar",TRUE,TRUE,"Mee eens",TRUE,"Helemaal mee eens",TRUE,TRUE,TRUE,TRUE,TRUE,TRUE
1517,45,"45 tot 55 jaar",FALSE,TRUE,"Mee eens",TRUE,"Mee eens",TRUE,FALSE,FALSE,TRUE,TRUE,FALSE
1518,81,"75 jaar of ouder",FALSE,TRUE,"Mee eens",TRUE,"Mee eens",TRUE,TRUE,TRUE,TRUE,TRUE,TRUE
1519,58,"55 tot 65 jaar",TRUE,TRUE,"Mee eens",TRUE,"Mee eens",TRUE,TRUE,TRUE,TRUE,TRUE,TRUE
1520,19,"18 tot 25 jaar",FALSE,TRUE,"Helemaal mee eens",TRUE,"Mee eens",TRUE,TRUE,FALSE,TRUE,TRUE,TRUE
1521,37,"35 tot 45 jaar",TRUE,TRUE,"Helemaal mee eens",TRUE,"Mee eens",TRUE,TRUE,TRUE,TRUE,TRUE,TRUE
1522,82,"75 jaar of ouder",FALSE,TRUE,"Helemaal mee eens",TRUE,"Helemaal mee eens",TRUE,TRUE,TRUE,TRUE,TRUE,TRUE
1523,58,"55 tot 65 jaar",TRUE,TRUE,"Mee eens",TRUE,"Mee eens",TRUE,TRUE,TRUE,TRUE,FALSE,TRUE
1524,34,"25 tot 35 jaar",TRUE,TRUE,"Helemaal mee eens",TRUE,"Mee eens",TRUE,TRUE,TRUE,TRUE,TRUE,TRUE
1525,46,"45 tot 55 jaar",TRUE,TRUE,"Mee eens",TRUE,"Mee eens",TRUE,TRUE,TRUE,TRUE,TRUE,FALSE
1526,57,"55 tot 65 jaar",FALSE,TRUE,"Mee eens",TRUE,"Mee eens",TRUE,FALSE,FALSE,TRUE,TRUE,TRUE
1527,33,"25 tot 35 jaar",TRUE,TRUE,"Mee eens",TRUE,"Mee eens",TRUE,TRUE,FALSE,FALSE,TRUE,FALSE
1528,76,"75 jaar of ouder",FALSE,TRUE,"Mee eens",TRUE,"Mee eens",TRUE,TRUE,TRUE,TRUE,TRUE,TRUE
1529,46,"45 tot 55 jaar",FALSE,TRUE,"Mee eens",TRUE,"Mee oneens",FALSE,TRUE,TRUE,TRUE,FALSE,FALSE
1530,70,"65 tot 75 jaar",TRUE,TRUE,"Mee eens",TRUE,"Mee eens",TRUE,TRUE,TRUE,FALSE,TRUE,TRUE
1531,19,"18 tot 25 jaar",FALSE,TRUE,"Mee eens",TRUE,"Helemaal mee oneens",FALSE,TRUE,FALSE,TRUE,TRUE,FALSE
1532,27,"25 tot 35 jaar",FALSE,TRUE,"Helemaal mee eens",TRUE,"Mee eens",TRUE,TRUE,TRUE,TRUE,TRUE,FALSE
1533,24,"18 tot 25 jaar",TRUE,TRUE,"Helemaal mee eens",TRUE,"Niet mee eens, niet mee oneens",FALSE,TRUE,TRUE,TRUE,TRUE,TRUE
1534,31,"25 tot 35 jaar",TRUE,TRUE,"Helemaal mee eens",TRUE,"Mee eens",TRUE,TRUE,TRUE,TRUE,TRUE,TRUE
1535,75,"75 jaar of ouder",TRUE,TRUE,"Mee eens",TRUE,"Niet mee eens, niet mee oneens",FALSE,TRUE,TRUE,TRUE,TRUE,FALSE
1536,36,"35 tot 45 jaar",FALSE,TRUE,"Helemaal mee eens",TRUE,"Mee eens",TRUE,TRUE,TRUE,TRUE,TRUE,TRUE
1537,44,"35 tot 45 jaar",FALSE,TRUE,"Mee eens",TRUE,"Mee eens",TRUE,TRUE,TRUE,TRUE,TRUE,FALSE
1538,30,"25 tot 35 jaar",FALSE,TRUE,"Helemaal mee eens",TRUE,"Mee eens",TRUE,TRUE,TRUE,TRUE,TRUE,TRUE
1539,21,"18 tot 25 jaar",FALSE,TRUE,"Helemaal mee eens",TRUE,"Niet mee eens, niet mee oneens",FALSE,TRUE,TRUE,TRUE,TRUE,TRUE
1540,47,"45 tot 55 jaar",TRUE,TRUE,"Mee eens",TRUE,"Mee oneens",FALSE,TRUE,TRUE,TRUE,FALSE,FALSE
1541,22,"18 tot 25 jaar",TRUE,TRUE,"Mee eens",TRUE,"Mee eens",TRUE,TRUE,FALSE,FALSE,TRUE,TRUE
1542,47,"45 tot 55 jaar",TRUE,TRUE,"Mee eens",TRUE,"Mee eens",TRUE,TRUE,FALSE,TRUE,TRUE,TRUE
1543,75,"75 jaar of ouder",FALSE,TRUE,"Mee eens",TRUE,"Niet mee eens, niet mee oneens",FALSE,TRUE,TRUE,TRUE,TRUE,TRUE
1544,70,"65 tot 75 jaar",FALSE,TRUE,"Mee eens",TRUE,"Mee oneens",FALSE,TRUE,FALSE,FALSE,FALSE,TRUE
1545,45,"45 tot 55 jaar",FALSE,TRUE,"Helemaal mee eens",TRUE,"Mee eens",TRUE,TRUE,TRUE,TRUE,FALSE,TRUE
1546,67,"65 tot 75 jaar",TRUE,TRUE,"Mee eens",TRUE,"Mee eens",TRUE,TRUE,TRUE,TRUE,TRUE,FALSE
1547,52,"45 tot 55 jaar",FALSE,TRUE,"Niet mee eens, niet mee oneens",FALSE,"Niet mee eens, niet mee oneens",FALSE,TRUE,TRUE,TRUE,FALSE,FALSE
1548,59,"55 tot 65 jaar",FALSE,TRUE,"Mee eens",TRUE,"Mee eens",TRUE,TRUE,TRUE,TRUE,TRUE,TRUE
1549,50,"45 tot 55 jaar",TRUE,TRUE,"Mee oneens",FALSE,"Mee eens",TRUE,TRUE,FALSE,TRUE,FALSE,FALSE
1550,24,"18 tot 25 jaar",FALSE,TRUE,"Helemaal mee eens",TRUE,"Helemaal mee eens",TRUE,TRUE,FALSE,TRUE,TRUE,TRUE
1551,24,"18 tot 25 jaar",TRUE,TRUE,"Mee eens",TRUE,"Mee eens",TRUE,FALSE,TRUE,FALSE,TRUE,FALSE
1552,59,"55 tot 65 jaar",TRUE,TRUE,"Niet mee eens, niet mee oneens",FALSE,"Helemaal mee oneens",FALSE,FALSE,FALSE,FALSE,FALSE,FALSE
1553,82,"75 jaar of ouder",TRUE,TRUE,"Helemaal mee eens",TRUE,"Mee eens",TRUE,TRUE,TRUE,TRUE,TRUE,TRUE
1554,59,"55 tot 65 jaar",FALSE,TRUE,"Niet mee eens, niet mee oneens",FALSE,"Niet mee eens, niet mee oneens",FALSE,TRUE,TRUE,FALSE,FALSE,FALSE
1555,77,"75 jaar of ouder",FALSE,TRUE,"Niet mee eens, niet mee oneens",FALSE,"Niet mee eens, niet mee oneens",FALSE,TRUE,FALSE,TRUE,TRUE,FALSE
1556,31,"25 tot 35 jaar",FALSE,TRUE,"Helemaal mee eens",TRUE,"Mee eens",TRUE,TRUE,TRUE,TRUE,TRUE,TRUE
1557,59,"55 tot 65 jaar",FALSE,TRUE,"Mee eens",TRUE,"Helemaal mee oneens",FALSE,TRUE,FALSE,FALSE,FALSE,FALSE
1558,49,"45 tot 55 jaar",FALSE,TRUE,"Mee eens",TRUE,"Mee eens",TRUE,TRUE,FALSE,TRUE,TRUE,TRUE
1559,23,"18 tot 25 jaar",FALSE,TRUE,"Helemaal mee eens",TRUE,"Niet mee eens, niet mee oneens",FALSE,TRUE,FALSE,TRUE,TRUE,TRUE
1560,46,"45 tot 55 jaar",FALSE,TRUE,"Niet mee eens, niet mee oneens",FALSE,"Niet mee eens, niet mee oneens",FALSE,FALSE,FALSE,FALSE,FALSE,TRUE
1561,47,"45 tot 55 jaar",FALSE,TRUE,"Niet mee eens, niet mee oneens",FALSE,"Mee eens",TRUE,FALSE,TRUE,FALSE,TRUE,TRUE
1562,72,"65 tot 75 jaar",TRUE,TRUE,"Mee eens",TRUE,"Mee eens",TRUE,TRUE,TRUE,TRUE,TRUE,TRUE
1563,48,"45 tot 55 jaar",TRUE,TRUE,"Helemaal mee eens",TRUE,"Helemaal mee eens",TRUE,TRUE,TRUE,TRUE,TRUE,TRUE
1564,23,"18 tot 25 jaar",TRUE,TRUE,"Niet mee eens, niet mee oneens",FALSE,"Niet mee eens, niet mee oneens",FALSE,TRUE,FALSE,TRUE,TRUE,TRUE
1565,42,"35 tot 45 jaar",FALSE,TRUE,"Niet mee eens, niet mee oneens",FALSE,"Niet mee eens, niet mee oneens",FALSE,TRUE,FALSE,TRUE,FALSE,TRUE
1566,30,"25 tot 35 jaar",FALSE,TRUE,"Mee eens",TRUE,"Niet mee eens, niet mee oneens",FALSE,TRUE,FALSE,FALSE,TRUE,TRUE
1567,46,"45 tot 55 jaar",TRUE,TRUE,"Helemaal mee eens",TRUE,"Mee eens",TRUE,TRUE,TRUE,FALSE,TRUE,FALSE
1568,69,"65 tot 75 jaar",TRUE,TRUE,"Mee eens",TRUE,"Mee eens",TRUE,TRUE,TRUE,FALSE,TRUE,FALSE
1569,27,"25 tot 35 jaar",FALSE,TRUE,"Helemaal mee eens",TRUE,"Mee eens",TRUE,TRUE,TRUE,TRUE,TRUE,TRUE
1570,70,"65 tot 75 jaar",TRUE,TRUE,"Mee eens",TRUE,"Mee eens",TRUE,TRUE,FALSE,TRUE,TRUE,FALSE
1571,50,"45 tot 55 jaar",FALSE,TRUE,"Mee eens",TRUE,"Mee eens",TRUE,TRUE,TRUE,TRUE,TRUE,TRUE
1572,25,"25 tot 35 jaar",TRUE,TRUE,"Helemaal mee eens",TRUE,"Helemaal mee eens",TRUE,TRUE,TRUE,TRUE,TRUE,TRUE
1573,27,"25 tot 35 jaar",TRUE,TRUE,"Mee eens",TRUE,"Mee eens",TRUE,TRUE,TRUE,TRUE,TRUE,FALSE
1574,82,"75 jaar of ouder",FALSE,TRUE,"Mee eens",TRUE,"Niet mee eens, niet mee oneens",FALSE,TRUE,FALSE,TRUE,TRUE,TRUE
1575,49,"45 tot 55 jaar",FALSE,TRUE,"Mee eens",TRUE,"Niet mee eens, niet mee oneens",FALSE,TRUE,TRUE,TRUE,FALSE,TRUE
1576,48,"45 tot 55 jaar",TRUE,TRUE,"Mee eens",TRUE,"Mee eens",TRUE,TRUE,TRUE,TRUE,TRUE,TRUE
1577,32,"25 tot 35 jaar",FALSE,TRUE,"Mee eens",TRUE,"Niet mee eens, niet mee oneens",FALSE,TRUE,TRUE,TRUE,FALSE,TRUE
1578,68,"65 tot 75 jaar",TRUE,TRUE,"Helemaal mee eens",TRUE,"Helemaal mee eens",TRUE,TRUE,TRUE,TRUE,TRUE,TRUE
1579,41,"35 tot 45 jaar",FALSE,TRUE,"Helemaal mee eens",TRUE,"Helemaal mee eens",TRUE,TRUE,TRUE,TRUE,TRUE,TRUE
1580,52,"45 tot 55 jaar",TRUE,TRUE,"Helemaal mee eens",TRUE,"Helemaal mee eens",TRUE,TRUE,TRUE,TRUE,TRUE,TRUE
1581,39,"35 tot 45 jaar",TRUE,TRUE,"Mee eens",TRUE,"Mee eens",TRUE,TRUE,TRUE,TRUE,TRUE,TRUE
1582,75,"75 jaar of ouder",FALSE,TRUE,"Mee eens",TRUE,"Mee eens",TRUE,FALSE,TRUE,TRUE,FALSE,FALSE
1583,64,"55 tot 65 jaar",FALSE,TRUE,"Helemaal mee eens",TRUE,"Niet mee eens, niet mee oneens",FALSE,TRUE,TRUE,TRUE,TRUE,TRUE
1584,63,"55 tot 65 jaar",TRUE,TRUE,"Mee eens",TRUE,"Mee eens",TRUE,TRUE,TRUE,TRUE,TRUE,TRUE
1585,38,"35 tot 45 jaar",FALSE,TRUE,"Mee eens",TRUE,"Niet mee eens, niet mee oneens",FALSE,TRUE,TRUE,TRUE,TRUE,TRUE
1586,36,"35 tot 45 jaar",FALSE,TRUE,"Niet mee eens, niet mee oneens",FALSE,"Mee eens",TRUE,TRUE,TRUE,TRUE,TRUE,TRUE
1587,78,"75 jaar of ouder",FALSE,TRUE,"Mee eens",TRUE,"Niet mee eens, niet mee oneens",FALSE,TRUE,TRUE,TRUE,TRUE,TRUE
1588,60,"55 tot 65 jaar",TRUE,TRUE,"Helemaal mee eens",TRUE,"Niet mee eens, niet mee oneens",FALSE,TRUE,FALSE,FALSE,TRUE,FALSE
1589,34,"25 tot 35 jaar",TRUE,TRUE,"Mee eens",TRUE,"Mee eens",TRUE,TRUE,TRUE,FALSE,TRUE,FALSE
1590,56,"55 tot 65 jaar",FALSE,TRUE,"Helemaal mee eens",TRUE,"Helemaal mee eens",TRUE,TRUE,TRUE,TRUE,TRUE,TRUE
1591,67,"65 tot 75 jaar",FALSE,TRUE,"Mee eens",TRUE,"Niet mee eens, niet mee oneens",FALSE,FALSE,TRUE,FALSE,FALSE,TRUE
1592,34,"25 tot 35 jaar",TRUE,TRUE,"Mee eens",TRUE,"Mee eens",TRUE,TRUE,FALSE,FALSE,TRUE,TRUE
1593,20,"18 tot 25 jaar",FALSE,TRUE,"Helemaal mee eens",TRUE,"Mee eens",TRUE,TRUE,TRUE,TRUE,TRUE,TRUE
1594,24,"18 tot 25 jaar",FALSE,FALSE,"Helemaal mee eens",TRUE,"Niet mee eens, niet mee oneens",FALSE,TRUE,TRUE,TRUE,TRUE,TRUE
1595,56,"55 tot 65 jaar",TRUE,TRUE,"Mee eens",TRUE,"Helemaal mee eens",TRUE,TRUE,TRUE,TRUE,TRUE,FALSE
1596,22,"18 tot 25 jaar",FALSE,TRUE,"Mee eens",TRUE,"Niet mee eens, niet mee oneens",FALSE,TRUE,TRUE,FALSE,TRUE,FALSE
1597,28,"25 tot 35 jaar",FALSE,TRUE,"Mee eens",TRUE,"Niet mee eens, niet mee oneens",FALSE,TRUE,TRUE,TRUE,TRUE,TRUE
1598,45,"45 tot 55 jaar",TRUE,TRUE,"Mee eens",TRUE,"Mee eens",TRUE,FALSE,TRUE,FALSE,FALSE,FALSE
1599,60,"55 tot 65 jaar",FALSE,TRUE,"Helemaal mee eens",TRUE,"Helemaal mee eens",TRUE,TRUE,TRUE,TRUE,TRUE,TRUE
1600,19,"18 tot 25 jaar",FALSE,TRUE,"Mee eens",TRUE,"Niet mee eens, niet mee oneens",FALSE,TRUE,TRUE,TRUE,TRUE,TRUE
1601,36,"35 tot 45 jaar",FALSE,TRUE,"Helemaal mee eens",TRUE,"Mee eens",TRUE,TRUE,TRUE,FALSE,FALSE,FALSE
1602,55,"55 tot 65 jaar",TRUE,TRUE,"Mee eens",TRUE,"Mee eens",TRUE,TRUE,TRUE,TRUE,TRUE,TRUE
1603,56,"55 tot 65 jaar",TRUE,TRUE,"Helemaal mee eens",TRUE,"Helemaal mee eens",TRUE,TRUE,TRUE,TRUE,TRUE,TRUE
1604,61,"55 tot 65 jaar",FALSE,TRUE,"Mee eens",TRUE,"Mee eens",TRUE,FALSE,TRUE,FALSE,TRUE,TRUE
1605,59,"55 tot 65 jaar",TRUE,TRUE,"Mee eens",TRUE,"Mee eens",TRUE,TRUE,TRUE,FALSE,TRUE,FALSE
1606,31,"25 tot 35 jaar",FALSE,TRUE,"Helemaal mee eens",TRUE,"Helemaal mee eens",TRUE,TRUE,TRUE,TRUE,TRUE,TRUE
1607,28,"25 tot 35 jaar",TRUE,TRUE,"Helemaal mee eens",TRUE,"Mee eens",TRUE,TRUE,FALSE,TRUE,TRUE,TRUE
1608,36,"35 tot 45 jaar",FALSE,TRUE,"Mee eens",TRUE,"Mee oneens",FALSE,FALSE,FALSE,FALSE,TRUE,TRUE
1609,45,"45 tot 55 jaar",FALSE,TRUE,"Helemaal mee eens",TRUE,"Helemaal mee eens",TRUE,TRUE,TRUE,TRUE,TRUE,TRUE
1610,21,"18 tot 25 jaar",FALSE,TRUE,"Helemaal mee eens",TRUE,"Niet mee eens, niet mee oneens",FALSE,TRUE,TRUE,TRUE,TRUE,TRUE
1611,82,"75 jaar of ouder",FALSE,TRUE,"Mee eens",TRUE,"Mee eens",TRUE,TRUE,TRUE,TRUE,TRUE,FALSE
1612,20,"18 tot 25 jaar",FALSE,FALSE,"Mee eens",TRUE,"Mee eens",TRUE,TRUE,TRUE,TRUE,TRUE,FALSE
1613,24,"18 tot 25 jaar",TRUE,TRUE,"Mee oneens",FALSE,"Niet mee eens, niet mee oneens",FALSE,FALSE,FALSE,FALSE,FALSE,FALSE
1614,58,"55 tot 65 jaar",FALSE,FALSE,"Helemaal mee eens",TRUE,"Helemaal mee eens",TRUE,TRUE,FALSE,TRUE,TRUE,TRUE
1615,18,"18 tot 25 jaar",FALSE,TRUE,"Helemaal mee eens",TRUE,"Helemaal mee eens",TRUE,TRUE,TRUE,TRUE,TRUE,TRUE
1616,87,"75 jaar of ouder",FALSE,TRUE,"Helemaal mee eens",TRUE,"Helemaal mee eens",TRUE,TRUE,TRUE,TRUE,TRUE,TRUE
1617,84,"75 jaar of ouder",TRUE,TRUE,"Mee eens",TRUE,"Niet mee eens, niet mee oneens",FALSE,FALSE,FALSE,TRUE,FALSE,FALSE
1618,23,"18 tot 25 jaar",TRUE,TRUE,"Mee eens",TRUE,"Helemaal mee eens",TRUE,TRUE,TRUE,TRUE,TRUE,TRUE
1619,73,"65 tot 75 jaar",TRUE,TRUE,"Helemaal mee eens",TRUE,"Mee eens",TRUE,TRUE,TRUE,TRUE,TRUE,TRUE
1620,29,"25 tot 35 jaar",TRUE,TRUE,"Helemaal mee eens",TRUE,"Mee eens",TRUE,TRUE,TRUE,TRUE,TRUE,TRUE
1621,31,"25 tot 35 jaar",TRUE,TRUE,"Mee eens",TRUE,"Mee eens",TRUE,TRUE,FALSE,TRUE,FALSE,FALSE
1622,34,"25 tot 35 jaar",TRUE,TRUE,"Helemaal mee eens",TRUE,"Helemaal mee eens",TRUE,TRUE,FALSE,TRUE,TRUE,TRUE
1623,40,"35 tot 45 jaar",TRUE,TRUE,"Helemaal mee eens",TRUE,"Helemaal mee eens",TRUE,TRUE,TRUE,TRUE,TRUE,TRUE
1624,64,"55 tot 65 jaar",TRUE,TRUE,"Mee eens",TRUE,"Mee eens",TRUE,TRUE,TRUE,TRUE,TRUE,TRUE
1625,67,"65 tot 75 jaar",TRUE,TRUE,"Mee eens",TRUE,"Mee eens",TRUE,TRUE,TRUE,TRUE,TRUE,TRUE
1626,40,"35 tot 45 jaar",FALSE,TRUE,"Mee eens",TRUE,"Niet mee eens, niet mee oneens",FALSE,TRUE,FALSE,TRUE,FALSE,TRUE
1627,24,"18 tot 25 jaar",FALSE,TRUE,"Mee eens",TRUE,"Niet mee eens, niet mee oneens",FALSE,TRUE,FALSE,TRUE,TRUE,FALSE
1628,79,"75 jaar of ouder",TRUE,TRUE,"Mee eens",TRUE,"Niet mee eens, niet mee oneens",FALSE,FALSE,TRUE,TRUE,FALSE,FALSE
1629,62,"55 tot 65 jaar",FALSE,TRUE,"Helemaal mee eens",TRUE,"Mee oneens",FALSE,TRUE,TRUE,TRUE,FALSE,FALSE
1630,73,"65 tot 75 jaar",TRUE,TRUE,"Helemaal mee eens",TRUE,"Mee eens",TRUE,TRUE,TRUE,TRUE,TRUE,TRUE
1631,39,"35 tot 45 jaar",TRUE,TRUE,"Mee eens",TRUE,"Mee eens",TRUE,FALSE,TRUE,FALSE,FALSE,FALSE
1632,38,"35 tot 45 jaar",TRUE,TRUE,"Niet mee eens, niet mee oneens",FALSE,"Mee eens",TRUE,TRUE,TRUE,TRUE,TRUE,TRUE
1633,61,"55 tot 65 jaar",FALSE,TRUE,"Mee eens",TRUE,"Helemaal mee oneens",FALSE,FALSE,TRUE,FALSE,FALSE,FALSE
1634,52,"45 tot 55 jaar",TRUE,TRUE,"Helemaal mee eens",TRUE,"Helemaal mee eens",TRUE,TRUE,TRUE,FALSE,TRUE,TRUE
1635,86,"75 jaar of ouder",TRUE,TRUE,"Helemaal mee eens",TRUE,"Helemaal mee eens",TRUE,TRUE,TRUE,TRUE,TRUE,TRUE
1636,62,"55 tot 65 jaar",FALSE,TRUE,"Mee eens",TRUE,"Mee eens",TRUE,TRUE,TRUE,TRUE,FALSE,TRUE
1637,73,"65 tot 75 jaar",TRUE,TRUE,"Mee eens",TRUE,"Mee eens",TRUE,TRUE,TRUE,TRUE,FALSE,FALSE
1638,58,"55 tot 65 jaar",FALSE,TRUE,"Helemaal mee eens",TRUE,"Helemaal mee eens",TRUE,TRUE,TRUE,TRUE,TRUE,TRUE
1639,41,"35 tot 45 jaar",FALSE,TRUE,"Helemaal mee eens",TRUE,"Mee eens",TRUE,TRUE,TRUE,TRUE,TRUE,TRUE
1640,24,"18 tot 25 jaar",TRUE,TRUE,"Mee eens",TRUE,"Niet mee eens, niet mee oneens",FALSE,FALSE,TRUE,FALSE,FALSE,FALSE
1641,46,"45 tot 55 jaar",FALSE,TRUE,"Helemaal mee eens",TRUE,"Helemaal mee eens",TRUE,TRUE,TRUE,TRUE,TRUE,TRUE
1642,68,"65 tot 75 jaar",TRUE,TRUE,"Mee eens",TRUE,"Mee eens",TRUE,FALSE,TRUE,TRUE,TRUE,TRUE
1643,27,"25 tot 35 jaar",FALSE,TRUE,"Mee eens",TRUE,"Mee eens",TRUE,TRUE,TRUE,TRUE,TRUE,FALSE
1644,18,"18 tot 25 jaar",TRUE,TRUE,"Helemaal mee eens",TRUE,"Niet mee eens, niet mee oneens",FALSE,TRUE,TRUE,TRUE,TRUE,TRUE
1645,53,"45 tot 55 jaar",FALSE,TRUE,"Helemaal mee eens",TRUE,"Mee eens",TRUE,TRUE,TRUE,TRUE,TRUE,TRUE
1646,61,"55 tot 65 jaar",FALSE,TRUE,"Helemaal mee eens",TRUE,"Mee eens",TRUE,TRUE,TRUE,TRUE,TRUE,TRUE
1647,72,"65 tot 75 jaar",TRUE,TRUE,"Mee eens",TRUE,"Mee eens",TRUE,TRUE,TRUE,FALSE,TRUE,TRUE
1648,26,"25 tot 35 jaar",FALSE,TRUE,"Mee eens",TRUE,"Mee eens",TRUE,TRUE,TRUE,TRUE,TRUE,FALSE
1649,25,"25 tot 35 jaar",FALSE,TRUE,"Helemaal mee eens",TRUE,"Helemaal mee eens",TRUE,TRUE,TRUE,TRUE,TRUE,TRUE
1650,72,"65 tot 75 jaar",FALSE,TRUE,"Helemaal mee eens",TRUE,"Helemaal mee eens",TRUE,TRUE,TRUE,TRUE,TRUE,TRUE
1651,70,"65 tot 75 jaar",FALSE,TRUE,"Mee eens",TRUE,"Mee eens",TRUE,TRUE,TRUE,TRUE,TRUE,FALSE
1652,21,"18 tot 25 jaar",TRUE,TRUE,"Mee eens",TRUE,"Niet mee eens, niet mee oneens",FALSE,TRUE,FALSE,TRUE,TRUE,TRUE
1653,18,"18 tot 25 jaar",FALSE,TRUE,"Mee eens",TRUE,"Niet mee eens, niet mee oneens",FALSE,TRUE,TRUE,TRUE,FALSE,FALSE
1654,29,"25 tot 35 jaar",FALSE,TRUE,"Mee eens",TRUE,"Niet mee eens, niet mee oneens",FALSE,TRUE,TRUE,FALSE,TRUE,TRUE
1655,19,"18 tot 25 jaar",TRUE,TRUE,"Helemaal mee eens",TRUE,"Helemaal mee eens",TRUE,TRUE,TRUE,TRUE,TRUE,TRUE
1656,23,"18 tot 25 jaar",TRUE,TRUE,"Mee eens",TRUE,"Helemaal mee eens",TRUE,TRUE,TRUE,TRUE,TRUE,FALSE
1657,30,"25 tot 35 jaar",TRUE,TRUE,"Helemaal mee eens",TRUE,"Helemaal mee eens",TRUE,TRUE,TRUE,TRUE,TRUE,TRUE
1658,50,"45 tot 55 jaar",FALSE,TRUE,"Helemaal mee eens",TRUE,"Mee eens",TRUE,TRUE,TRUE,TRUE,TRUE,TRUE
1659,70,"65 tot 75 jaar",FALSE,TRUE,"Mee eens",TRUE,"Niet mee eens, niet mee oneens",FALSE,TRUE,TRUE,TRUE,FALSE,TRUE
1660,53,"45 tot 55 jaar",FALSE,TRUE,"Helemaal mee eens",TRUE,"Helemaal mee eens",TRUE,TRUE,TRUE,TRUE,TRUE,TRUE
1661,62,"55 tot 65 jaar",FALSE,TRUE,"Helemaal mee eens",TRUE,"Mee eens",TRUE,TRUE,TRUE,TRUE,TRUE,FALSE
1662,41,"35 tot 45 jaar",FALSE,TRUE,"Helemaal mee eens",TRUE,"Helemaal mee eens",TRUE,TRUE,TRUE,TRUE,TRUE,TRUE
1663,74,"65 tot 75 jaar",TRUE,TRUE,"Mee eens",TRUE,"Mee eens",TRUE,TRUE,TRUE,TRUE,FALSE,TRUE
1664,73,"65 tot 75 jaar",FALSE,TRUE,"Helemaal mee eens",TRUE,"Helemaal mee eens",TRUE,TRUE,TRUE,TRUE,TRUE,TRUE
1665,56,"55 tot 65 jaar",FALSE,TRUE,"Mee eens",TRUE,"Niet mee eens, niet mee oneens",FALSE,TRUE,TRUE,FALSE,FALSE,TRUE
1666,81,"75 jaar of ouder",TRUE,TRUE,"Helemaal mee eens",TRUE,"Mee eens",TRUE,TRUE,TRUE,TRUE,TRUE,TRUE
1667,46,"45 tot 55 jaar",TRUE,TRUE,"Niet mee eens, niet mee oneens",FALSE,"Mee oneens",FALSE,TRUE,TRUE,FALSE,TRUE,FALSE
1668,26,"25 tot 35 jaar",FALSE,FALSE,"Helemaal mee eens",TRUE,"Mee eens",TRUE,TRUE,TRUE,TRUE,TRUE,TRUE
1669,52,"45 tot 55 jaar",TRUE,TRUE,"Mee eens",TRUE,"Mee eens",TRUE,TRUE,TRUE,TRUE,TRUE,FALSE
1670,23,"18 tot 25 jaar",TRUE,TRUE,"Helemaal mee eens",TRUE,"Mee eens",TRUE,TRUE,TRUE,TRUE,TRUE,TRUE
1671,77,"75 jaar of ouder",TRUE,TRUE,"Mee eens",TRUE,"Mee eens",TRUE,TRUE,TRUE,TRUE,TRUE,TRUE
1672,44,"35 tot 45 jaar",FALSE,TRUE,"Helemaal mee eens",TRUE,"Helemaal mee eens",TRUE,TRUE,TRUE,TRUE,TRUE,TRUE
1673,37,"35 tot 45 jaar",TRUE,TRUE,"Mee eens",TRUE,"Mee eens",TRUE,TRUE,TRUE,TRUE,TRUE,FALSE
1674,24,"18 tot 25 jaar",TRUE,TRUE,"Helemaal mee eens",TRUE,"Mee eens",TRUE,TRUE,TRUE,TRUE,TRUE,TRUE
1675,87,"75 jaar of ouder",TRUE,TRUE,"Helemaal mee eens",TRUE,"Mee eens",TRUE,TRUE,TRUE,TRUE,TRUE,TRUE
1676,79,"75 jaar of ouder",FALSE,TRUE,"Helemaal mee eens",TRUE,"Helemaal mee eens",TRUE,TRUE,TRUE,TRUE,TRUE,TRUE
1677,30,"25 tot 35 jaar",FALSE,TRUE,"Mee eens",TRUE,"Mee eens",TRUE,TRUE,TRUE,TRUE,TRUE,FALSE
1678,64,"55 tot 65 jaar",TRUE,TRUE,"Mee eens",TRUE,"Mee eens",TRUE,TRUE,TRUE,TRUE,TRUE,TRUE
1679,69,"65 tot 75 jaar",FALSE,TRUE,"Mee eens",TRUE,"Helemaal mee eens",TRUE,TRUE,TRUE,TRUE,TRUE,TRUE
1680,61,"55 tot 65 jaar",TRUE,TRUE,"Helemaal mee eens",TRUE,"Mee eens",TRUE,TRUE,TRUE,TRUE,TRUE,FALSE
1681,21,"18 tot 25 jaar",FALSE,TRUE,"Helemaal mee eens",TRUE,"Mee eens",TRUE,TRUE,TRUE,TRUE,TRUE,TRUE
1682,64,"55 tot 65 jaar",TRUE,TRUE,"Mee eens",TRUE,"Mee eens",TRUE,TRUE,FALSE,FALSE,TRUE,FALSE
1683,44,"35 tot 45 jaar",TRUE,TRUE,"Helemaal mee eens",TRUE,"Mee eens",TRUE,TRUE,FALSE,TRUE,TRUE,TRUE
1684,37,"35 tot 45 jaar",FALSE,TRUE,"Helemaal mee eens",TRUE,"Mee eens",TRUE,TRUE,TRUE,TRUE,TRUE,FALSE
1685,55,"55 tot 65 jaar",TRUE,TRUE,"Mee eens",TRUE,"Mee eens",TRUE,TRUE,FALSE,TRUE,TRUE,TRUE
1686,62,"55 tot 65 jaar",TRUE,TRUE,"Niet mee eens, niet mee oneens",FALSE,"Mee eens",TRUE,TRUE,FALSE,FALSE,FALSE,FALSE
1687,54,"45 tot 55 jaar",FALSE,FALSE,"Niet mee eens, niet mee oneens",FALSE,"Mee eens",TRUE,TRUE,TRUE,FALSE,TRUE,TRUE
1688,64,"55 tot 65 jaar",FALSE,TRUE,"Mee eens",TRUE,"Mee eens",TRUE,TRUE,TRUE,TRUE,TRUE,TRUE
1689,18,"18 tot 25 jaar",TRUE,FALSE,"Helemaal mee eens",TRUE,"Niet mee eens, niet mee oneens",FALSE,TRUE,TRUE,TRUE,FALSE,TRUE
1690,41,"35 tot 45 jaar",FALSE,TRUE,"Mee eens",TRUE,"Helemaal mee eens",TRUE,TRUE,TRUE,TRUE,TRUE,TRUE
1691,49,"45 tot 55 jaar",FALSE,TRUE,"Niet mee eens, niet mee oneens",FALSE,"Mee oneens",FALSE,TRUE,TRUE,FALSE,FALSE,FALSE
1692,19,"18 tot 25 jaar",FALSE,TRUE,"Helemaal mee eens",TRUE,"Niet mee eens, niet mee oneens",FALSE,TRUE,TRUE,TRUE,TRUE,TRUE
1693,46,"45 tot 55 jaar",FALSE,FALSE,"Mee eens",TRUE,"Mee eens",TRUE,FALSE,TRUE,TRUE,TRUE,FALSE
1694,48,"45 tot 55 jaar",TRUE,TRUE,"Mee oneens",FALSE,"Helemaal mee oneens",FALSE,TRUE,TRUE,FALSE,FALSE,FALSE
1695,45,"45 tot 55 jaar",FALSE,TRUE,"Mee eens",TRUE,"Niet mee eens, niet mee oneens",FALSE,TRUE,TRUE,TRUE,FALSE,FALSE
1696,40,"35 tot 45 jaar",TRUE,TRUE,"Mee eens",TRUE,"Helemaal mee eens",TRUE,TRUE,TRUE,TRUE,TRUE,TRUE
1697,40,"35 tot 45 jaar",FALSE,TRUE,"Mee eens",TRUE,"Helemaal mee eens",TRUE,TRUE,TRUE,TRUE,TRUE,TRUE
1698,38,"35 tot 45 jaar",FALSE,TRUE,"Mee eens",TRUE,"Mee eens",TRUE,TRUE,TRUE,TRUE,TRUE,FALSE
1699,55,"55 tot 65 jaar",FALSE,FALSE,"Niet mee eens, niet mee oneens",FALSE,"Niet mee eens, niet mee oneens",FALSE,TRUE,FALSE,FALSE,FALSE,TRUE
1700,63,"55 tot 65 jaar",FALSE,TRUE,"Helemaal mee eens",TRUE,"Helemaal mee eens",TRUE,TRUE,TRUE,TRUE,TRUE,TRUE
1701,59,"55 tot 65 jaar",TRUE,TRUE,"Mee oneens",FALSE,"Mee oneens",FALSE,TRUE,TRUE,FALSE,FALSE,FALSE
1702,26,"25 tot 35 jaar",TRUE,TRUE,"Mee eens",TRUE,"Helemaal mee eens",TRUE,TRUE,FALSE,TRUE,TRUE,TRUE
1703,48,"45 tot 55 jaar",TRUE,TRUE,"Mee eens",TRUE,"Mee oneens",FALSE,FALSE,TRUE,TRUE,FALSE,TRUE
1704,35,"35 tot 45 jaar",TRUE,TRUE,"Mee eens",TRUE,"Mee eens",TRUE,TRUE,TRUE,TRUE,TRUE,TRUE
1705,44,"35 tot 45 jaar",FALSE,TRUE,"Niet mee eens, niet mee oneens",FALSE,"Niet mee eens, niet mee oneens",FALSE,FALSE,FALSE,FALSE,FALSE,TRUE
1706,35,"35 tot 45 jaar",FALSE,TRUE,"Mee eens",TRUE,"Niet mee eens, niet mee oneens",FALSE,TRUE,TRUE,FALSE,FALSE,TRUE
1707,19,"18 tot 25 jaar",TRUE,TRUE,"Helemaal mee eens",TRUE,"Mee eens",TRUE,TRUE,FALSE,TRUE,TRUE,TRUE
1708,57,"55 tot 65 jaar",TRUE,TRUE,"Mee eens",TRUE,"Mee eens",TRUE,TRUE,TRUE,TRUE,TRUE,TRUE
1709,84,"75 jaar of ouder",TRUE,TRUE,"Helemaal mee eens",TRUE,"Mee eens",TRUE,TRUE,FALSE,TRUE,TRUE,TRUE
1710,20,"18 tot 25 jaar",FALSE,TRUE,"Mee eens",TRUE,"Mee eens",TRUE,TRUE,TRUE,TRUE,TRUE,TRUE
1711,45,"45 tot 55 jaar",TRUE,TRUE,"Mee eens",TRUE,"Mee eens",TRUE,TRUE,TRUE,TRUE,FALSE,TRUE
1712,58,"55 tot 65 jaar",TRUE,TRUE,"Mee eens",TRUE,"Mee oneens",FALSE,TRUE,TRUE,FALSE,FALSE,FALSE
1713,63,"55 tot 65 jaar",FALSE,TRUE,"Helemaal mee eens",TRUE,"Helemaal mee eens",TRUE,TRUE,FALSE,TRUE,TRUE,TRUE
1714,33,"25 tot 35 jaar",FALSE,TRUE,"Niet mee eens, niet mee oneens",FALSE,"Mee eens",TRUE,TRUE,TRUE,FALSE,TRUE,TRUE
1715,57,"55 tot 65 jaar",TRUE,TRUE,"Helemaal mee eens",TRUE,"Mee eens",TRUE,TRUE,TRUE,TRUE,TRUE,TRUE
1716,32,"25 tot 35 jaar",TRUE,TRUE,"Helemaal mee eens",TRUE,"Mee eens",TRUE,TRUE,TRUE,TRUE,TRUE,TRUE
1717,21,"18 tot 25 jaar",FALSE,TRUE,"Helemaal mee eens",TRUE,"Mee eens",TRUE,TRUE,TRUE,TRUE,TRUE,FALSE
1718,49,"45 tot 55 jaar",FALSE,TRUE,"Helemaal mee eens",TRUE,"Mee eens",TRUE,TRUE,TRUE,TRUE,TRUE,TRUE
1719,26,"25 tot 35 jaar",FALSE,TRUE,"Niet mee eens, niet mee oneens",FALSE,"Mee oneens",FALSE,FALSE,TRUE,FALSE,FALSE,FALSE
1720,50,"45 tot 55 jaar",FALSE,TRUE,"Niet mee eens, niet mee oneens",FALSE,"Mee oneens",FALSE,FALSE,FALSE,FALSE,FALSE,FALSE
1721,23,"18 tot 25 jaar",FALSE,TRUE,"Niet mee eens, niet mee oneens",FALSE,"Mee oneens",FALSE,FALSE,TRUE,FALSE,FALSE,FALSE
1722,64,"55 tot 65 jaar",FALSE,TRUE,"Helemaal mee eens",TRUE,"Helemaal mee eens",TRUE,TRUE,TRUE,TRUE,TRUE,TRUE
1723,36,"35 tot 45 jaar",FALSE,TRUE,"Mee eens",TRUE,"Mee eens",TRUE,TRUE,FALSE,FALSE,TRUE,TRUE
1724,36,"35 tot 45 jaar",FALSE,TRUE,"Niet mee eens, niet mee oneens",FALSE,"Mee eens",TRUE,TRUE,TRUE,TRUE,TRUE,FALSE
1725,36,"35 tot 45 jaar",FALSE,TRUE,"Mee eens",TRUE,"Mee eens",TRUE,TRUE,TRUE,TRUE,TRUE,FALSE
1726,90,"75 jaar of ouder",TRUE,TRUE,"Mee eens",TRUE,"Mee eens",TRUE,TRUE,TRUE,TRUE,TRUE,TRUE
1727,23,"18 tot 25 jaar",FALSE,TRUE,"Mee eens",TRUE,"Mee oneens",FALSE,TRUE,FALSE,TRUE,FALSE,FALSE
1728,55,"55 tot 65 jaar",FALSE,TRUE,"Mee eens",TRUE,"Niet mee eens, niet mee oneens",FALSE,TRUE,FALSE,TRUE,TRUE,TRUE
1729,42,"35 tot 45 jaar",FALSE,TRUE,"Mee eens",TRUE,"Niet mee eens, niet mee oneens",FALSE,TRUE,FALSE,TRUE,FALSE,TRUE
1730,86,"75 jaar of ouder",FALSE,TRUE,"Niet mee eens, niet mee oneens",FALSE,"Niet mee eens, niet mee oneens",FALSE,TRUE,FALSE,FALSE,FALSE,TRUE
1731,42,"35 tot 45 jaar",TRUE,TRUE,"Mee eens",TRUE,"Mee eens",TRUE,TRUE,FALSE,TRUE,TRUE,TRUE
1732,52,"45 tot 55 jaar",TRUE,TRUE,"Helemaal mee eens",TRUE,"Mee eens",TRUE,TRUE,TRUE,TRUE,TRUE,TRUE
1733,38,"35 tot 45 jaar",FALSE,TRUE,"Helemaal mee eens",TRUE,"Helemaal mee eens",TRUE,TRUE,TRUE,TRUE,TRUE,TRUE
1734,43,"35 tot 45 jaar",TRUE,TRUE,"Mee eens",TRUE,"Mee eens",TRUE,TRUE,TRUE,FALSE,TRUE,FALSE
1735,75,"75 jaar of ouder",TRUE,TRUE,"Helemaal mee eens",TRUE,"Mee eens",TRUE,TRUE,TRUE,TRUE,TRUE,TRUE
1736,54,"45 tot 55 jaar",TRUE,TRUE,"Mee eens",TRUE,"Mee eens",TRUE,TRUE,TRUE,TRUE,FALSE,FALSE
1737,21,"18 tot 25 jaar",TRUE,TRUE,"Mee eens",TRUE,"Mee eens",TRUE,TRUE,TRUE,FALSE,FALSE,FALSE
1738,28,"25 tot 35 jaar",TRUE,TRUE,"Mee eens",TRUE,"Mee eens",TRUE,FALSE,FALSE,FALSE,FALSE,FALSE
1739,82,"75 jaar of ouder",FALSE,TRUE,"Mee eens",TRUE,"Mee eens",TRUE,TRUE,TRUE,TRUE,TRUE,FALSE
1740,68,"65 tot 75 jaar",FALSE,TRUE,"Mee eens",TRUE,"Niet mee eens, niet mee oneens",FALSE,TRUE,TRUE,TRUE,TRUE,TRUE
1741,75,"75 jaar of ouder",FALSE,TRUE,"Mee eens",TRUE,"Niet mee eens, niet mee oneens",FALSE,TRUE,TRUE,FALSE,TRUE,TRUE
1742,25,"25 tot 35 jaar",FALSE,TRUE,"Mee eens",TRUE,"Niet mee eens, niet mee oneens",FALSE,FALSE,TRUE,TRUE,FALSE,TRUE
1743,31,"25 tot 35 jaar",FALSE,TRUE,"Helemaal mee eens",TRUE,"Helemaal mee eens",TRUE,TRUE,TRUE,TRUE,TRUE,TRUE
1744,47,"45 tot 55 jaar",TRUE,TRUE,"Helemaal mee eens",TRUE,"Mee eens",TRUE,TRUE,TRUE,TRUE,TRUE,TRUE
1745,44,"35 tot 45 jaar",FALSE,TRUE,"Mee eens",TRUE,"Niet mee eens, niet mee oneens",FALSE,TRUE,TRUE,TRUE,TRUE,TRUE
1746,25,"25 tot 35 jaar",FALSE,TRUE,"Mee eens",TRUE,"Mee eens",TRUE,TRUE,TRUE,TRUE,TRUE,TRUE
1747,45,"45 tot 55 jaar",TRUE,TRUE,"Mee eens",TRUE,"Helemaal mee eens",TRUE,TRUE,TRUE,TRUE,FALSE,FALSE
1748,39,"35 tot 45 jaar",TRUE,TRUE,"Mee eens",TRUE,"Mee eens",TRUE,TRUE,TRUE,FALSE,FALSE,TRUE
1749,30,"25 tot 35 jaar",TRUE,TRUE,"Helemaal mee eens",TRUE,"Mee eens",TRUE,TRUE,TRUE,TRUE,TRUE,TRUE
1750,72,"65 tot 75 jaar",FALSE,TRUE,"Mee eens",TRUE,"Niet mee eens, niet mee oneens",FALSE,TRUE,TRUE,TRUE,FALSE,TRUE
1751,61,"55 tot 65 jaar",TRUE,FALSE,"Niet mee eens, niet mee oneens",FALSE,"Mee eens",TRUE,TRUE,TRUE,FALSE,FALSE,TRUE
1752,70,"65 tot 75 jaar",FALSE,TRUE,"Helemaal mee eens",TRUE,"Niet mee eens, niet mee oneens",FALSE,TRUE,TRUE,TRUE,TRUE,TRUE
1753,39,"35 tot 45 jaar",FALSE,TRUE,"Helemaal mee eens",TRUE,"Helemaal mee eens",TRUE,TRUE,TRUE,TRUE,TRUE,TRUE
1754,35,"35 tot 45 jaar",FALSE,TRUE,"Helemaal mee eens",TRUE,"Helemaal mee eens",TRUE,TRUE,TRUE,TRUE,TRUE,TRUE
1755,32,"25 tot 35 jaar",FALSE,TRUE,"Niet mee eens, niet mee oneens",FALSE,"Niet mee eens, niet mee oneens",FALSE,FALSE,TRUE,TRUE,FALSE,TRUE
1756,42,"35 tot 45 jaar",FALSE,TRUE,"Helemaal mee eens",TRUE,"Mee eens",TRUE,TRUE,TRUE,TRUE,TRUE,TRUE
1757,21,"18 tot 25 jaar",TRUE,TRUE,"Helemaal mee eens",TRUE,"Mee eens",TRUE,TRUE,TRUE,TRUE,TRUE,TRUE
1758,41,"35 tot 45 jaar",FALSE,TRUE,"Helemaal mee eens",TRUE,"Mee eens",TRUE,TRUE,TRUE,TRUE,TRUE,TRUE
1759,53,"45 tot 55 jaar",FALSE,TRUE,"Mee eens",TRUE,"Mee eens",TRUE,TRUE,TRUE,TRUE,TRUE,TRUE
1760,63,"55 tot 65 jaar",TRUE,TRUE,"Mee eens",TRUE,"Mee eens",TRUE,FALSE,TRUE,TRUE,FALSE,TRUE
1761,55,"55 tot 65 jaar",TRUE,TRUE,"Helemaal mee eens",TRUE,"Mee eens",TRUE,TRUE,FALSE,TRUE,TRUE,TRUE
1762,29,"25 tot 35 jaar",TRUE,TRUE,"Helemaal mee eens",TRUE,"Mee eens",TRUE,TRUE,TRUE,TRUE,TRUE,TRUE
1763,53,"45 tot 55 jaar",FALSE,TRUE,"Niet mee eens, niet mee oneens",FALSE,"Mee eens",TRUE,TRUE,TRUE,FALSE,FALSE,FALSE
1764,83,"75 jaar of ouder",FALSE,TRUE,"Helemaal mee eens",TRUE,"Helemaal mee eens",TRUE,TRUE,TRUE,TRUE,TRUE,FALSE
1765,44,"35 tot 45 jaar",TRUE,TRUE,"Mee eens",TRUE,"Mee eens",TRUE,TRUE,FALSE,FALSE,TRUE,TRUE
1766,59,"55 tot 65 jaar",FALSE,TRUE,"Helemaal mee eens",TRUE,"Mee eens",TRUE,TRUE,TRUE,TRUE,TRUE,TRUE
1767,61,"55 tot 65 jaar",TRUE,TRUE,"Mee eens",TRUE,"Mee eens",TRUE,TRUE,TRUE,TRUE,TRUE,TRUE
1768,44,"35 tot 45 jaar",TRUE,TRUE,"Mee oneens",FALSE,"Niet mee eens, niet mee oneens",FALSE,TRUE,FALSE,FALSE,FALSE,FALSE
1769,60,"55 tot 65 jaar",TRUE,TRUE,"Mee eens",TRUE,"Mee eens",TRUE,TRUE,TRUE,FALSE,TRUE,TRUE
1770,47,"45 tot 55 jaar",FALSE,TRUE,"Helemaal mee eens",TRUE,"Niet mee eens, niet mee oneens",FALSE,TRUE,TRUE,TRUE,TRUE,TRUE
1771,30,"25 tot 35 jaar",TRUE,TRUE,"Mee eens",TRUE,"Mee eens",TRUE,TRUE,TRUE,TRUE,TRUE,TRUE
1772,29,"25 tot 35 jaar",FALSE,TRUE,"Helemaal mee eens",TRUE,"Mee eens",TRUE,TRUE,TRUE,TRUE,TRUE,TRUE
1773,55,"55 tot 65 jaar",FALSE,TRUE,"Mee eens",TRUE,"Mee eens",TRUE,TRUE,TRUE,TRUE,FALSE,FALSE
1774,41,"35 tot 45 jaar",TRUE,TRUE,"Mee eens",TRUE,"Mee eens",TRUE,TRUE,TRUE,TRUE,TRUE,FALSE
1775,81,"75 jaar of ouder",FALSE,TRUE,"Mee eens",TRUE,"Mee eens",TRUE,TRUE,TRUE,TRUE,TRUE,FALSE
1776,19,"18 tot 25 jaar",FALSE,FALSE,"Niet mee eens, niet mee oneens",FALSE,"Niet mee eens, niet mee oneens",FALSE,TRUE,TRUE,TRUE,TRUE,TRUE
1777,35,"35 tot 45 jaar",FALSE,FALSE,"Niet mee eens, niet mee oneens",FALSE,"Mee eens",TRUE,TRUE,TRUE,FALSE,TRUE,FALSE
1778,86,"75 jaar of ouder",TRUE,TRUE,"Mee eens",TRUE,"Niet mee eens, niet mee oneens",FALSE,TRUE,TRUE,FALSE,TRUE,TRUE
1779,76,"75 jaar of ouder",TRUE,TRUE,"Helemaal mee eens",TRUE,"Mee eens",TRUE,TRUE,TRUE,TRUE,TRUE,FALSE
1780,75,"75 jaar of ouder",FALSE,TRUE,"Mee eens",TRUE,"Helemaal mee eens",TRUE,TRUE,FALSE,TRUE,TRUE,TRUE
1781,84,"75 jaar of ouder",TRUE,TRUE,"Helemaal mee eens",TRUE,"Mee eens",TRUE,TRUE,TRUE,TRUE,TRUE,FALSE
1782,20,"18 tot 25 jaar",FALSE,TRUE,"Mee eens",TRUE,"Mee eens",TRUE,TRUE,TRUE,TRUE,TRUE,TRUE
1783,28,"25 tot 35 jaar",TRUE,TRUE,"Helemaal mee eens",TRUE,"Helemaal mee eens",TRUE,TRUE,TRUE,TRUE,TRUE,FALSE
1784,25,"25 tot 35 jaar",TRUE,TRUE,"Mee eens",TRUE,"Mee eens",TRUE,TRUE,TRUE,TRUE,TRUE,TRUE
1785,55,"55 tot 65 jaar",TRUE,FALSE,"Helemaal mee eens",TRUE,"Mee eens",TRUE,TRUE,FALSE,TRUE,TRUE,FALSE
1786,82,"75 jaar of ouder",TRUE,TRUE,"Helemaal mee eens",TRUE,"Mee eens",TRUE,TRUE,FALSE,TRUE,TRUE,TRUE
1787,57,"55 tot 65 jaar",TRUE,TRUE,"Helemaal mee eens",TRUE,"Mee eens",TRUE,TRUE,TRUE,FALSE,TRUE,FALSE
1788,46,"45 tot 55 jaar",TRUE,TRUE,"Mee eens",TRUE,"Mee eens",TRUE,TRUE,TRUE,TRUE,TRUE,TRUE
1789,23,"18 tot 25 jaar",TRUE,TRUE,"Helemaal mee eens",TRUE,"Helemaal mee eens",TRUE,TRUE,TRUE,TRUE,TRUE,TRUE
1790,46,"45 tot 55 jaar",TRUE,TRUE,"Mee eens",TRUE,"Mee eens",TRUE,TRUE,TRUE,TRUE,TRUE,TRUE
1791,61,"55 tot 65 jaar",FALSE,TRUE,"Helemaal mee eens",TRUE,"Mee eens",TRUE,TRUE,TRUE,TRUE,TRUE,TRUE
1792,38,"35 tot 45 jaar",TRUE,TRUE,"Mee eens",TRUE,"Mee eens",TRUE,TRUE,TRUE,TRUE,TRUE,TRUE
1793,65,"65 tot 75 jaar",TRUE,TRUE,"Mee oneens",FALSE,"Mee oneens",FALSE,TRUE,TRUE,FALSE,FALSE,FALSE
1794,71,"65 tot 75 jaar",FALSE,FALSE,"Mee eens",TRUE,"Mee eens",TRUE,TRUE,TRUE,TRUE,TRUE,FALSE
1795,40,"35 tot 45 jaar",TRUE,TRUE,"Helemaal mee eens",TRUE,"Helemaal mee eens",TRUE,TRUE,FALSE,TRUE,TRUE,FALSE
1796,72,"65 tot 75 jaar",FALSE,TRUE,"Helemaal mee eens",TRUE,"Niet mee eens, niet mee oneens",FALSE,TRUE,TRUE,TRUE,TRUE,TRUE
1797,36,"35 tot 45 jaar",FALSE,TRUE,"Helemaal mee eens",TRUE,"Helemaal mee eens",TRUE,TRUE,TRUE,TRUE,TRUE,TRUE
1798,34,"25 tot 35 jaar",FALSE,TRUE,"Helemaal mee eens",TRUE,"Helemaal mee eens",TRUE,TRUE,TRUE,TRUE,TRUE,TRUE
1799,26,"25 tot 35 jaar",FALSE,TRUE,"Mee eens",TRUE,"Mee eens",TRUE,TRUE,FALSE,TRUE,TRUE,TRUE
1800,61,"55 tot 65 jaar",FALSE,TRUE,"Mee eens",TRUE,"Niet mee eens, niet mee oneens",FALSE,FALSE,TRUE,FALSE,FALSE,FALSE
1801,27,"25 tot 35 jaar",FALSE,TRUE,"Helemaal mee eens",TRUE,"Mee eens",TRUE,TRUE,TRUE,TRUE,TRUE,TRUE
1802,57,"55 tot 65 jaar",FALSE,TRUE,"Niet mee eens, niet mee oneens",FALSE,"Niet mee eens, niet mee oneens",FALSE,TRUE,FALSE,TRUE,FALSE,FALSE
1803,64,"55 tot 65 jaar",TRUE,TRUE,"Mee eens",TRUE,"Niet mee eens, niet mee oneens",FALSE,TRUE,TRUE,FALSE,FALSE,TRUE
1804,49,"45 tot 55 jaar",TRUE,FALSE,"Mee eens",TRUE,"Mee eens",TRUE,TRUE,TRUE,TRUE,TRUE,TRUE
1805,23,"18 tot 25 jaar",TRUE,TRUE,"Niet mee eens, niet mee oneens",FALSE,"Niet mee eens, niet mee oneens",FALSE,TRUE,TRUE,FALSE,FALSE,FALSE
1806,84,"75 jaar of ouder",TRUE,TRUE,"Mee eens",TRUE,"Mee eens",TRUE,TRUE,TRUE,TRUE,TRUE,FALSE
1807,74,"65 tot 75 jaar",TRUE,TRUE,"Helemaal mee eens",TRUE,"Helemaal mee eens",TRUE,TRUE,TRUE,TRUE,TRUE,TRUE
1808,25,"25 tot 35 jaar",FALSE,TRUE,"Helemaal mee eens",TRUE,"Helemaal mee eens",TRUE,TRUE,TRUE,TRUE,TRUE,TRUE
1809,32,"25 tot 35 jaar",FALSE,TRUE,"Mee eens",TRUE,"Niet mee eens, niet mee oneens",FALSE,FALSE,TRUE,FALSE,FALSE,FALSE
1810,27,"25 tot 35 jaar",FALSE,TRUE,"Mee eens",TRUE,"Niet mee eens, niet mee oneens",FALSE,TRUE,TRUE,TRUE,FALSE,TRUE
1811,39,"35 tot 45 jaar",FALSE,TRUE,"Helemaal mee eens",TRUE,"Helemaal mee eens",TRUE,TRUE,TRUE,TRUE,TRUE,TRUE
1812,32,"25 tot 35 jaar",FALSE,TRUE,"Mee eens",TRUE,"Mee eens",TRUE,TRUE,TRUE,TRUE,TRUE,TRUE
1813,66,"65 tot 75 jaar",FALSE,TRUE,"Niet mee eens, niet mee oneens",FALSE,"Mee oneens",FALSE,TRUE,TRUE,TRUE,FALSE,FALSE
1814,77,"75 jaar of ouder",TRUE,FALSE,"Niet mee eens, niet mee oneens",FALSE,"Mee oneens",FALSE,TRUE,TRUE,TRUE,FALSE,FALSE
1815,73,"65 tot 75 jaar",TRUE,TRUE,"Mee eens",TRUE,"Mee oneens",FALSE,TRUE,TRUE,FALSE,FALSE,TRUE
1816,65,"65 tot 75 jaar",TRUE,TRUE,"Helemaal mee eens",TRUE,"Mee eens",TRUE,TRUE,FALSE,TRUE,TRUE,TRUE
1817,24,"18 tot 25 jaar",TRUE,TRUE,"Helemaal mee eens",TRUE,"Mee eens",TRUE,TRUE,TRUE,FALSE,TRUE,TRUE
1818,30,"25 tot 35 jaar",TRUE,TRUE,"Mee eens",TRUE,"Mee eens",TRUE,TRUE,TRUE,FALSE,FALSE,TRUE
1819,47,"45 tot 55 jaar",TRUE,TRUE,"Mee eens",TRUE,"Mee eens",TRUE,TRUE,TRUE,FALSE,FALSE,TRUE
1820,18,"18 tot 25 jaar",FALSE,TRUE,"Mee eens",TRUE,"Niet mee eens, niet mee oneens",FALSE,TRUE,TRUE,TRUE,TRUE,TRUE
1821,37,"35 tot 45 jaar",FALSE,TRUE,"Mee eens",TRUE,"Mee oneens",FALSE,FALSE,FALSE,FALSE,FALSE,FALSE
1822,33,"25 tot 35 jaar",TRUE,TRUE,"Helemaal mee eens",TRUE,"Mee eens",TRUE,TRUE,TRUE,TRUE,TRUE,TRUE
1823,46,"45 tot 55 jaar",FALSE,TRUE,"Helemaal mee eens",TRUE,"Helemaal mee eens",TRUE,TRUE,TRUE,TRUE,TRUE,TRUE
1824,29,"25 tot 35 jaar",TRUE,TRUE,"Helemaal mee eens",TRUE,"Mee eens",TRUE,TRUE,TRUE,TRUE,TRUE,TRUE
1825,68,"65 tot 75 jaar",FALSE,TRUE,"Helemaal mee eens",TRUE,"Mee eens",TRUE,TRUE,FALSE,TRUE,TRUE,FALSE
1826,48,"45 tot 55 jaar",TRUE,TRUE,"Mee eens",TRUE,"Mee eens",TRUE,TRUE,TRUE,TRUE,TRUE,FALSE
1827,26,"25 tot 35 jaar",FALSE,TRUE,"Helemaal mee eens",TRUE,"Mee eens",TRUE,TRUE,FALSE,TRUE,TRUE,TRUE
1828,45,"45 tot 55 jaar",FALSE,TRUE,"Helemaal mee oneens",FALSE,"Helemaal mee oneens",FALSE,FALSE,FALSE,FALSE,FALSE,FALSE
1829,56,"55 tot 65 jaar",TRUE,TRUE,"Mee eens",TRUE,"Mee eens",TRUE,TRUE,TRUE,TRUE,FALSE,TRUE
1830,65,"65 tot 75 jaar",FALSE,TRUE,"Helemaal mee eens",TRUE,"Helemaal mee eens",TRUE,TRUE,TRUE,TRUE,TRUE,TRUE
1831,55,"55 tot 65 jaar",TRUE,TRUE,"Helemaal mee eens",TRUE,"Mee eens",TRUE,FALSE,TRUE,TRUE,TRUE,TRUE
1832,67,"65 tot 75 jaar",FALSE,TRUE,"Mee eens",TRUE,"Mee eens",TRUE,TRUE,TRUE,FALSE,TRUE,FALSE
1833,67,"65 tot 75 jaar",TRUE,TRUE,"Helemaal mee eens",TRUE,"Helemaal mee eens",TRUE,TRUE,TRUE,TRUE,TRUE,TRUE
1834,69,"65 tot 75 jaar",TRUE,TRUE,"Helemaal mee eens",TRUE,"Mee eens",TRUE,TRUE,TRUE,TRUE,TRUE,TRUE
1835,32,"25 tot 35 jaar",FALSE,TRUE,"Helemaal mee eens",TRUE,"Helemaal mee eens",TRUE,TRUE,TRUE,TRUE,TRUE,TRUE
1836,61,"55 tot 65 jaar",FALSE,TRUE,"Mee eens",TRUE,"Mee eens",TRUE,TRUE,TRUE,TRUE,TRUE,TRUE
1837,49,"45 tot 55 jaar",TRUE,TRUE,"Helemaal mee eens",TRUE,"Helemaal mee eens",TRUE,TRUE,TRUE,TRUE,TRUE,TRUE
1838,47,"45 tot 55 jaar",FALSE,TRUE,"Mee eens",TRUE,"Niet mee eens, niet mee oneens",FALSE,TRUE,TRUE,TRUE,TRUE,TRUE
1839,50,"45 tot 55 jaar",TRUE,TRUE,"Mee eens",TRUE,"Mee eens",TRUE,TRUE,TRUE,FALSE,FALSE,TRUE
1840,56,"55 tot 65 jaar",TRUE,TRUE,"Mee eens",TRUE,"Mee eens",TRUE,TRUE,TRUE,TRUE,TRUE,TRUE
1841,33,"25 tot 35 jaar",TRUE,TRUE,"Mee eens",TRUE,"Niet mee eens, niet mee oneens",FALSE,TRUE,FALSE,TRUE,FALSE,FALSE
1842,28,"25 tot 35 jaar",FALSE,TRUE,"Helemaal mee eens",TRUE,"Mee eens",TRUE,TRUE,TRUE,TRUE,TRUE,TRUE
1843,44,"35 tot 45 jaar",TRUE,TRUE,"Mee eens",TRUE,"Mee eens",TRUE,TRUE,TRUE,TRUE,TRUE,FALSE
1844,30,"25 tot 35 jaar",TRUE,TRUE,"Mee eens",TRUE,"Mee eens",TRUE,TRUE,TRUE,TRUE,TRUE,FALSE
1845,53,"45 tot 55 jaar",TRUE,FALSE,"Helemaal mee eens",TRUE,"Mee eens",TRUE,TRUE,TRUE,TRUE,TRUE,FALSE
1846,76,"75 jaar of ouder",FALSE,TRUE,"Mee eens",TRUE,"Niet mee eens, niet mee oneens",FALSE,FALSE,TRUE,TRUE,TRUE,FALSE
1847,52,"45 tot 55 jaar",FALSE,TRUE,"Helemaal mee eens",TRUE,"Helemaal mee eens",TRUE,TRUE,TRUE,TRUE,TRUE,TRUE
1848,39,"35 tot 45 jaar",FALSE,TRUE,"Mee eens",TRUE,"Mee eens",TRUE,TRUE,TRUE,TRUE,TRUE,TRUE
1849,20,"18 tot 25 jaar",FALSE,TRUE,"Mee eens",TRUE,"Mee oneens",FALSE,TRUE,TRUE,FALSE,FALSE,FALSE
1850,40,"35 tot 45 jaar",FALSE,TRUE,"Helemaal mee eens",TRUE,"Helemaal mee eens",TRUE,TRUE,TRUE,TRUE,TRUE,TRUE
1851,52,"45 tot 55 jaar",FALSE,TRUE,"Mee eens",TRUE,"Mee eens",TRUE,TRUE,TRUE,TRUE,TRUE,TRUE
1852,71,"65 tot 75 jaar",FALSE,TRUE,"Helemaal mee eens",TRUE,"Helemaal mee eens",TRUE,TRUE,TRUE,TRUE,TRUE,TRUE
1853,51,"45 tot 55 jaar",FALSE,TRUE,"Helemaal mee eens",TRUE,"Mee eens",TRUE,TRUE,TRUE,TRUE,TRUE,TRUE
1854,31,"25 tot 35 jaar",FALSE,TRUE,"Helemaal mee eens",TRUE,"Helemaal mee eens",TRUE,TRUE,TRUE,TRUE,TRUE,TRUE
1855,79,"75 jaar of ouder",TRUE,TRUE,"Mee eens",TRUE,"Mee eens",TRUE,TRUE,TRUE,TRUE,TRUE,TRUE
1856,63,"55 tot 65 jaar",FALSE,TRUE,"Helemaal mee eens",TRUE,"Helemaal mee eens",TRUE,TRUE,TRUE,TRUE,TRUE,TRUE
1857,18,"18 tot 25 jaar",FALSE,TRUE,"Mee eens",TRUE,"Mee eens",TRUE,TRUE,TRUE,TRUE,TRUE,TRUE
1858,77,"75 jaar of ouder",TRUE,TRUE,"Mee eens",TRUE,"Helemaal mee eens",TRUE,TRUE,TRUE,TRUE,TRUE,TRUE
1859,60,"55 tot 65 jaar",FALSE,TRUE,"Niet mee eens, niet mee oneens",FALSE,"Niet mee eens, niet mee oneens",FALSE,TRUE,FALSE,FALSE,FALSE,FALSE
1860,42,"35 tot 45 jaar",FALSE,TRUE,"Helemaal mee eens",TRUE,"Helemaal mee eens",TRUE,TRUE,TRUE,TRUE,TRUE,TRUE
1861,87,"75 jaar of ouder",FALSE,TRUE,"Niet mee eens, niet mee oneens",FALSE,"Mee oneens",FALSE,FALSE,FALSE,FALSE,FALSE,FALSE
1862,44,"35 tot 45 jaar",TRUE,TRUE,"Mee eens",TRUE,"Mee eens",TRUE,TRUE,TRUE,TRUE,TRUE,TRUE
1863,41,"35 tot 45 jaar",TRUE,TRUE,"Helemaal mee eens",TRUE,"Helemaal mee eens",TRUE,TRUE,TRUE,TRUE,TRUE,TRUE
1864,85,"75 jaar of ouder",TRUE,TRUE,"Helemaal mee eens",TRUE,"Helemaal mee eens",TRUE,TRUE,TRUE,TRUE,TRUE,TRUE
1865,44,"35 tot 45 jaar",FALSE,TRUE,"Helemaal mee eens",TRUE,"Niet mee eens, niet mee oneens",FALSE,TRUE,FALSE,TRUE,TRUE,TRUE
1866,76,"75 jaar of ouder",FALSE,TRUE,"Helemaal mee eens",TRUE,"Helemaal mee eens",TRUE,TRUE,TRUE,TRUE,TRUE,TRUE
1867,76,"75 jaar of ouder",FALSE,TRUE,"Helemaal mee eens",TRUE,"Mee eens",TRUE,TRUE,FALSE,TRUE,TRUE,TRUE
1868,24,"18 tot 25 jaar",TRUE,TRUE,"Mee eens",TRUE,"Mee eens",TRUE,TRUE,TRUE,TRUE,TRUE,TRUE
1869,21,"18 tot 25 jaar",FALSE,TRUE,"Mee eens",TRUE,"Niet mee eens, niet mee oneens",FALSE,TRUE,TRUE,TRUE,TRUE,FALSE
1870,70,"65 tot 75 jaar",FALSE,TRUE,"Mee eens",TRUE,"Helemaal mee eens",TRUE,TRUE,TRUE,TRUE,TRUE,TRUE
1871,85,"75 jaar of ouder",FALSE,TRUE,"Mee eens",TRUE,"Niet mee eens, niet mee oneens",FALSE,TRUE,FALSE,FALSE,TRUE,FALSE
1872,57,"55 tot 65 jaar",TRUE,TRUE,"Mee eens",TRUE,"Mee eens",TRUE,TRUE,TRUE,TRUE,TRUE,TRUE
1873,44,"35 tot 45 jaar",TRUE,TRUE,"Mee eens",TRUE,"Mee eens",TRUE,TRUE,TRUE,TRUE,TRUE,TRUE
1874,51,"45 tot 55 jaar",TRUE,TRUE,"Mee eens",TRUE,"Mee oneens",FALSE,FALSE,TRUE,FALSE,FALSE,FALSE
1875,49,"45 tot 55 jaar",FALSE,TRUE,"Mee eens",TRUE,"Mee eens",TRUE,TRUE,TRUE,TRUE,TRUE,TRUE
1876,47,"45 tot 55 jaar",TRUE,TRUE,"Mee eens",TRUE,"Mee eens",TRUE,FALSE,TRUE,TRUE,TRUE,TRUE
1877,32,"25 tot 35 jaar",TRUE,TRUE,"Mee eens",TRUE,"Niet mee eens, niet mee oneens",FALSE,TRUE,TRUE,FALSE,FALSE,TRUE
1878,61,"55 tot 65 jaar",TRUE,TRUE,"Helemaal mee eens",TRUE,"Helemaal mee eens",TRUE,TRUE,TRUE,TRUE,TRUE,TRUE
1879,32,"25 tot 35 jaar",FALSE,TRUE,"Helemaal mee eens",TRUE,"Helemaal mee eens",TRUE,TRUE,TRUE,TRUE,TRUE,TRUE
1880,20,"18 tot 25 jaar",FALSE,TRUE,"Mee eens",TRUE,"Helemaal mee eens",TRUE,TRUE,FALSE,FALSE,TRUE,FALSE
1881,89,"75 jaar of ouder",FALSE,TRUE,"Mee eens",TRUE,"Mee eens",TRUE,TRUE,TRUE,TRUE,TRUE,TRUE
1882,71,"65 tot 75 jaar",FALSE,TRUE,"Niet mee eens, niet mee oneens",FALSE,"Niet mee eens, niet mee oneens",FALSE,TRUE,TRUE,FALSE,TRUE,TRUE
1883,74,"65 tot 75 jaar",FALSE,TRUE,"Helemaal mee eens",TRUE,"Niet mee eens, niet mee oneens",FALSE,TRUE,TRUE,TRUE,TRUE,FALSE
1884,47,"45 tot 55 jaar",FALSE,TRUE,"Mee eens",TRUE,"Mee eens",TRUE,TRUE,TRUE,TRUE,FALSE,FALSE
1885,54,"45 tot 55 jaar",TRUE,TRUE,"Mee eens",TRUE,"Mee eens",TRUE,TRUE,FALSE,TRUE,FALSE,TRUE
1886,32,"25 tot 35 jaar",TRUE,TRUE,"Mee eens",TRUE,"Mee eens",TRUE,TRUE,TRUE,TRUE,TRUE,TRUE
1887,47,"45 tot 55 jaar",FALSE,TRUE,"Helemaal mee eens",TRUE,"Niet mee eens, niet mee oneens",FALSE,TRUE,TRUE,FALSE,TRUE,TRUE
1888,56,"55 tot 65 jaar",TRUE,TRUE,"Mee eens",TRUE,"Mee eens",TRUE,TRUE,TRUE,TRUE,FALSE,FALSE
1889,45,"45 tot 55 jaar",TRUE,FALSE,"Mee eens",TRUE,"Niet mee eens, niet mee oneens",FALSE,TRUE,TRUE,TRUE,TRUE,TRUE
1890,37,"35 tot 45 jaar",TRUE,TRUE,"Mee eens",TRUE,"Mee eens",TRUE,TRUE,TRUE,TRUE,FALSE,TRUE
1891,59,"55 tot 65 jaar",FALSE,TRUE,"Helemaal mee eens",TRUE,"Helemaal mee eens",TRUE,TRUE,TRUE,TRUE,TRUE,TRUE
1892,25,"25 tot 35 jaar",FALSE,TRUE,"Helemaal mee eens",TRUE,"Helemaal mee eens",TRUE,TRUE,TRUE,TRUE,TRUE,FALSE
1893,31,"25 tot 35 jaar",FALSE,TRUE,"Mee eens",TRUE,"Mee oneens",FALSE,TRUE,FALSE,TRUE,FALSE,FALSE
1894,28,"25 tot 35 jaar",TRUE,TRUE,"Helemaal mee eens",TRUE,"Mee eens",TRUE,TRUE,FALSE,TRUE,TRUE,TRUE
1895,26,"25 tot 35 jaar",TRUE,TRUE,"Helemaal mee eens",TRUE,"Mee eens",TRUE,TRUE,TRUE,TRUE,TRUE,TRUE
1896,35,"35 tot 45 jaar",TRUE,TRUE,"Mee eens",TRUE,"Mee eens",TRUE,TRUE,TRUE,FALSE,FALSE,TRUE
1897,64,"55 tot 65 jaar",TRUE,TRUE,"Mee eens",TRUE,"Mee eens",TRUE,TRUE,FALSE,TRUE,FALSE,TRUE
1898,41,"35 tot 45 jaar",TRUE,FALSE,"Mee eens",TRUE,"Mee eens",TRUE,TRUE,FALSE,TRUE,TRUE,FALSE
1899,37,"35 tot 45 jaar",TRUE,TRUE,"Mee eens",TRUE,"Mee eens",TRUE,TRUE,FALSE,TRUE,TRUE,FALSE
1900,47,"45 tot 55 jaar",FALSE,TRUE,"Mee eens",TRUE,"Mee eens",TRUE,TRUE,FALSE,TRUE,TRUE,TRUE
1901,60,"55 tot 65 jaar",FALSE,TRUE,"Helemaal mee eens",TRUE,"Helemaal mee eens",TRUE,TRUE,TRUE,TRUE,TRUE,TRUE
1902,25,"25 tot 35 jaar",TRUE,TRUE,"Helemaal mee eens",TRUE,"Mee eens",TRUE,TRUE,TRUE,TRUE,TRUE,TRUE
1903,76,"75 jaar of ouder",TRUE,TRUE,"Helemaal mee eens",TRUE,"Niet mee eens, niet mee oneens",FALSE,FALSE,TRUE,TRUE,FALSE,TRUE
1904,23,"18 tot 25 jaar",TRUE,FALSE,"Mee eens",TRUE,"Niet mee eens, niet mee oneens",FALSE,TRUE,TRUE,TRUE,FALSE,FALSE
1905,49,"45 tot 55 jaar",TRUE,TRUE,"Mee eens",TRUE,"Mee eens",TRUE,TRUE,FALSE,FALSE,TRUE,TRUE
1906,36,"35 tot 45 jaar",FALSE,TRUE,"Mee oneens",FALSE,"Mee oneens",FALSE,TRUE,FALSE,FALSE,FALSE,FALSE
1907,24,"18 tot 25 jaar",TRUE,FALSE,"Mee eens",TRUE,"Helemaal mee eens",TRUE,TRUE,TRUE,TRUE,TRUE,TRUE
1908,22,"18 tot 25 jaar",FALSE,TRUE,"Helemaal mee eens",TRUE,"Niet mee eens, niet mee oneens",FALSE,TRUE,TRUE,TRUE,FALSE,TRUE
1909,43,"35 tot 45 jaar",FALSE,TRUE,"Niet mee eens, niet mee oneens",FALSE,"Mee oneens",FALSE,FALSE,TRUE,TRUE,FALSE,FALSE
1910,65,"65 tot 75 jaar",FALSE,TRUE,"Niet mee eens, niet mee oneens",FALSE,"Mee eens",TRUE,TRUE,FALSE,TRUE,TRUE,TRUE
1911,29,"25 tot 35 jaar",FALSE,TRUE,"Helemaal mee eens",TRUE,"Niet mee eens, niet mee oneens",FALSE,FALSE,TRUE,TRUE,TRUE,TRUE
1912,80,"75 jaar of ouder",TRUE,TRUE,"Mee eens",TRUE,"Mee oneens",FALSE,TRUE,FALSE,FALSE,FALSE,FALSE
1913,41,"35 tot 45 jaar",FALSE,TRUE,"Mee eens",TRUE,"Niet mee eens, niet mee oneens",FALSE,TRUE,FALSE,FALSE,TRUE,TRUE
1914,23,"18 tot 25 jaar",TRUE,TRUE,"Helemaal mee eens",TRUE,"Mee eens",TRUE,TRUE,FALSE,TRUE,TRUE,TRUE
1915,75,"75 jaar of ouder",FALSE,FALSE,"Niet mee eens, niet mee oneens",FALSE,"Niet mee eens, niet mee oneens",FALSE,TRUE,TRUE,TRUE,FALSE,FALSE
1916,50,"45 tot 55 jaar",TRUE,TRUE,"Mee eens",TRUE,"Mee oneens",FALSE,FALSE,TRUE,TRUE,TRUE,FALSE
1917,37,"35 tot 45 jaar",FALSE,TRUE,"Mee eens",TRUE,"Niet mee eens, niet mee oneens",FALSE,TRUE,TRUE,TRUE,TRUE,TRUE
1918,21,"18 tot 25 jaar",TRUE,TRUE,"Mee eens",TRUE,"Mee eens",TRUE,TRUE,TRUE,TRUE,TRUE,TRUE
1919,50,"45 tot 55 jaar",TRUE,TRUE,"Mee eens",TRUE,"Mee eens",TRUE,TRUE,TRUE,TRUE,TRUE,TRUE
1920,32,"25 tot 35 jaar",TRUE,TRUE,"Mee eens",TRUE,"Mee eens",TRUE,TRUE,TRUE,TRUE,TRUE,FALSE
1921,58,"55 tot 65 jaar",TRUE,TRUE,"Helemaal mee eens",TRUE,"Mee eens",TRUE,TRUE,FALSE,TRUE,TRUE,TRUE
1922,28,"25 tot 35 jaar",FALSE,TRUE,"Mee eens",TRUE,"Helemaal mee eens",TRUE,TRUE,TRUE,TRUE,TRUE,TRUE
1923,77,"75 jaar of ouder",TRUE,TRUE,"Niet mee eens, niet mee oneens",FALSE,"Niet mee eens, niet mee oneens",FALSE,TRUE,FALSE,TRUE,FALSE,FALSE
1924,88,"75 jaar of ouder",FALSE,TRUE,"Mee eens",TRUE,"Niet mee eens, niet mee oneens",FALSE,TRUE,FALSE,FALSE,TRUE,TRUE
1925,60,"55 tot 65 jaar",TRUE,TRUE,"Mee eens",TRUE,"Mee eens",TRUE,TRUE,TRUE,TRUE,TRUE,FALSE
1926,20,"18 tot 25 jaar",TRUE,TRUE,"Helemaal mee eens",TRUE,"Mee eens",TRUE,TRUE,TRUE,TRUE,TRUE,TRUE
1927,38,"35 tot 45 jaar",TRUE,TRUE,"Helemaal mee eens",TRUE,"Helemaal mee eens",TRUE,TRUE,FALSE,TRUE,TRUE,TRUE
1928,23,"18 tot 25 jaar",FALSE,TRUE,"Mee eens",TRUE,"Niet mee eens, niet mee oneens",FALSE,TRUE,FALSE,TRUE,TRUE,FALSE
1929,44,"35 tot 45 jaar",FALSE,TRUE,"Helemaal mee eens",TRUE,"Mee eens",TRUE,TRUE,TRUE,TRUE,TRUE,TRUE
1930,80,"75 jaar of ouder",TRUE,TRUE,"Mee eens",TRUE,"Mee oneens",FALSE,FALSE,FALSE,FALSE,FALSE,FALSE
1931,48,"45 tot 55 jaar",FALSE,TRUE,"Helemaal mee eens",TRUE,"Mee eens",TRUE,TRUE,TRUE,TRUE,TRUE,TRUE
1932,65,"65 tot 75 jaar",TRUE,TRUE,"Mee eens",TRUE,"Mee eens",TRUE,TRUE,TRUE,FALSE,FALSE,FALSE
1933,55,"55 tot 65 jaar",FALSE,TRUE,"Helemaal mee eens",TRUE,"Mee eens",TRUE,TRUE,TRUE,FALSE,TRUE,TRUE
1934,53,"45 tot 55 jaar",TRUE,TRUE,"Mee eens",TRUE,"Mee eens",TRUE,TRUE,TRUE,FALSE,TRUE,TRUE
1935,56,"55 tot 65 jaar",FALSE,TRUE,"Helemaal mee eens",TRUE,"Mee eens",TRUE,TRUE,TRUE,TRUE,TRUE,TRUE
1936,27,"25 tot 35 jaar",FALSE,TRUE,"Helemaal mee eens",TRUE,"Mee oneens",FALSE,TRUE,TRUE,FALSE,TRUE,FALSE
1937,71,"65 tot 75 jaar",FALSE,TRUE,"Mee eens",TRUE,"Mee eens",TRUE,TRUE,TRUE,TRUE,TRUE,TRUE
1938,54,"45 tot 55 jaar",FALSE,FALSE,"Mee oneens",FALSE,"Niet mee eens, niet mee oneens",FALSE,TRUE,TRUE,FALSE,FALSE,TRUE
1939,54,"45 tot 55 jaar",TRUE,TRUE,"Helemaal mee eens",TRUE,"Helemaal mee eens",TRUE,TRUE,TRUE,TRUE,TRUE,TRUE
1940,50,"45 tot 55 jaar",FALSE,TRUE,"Helemaal mee eens",TRUE,"Mee eens",TRUE,TRUE,TRUE,TRUE,TRUE,FALSE
1941,90,"75 jaar of ouder",FALSE,TRUE,"Niet mee eens, niet mee oneens",FALSE,"Mee eens",TRUE,FALSE,FALSE,TRUE,TRUE,TRUE
1942,73,"65 tot 75 jaar",FALSE,TRUE,"Mee eens",TRUE,"Mee eens",TRUE,TRUE,TRUE,FALSE,FALSE,FALSE
1943,64,"55 tot 65 jaar",TRUE,TRUE,"Helemaal mee eens",TRUE,"Mee eens",TRUE,TRUE,FALSE,TRUE,TRUE,TRUE
1944,53,"45 tot 55 jaar",FALSE,TRUE,"Helemaal mee eens",TRUE,"Mee eens",TRUE,TRUE,FALSE,TRUE,TRUE,TRUE
1945,82,"75 jaar of ouder",TRUE,TRUE,"Helemaal mee eens",TRUE,"Mee eens",TRUE,TRUE,TRUE,FALSE,TRUE,FALSE
1946,23,"18 tot 25 jaar",FALSE,TRUE,"Mee eens",TRUE,"Niet mee eens, niet mee oneens",FALSE,TRUE,TRUE,FALSE,FALSE,TRUE
1947,23,"18 tot 25 jaar",FALSE,TRUE,"Niet mee eens, niet mee oneens",FALSE,"Mee oneens",FALSE,TRUE,TRUE,FALSE,FALSE,FALSE
1948,50,"45 tot 55 jaar",FALSE,TRUE,"Helemaal mee eens",TRUE,"Mee eens",TRUE,TRUE,TRUE,TRUE,TRUE,TRUE
1949,68,"65 tot 75 jaar",TRUE,TRUE,"Helemaal mee eens",TRUE,"Mee eens",TRUE,TRUE,TRUE,TRUE,TRUE,TRUE
1950,43,"35 tot 45 jaar",FALSE,TRUE,"Helemaal mee eens",TRUE,"Helemaal mee eens",TRUE,TRUE,TRUE,TRUE,TRUE,TRUE
1951,50,"45 tot 55 jaar",TRUE,TRUE,"Helemaal mee eens",TRUE,"Helemaal mee eens",TRUE,TRUE,TRUE,TRUE,TRUE,TRUE
1952,38,"35 tot 45 jaar",FALSE,TRUE,"Niet mee eens, niet mee oneens",FALSE,"Mee eens",TRUE,TRUE,FALSE,TRUE,TRUE,TRUE
1953,85,"75 jaar of ouder",FALSE,TRUE,"Helemaal mee eens",TRUE,"Helemaal mee eens",TRUE,TRUE,TRUE,TRUE,TRUE,TRUE
1954,52,"45 tot 55 jaar",FALSE,TRUE,"Mee eens",TRUE,"Helemaal mee eens",TRUE,TRUE,TRUE,TRUE,TRUE,TRUE
1955,45,"45 tot 55 jaar",TRUE,TRUE,"Mee eens",TRUE,"Mee oneens",FALSE,TRUE,TRUE,FALSE,FALSE,FALSE
1956,70,"65 tot 75 jaar",TRUE,TRUE,"Mee eens",TRUE,"Mee eens",TRUE,FALSE,TRUE,TRUE,FALSE,FALSE
1957,31,"25 tot 35 jaar",TRUE,FALSE,"Mee eens",TRUE,"Niet mee eens, niet mee oneens",FALSE,TRUE,TRUE,TRUE,TRUE,FALSE
1958,29,"25 tot 35 jaar",FALSE,TRUE,"Niet mee eens, niet mee oneens",FALSE,"Mee oneens",FALSE,TRUE,TRUE,FALSE,FALSE,FALSE
1959,79,"75 jaar of ouder",FALSE,TRUE,"Helemaal mee eens",TRUE,"Niet mee eens, niet mee oneens",FALSE,TRUE,TRUE,TRUE,TRUE,TRUE
1960,58,"55 tot 65 jaar",TRUE,TRUE,"Helemaal mee eens",TRUE,"Mee eens",TRUE,TRUE,TRUE,TRUE,TRUE,TRUE
1961,61,"55 tot 65 jaar",TRUE,TRUE,"Helemaal mee eens",TRUE,"Mee eens",TRUE,TRUE,TRUE,FALSE,TRUE,TRUE
1962,49,"45 tot 55 jaar",TRUE,TRUE,"Mee eens",TRUE,"Mee eens",TRUE,TRUE,TRUE,TRUE,TRUE,FALSE
1963,35,"35 tot 45 jaar",FALSE,TRUE,"Mee eens",TRUE,"Niet mee eens, niet mee oneens",FALSE,TRUE,TRUE,FALSE,FALSE,TRUE
1964,66,"65 tot 75 jaar",FALSE,TRUE,"Mee eens",TRUE,"Niet mee eens, niet mee oneens",FALSE,FALSE,FALSE,TRUE,FALSE,TRUE
1965,29,"25 tot 35 jaar",FALSE,TRUE,"Niet mee eens, niet mee oneens",FALSE,"Niet mee eens, niet mee oneens",FALSE,TRUE,TRUE,TRUE,TRUE,TRUE
1966,55,"55 tot 65 jaar",FALSE,TRUE,"Mee eens",TRUE,"Mee eens",TRUE,TRUE,TRUE,TRUE,TRUE,FALSE
1967,79,"75 jaar of ouder",FALSE,TRUE,"Helemaal mee eens",TRUE,"Helemaal mee eens",TRUE,TRUE,TRUE,TRUE,TRUE,TRUE
1968,30,"25 tot 35 jaar",FALSE,TRUE,"Helemaal mee eens",TRUE,"Mee eens",TRUE,FALSE,TRUE,TRUE,TRUE,TRUE
1969,57,"55 tot 65 jaar",TRUE,TRUE,"Mee eens",TRUE,"Helemaal mee oneens",FALSE,FALSE,TRUE,FALSE,FALSE,FALSE
1970,19,"18 tot 25 jaar",TRUE,TRUE,"Helemaal mee eens",TRUE,"Mee eens",TRUE,TRUE,TRUE,TRUE,TRUE,TRUE
1971,49,"45 tot 55 jaar",FALSE,TRUE,"Niet mee eens, niet mee oneens",FALSE,"Mee eens",TRUE,TRUE,TRUE,TRUE,FALSE,FALSE
1972,49,"45 tot 55 jaar",TRUE,TRUE,"Helemaal mee eens",TRUE,"Helemaal mee eens",TRUE,TRUE,TRUE,TRUE,TRUE,TRUE
1973,43,"35 tot 45 jaar",TRUE,TRUE,"Mee eens",TRUE,"Niet mee eens, niet mee oneens",FALSE,TRUE,TRUE,TRUE,TRUE,TRUE
1974,79,"75 jaar of ouder",FALSE,TRUE,"Helemaal mee eens",TRUE,"Mee eens",TRUE,TRUE,TRUE,TRUE,TRUE,TRUE
1975,46,"45 tot 55 jaar",TRUE,TRUE,"Mee eens",TRUE,"Mee eens",TRUE,TRUE,FALSE,FALSE,TRUE,FALSE
1976,65,"65 tot 75 jaar",TRUE,TRUE,"Helemaal mee eens",TRUE,"Mee eens",TRUE,TRUE,TRUE,TRUE,TRUE,TRUE
1977,51,"45 tot 55 jaar",FALSE,TRUE,"Helemaal mee eens",TRUE,"Helemaal mee eens",TRUE,TRUE,TRUE,TRUE,TRUE,TRUE
1978,73,"65 tot 75 jaar",TRUE,TRUE,"Helemaal mee eens",TRUE,"Mee eens",TRUE,TRUE,TRUE,TRUE,TRUE,TRUE
1979,86,"75 jaar of ouder",FALSE,TRUE,"Helemaal mee eens",TRUE,"Niet mee eens, niet mee oneens",FALSE,TRUE,TRUE,TRUE,TRUE,TRUE
1980,80,"75 jaar of ouder",TRUE,TRUE,"Helemaal mee eens",TRUE,"Helemaal mee eens",TRUE,TRUE,TRUE,TRUE,TRUE,TRUE
1981,62,"55 tot 65 jaar",FALSE,TRUE,"Mee eens",TRUE,"Mee eens",TRUE,TRUE,TRUE,TRUE,TRUE,TRUE
1982,36,"35 tot 45 jaar",FALSE,TRUE,"Niet mee eens, niet mee oneens",FALSE,"Mee oneens",FALSE,TRUE,FALSE,FALSE,TRUE,FALSE
1983,57,"55 tot 65 jaar",FALSE,TRUE,"Niet mee eens, niet mee oneens",FALSE,"Niet mee eens, niet mee oneens",FALSE,TRUE,FALSE,FALSE,FALSE,FALSE
1984,28,"25 tot 35 jaar",TRUE,TRUE,"Mee eens",TRUE,"Mee oneens",FALSE,TRUE,TRUE,FALSE,FALSE,FALSE
1985,58,"55 tot 65 jaar",TRUE,TRUE,"Helemaal mee eens",TRUE,"Helemaal mee eens",TRUE,TRUE,FALSE,TRUE,TRUE,TRUE
1986,64,"55 tot 65 jaar",TRUE,TRUE,"Mee eens",TRUE,"Helemaal mee eens",TRUE,TRUE,TRUE,TRUE,TRUE,TRUE
1987,49,"45 tot 55 jaar",FALSE,TRUE,"Mee eens",TRUE,"Niet mee eens, niet mee oneens",FALSE,TRUE,FALSE,TRUE,FALSE,TRUE
1988,33,"25 tot 35 jaar",TRUE,TRUE,"Mee eens",TRUE,"Mee eens",TRUE,TRUE,FALSE,TRUE,TRUE,TRUE
1989,47,"45 tot 55 jaar",TRUE,TRUE,"Mee eens",TRUE,"Mee eens",TRUE,TRUE,FALSE,FALSE,FALSE,FALSE
1990,22,"18 tot 25 jaar",FALSE,TRUE,"Helemaal mee eens",TRUE,"Niet mee eens, niet mee oneens",FALSE,TRUE,TRUE,FALSE,FALSE,FALSE
1991,19,"18 tot 25 jaar",FALSE,FALSE,"Helemaal mee eens",TRUE,"Helemaal mee eens",TRUE,TRUE,TRUE,TRUE,TRUE,TRUE
1992,28,"25 tot 35 jaar",FALSE,TRUE,"Helemaal mee eens",TRUE,"Mee eens",TRUE,TRUE,TRUE,TRUE,TRUE,TRUE
1993,65,"65 tot 75 jaar",TRUE,TRUE,"Helemaal mee eens",TRUE,"Mee eens",TRUE,TRUE,TRUE,TRUE,TRUE,TRUE
1994,48,"45 tot 55 jaar",FALSE,FALSE,"Niet mee eens, niet mee oneens",FALSE,"Niet mee eens, niet mee oneens",FALSE,FALSE,TRUE,TRUE,TRUE,FALSE
1995,31,"25 tot 35 jaar",FALSE,TRUE,"Mee eens",TRUE,"Mee eens",TRUE,TRUE,TRUE,FALSE,TRUE,FALSE
1996,38,"35 tot 45 jaar",TRUE,TRUE,"Helemaal mee eens",TRUE,"Mee eens",TRUE,TRUE,TRUE,TRUE,TRUE,TRUE
1997,45,"45 tot 55 jaar",TRUE,TRUE,"Helemaal mee eens",TRUE,"Helemaal mee eens",TRUE,TRUE,TRUE,TRUE,TRUE,TRUE
1998,69,"65 tot 75 jaar",TRUE,TRUE,"Helemaal mee eens",TRUE,"Mee eens",TRUE,TRUE,TRUE,FALSE,TRUE,TRUE
1999,55,"55 tot 65 jaar",TRUE,TRUE,"Mee eens",TRUE,"Mee eens",TRUE,FALSE,TRUE,FALSE,FALSE,FALSE
2000,65,"65 tot 75 jaar",FALSE,TRUE,"Mee eens",TRUE,"Niet mee eens, niet mee oneens",FALSE,FALSE,FALSE,FALSE,FALSE,FALSE
2001,67,"65 tot 75 jaar",TRUE,TRUE,"Helemaal mee eens",TRUE,"Mee eens",TRUE,TRUE,TRUE,TRUE,TRUE,TRUE
2002,71,"65 tot 75 jaar",FALSE,TRUE,"Mee eens",TRUE,"Niet mee eens, niet mee oneens",FALSE,TRUE,FALSE,TRUE,TRUE,FALSE
2003,79,"75 jaar of ouder",TRUE,TRUE,"Mee eens",TRUE,"Mee eens",TRUE,TRUE,TRUE,TRUE,TRUE,TRUE
2004,21,"18 tot 25 jaar",FALSE,TRUE,"Mee eens",TRUE,"Mee eens",TRUE,TRUE,TRUE,TRUE,TRUE,TRUE
2005,22,"18 tot 25 jaar",FALSE,TRUE,"Mee eens",TRUE,"Mee eens",TRUE,TRUE,TRUE,TRUE,FALSE,TRUE
2006,45,"45 tot 55 jaar",TRUE,TRUE,"Helemaal mee eens",TRUE,"Mee eens",TRUE,TRUE,FALSE,TRUE,TRUE,FALSE
2007,57,"55 tot 65 jaar",TRUE,TRUE,"Helemaal mee eens",TRUE,"Mee eens",TRUE,TRUE,TRUE,TRUE,TRUE,TRUE
2008,73,"65 tot 75 jaar",TRUE,TRUE,"Mee eens",TRUE,"Mee oneens",FALSE,FALSE,TRUE,FALSE,FALSE,TRUE
2009,61,"55 tot 65 jaar",TRUE,TRUE,"Helemaal mee eens",TRUE,"Helemaal mee eens",TRUE,TRUE,TRUE,TRUE,TRUE,TRUE
2010,62,"55 tot 65 jaar",TRUE,TRUE,"Helemaal mee eens",TRUE,"Mee eens",TRUE,TRUE,TRUE,TRUE,TRUE,TRUE
2011,42,"35 tot 45 jaar",FALSE,TRUE,"Mee eens",TRUE,"Niet mee eens, niet mee oneens",FALSE,FALSE,FALSE,TRUE,TRUE,FALSE
2012,47,"45 tot 55 jaar",TRUE,TRUE,"Helemaal mee eens",TRUE,"Helemaal mee eens",TRUE,TRUE,TRUE,TRUE,TRUE,TRUE
2013,62,"55 tot 65 jaar",TRUE,TRUE,"Mee eens",TRUE,"Mee eens",TRUE,TRUE,FALSE,FALSE,TRUE,TRUE
2014,36,"35 tot 45 jaar",FALSE,FALSE,"Mee oneens",FALSE,"Helemaal mee oneens",FALSE,FALSE,TRUE,FALSE,FALSE,FALSE
2015,73,"65 tot 75 jaar",TRUE,TRUE,"Mee eens",TRUE,"Mee eens",TRUE,TRUE,TRUE,TRUE,TRUE,FALSE
2016,64,"55 tot 65 jaar",TRUE,TRUE,"Mee eens",TRUE,"Mee eens",TRUE,TRUE,TRUE,TRUE,TRUE,FALSE
2017,20,"18 tot 25 jaar",TRUE,TRUE,"Mee eens",TRUE,"Mee eens",TRUE,TRUE,FALSE,TRUE,TRUE,TRUE
2018,38,"35 tot 45 jaar",FALSE,TRUE,"Helemaal mee eens",TRUE,"Mee eens",TRUE,TRUE,TRUE,TRUE,TRUE,TRUE
2019,21,"18 tot 25 jaar",FALSE,TRUE,"Helemaal mee eens",TRUE,"Helemaal mee eens",TRUE,TRUE,TRUE,TRUE,TRUE,TRUE
2020,27,"25 tot 35 jaar",TRUE,TRUE,"Mee oneens",FALSE,"Niet mee eens, niet mee oneens",FALSE,TRUE,TRUE,FALSE,FALSE,TRUE
2021,35,"35 tot 45 jaar",FALSE,TRUE,"Mee eens",TRUE,"Helemaal mee oneens",FALSE,TRUE,FALSE,FALSE,FALSE,FALSE
2022,61,"55 tot 65 jaar",FALSE,TRUE,"Mee eens",TRUE,"Niet mee eens, niet mee oneens",FALSE,TRUE,TRUE,TRUE,TRUE,TRUE
2023,53,"45 tot 55 jaar",TRUE,TRUE,"Mee eens",TRUE,"Mee eens",TRUE,TRUE,FALSE,TRUE,FALSE,TRUE
2024,59,"55 tot 65 jaar",TRUE,TRUE,"Mee eens",TRUE,"Niet mee eens, niet mee oneens",FALSE,TRUE,TRUE,TRUE,TRUE,TRUE
2025,19,"18 tot 25 jaar",FALSE,TRUE,"Mee eens",TRUE,"Niet mee eens, niet mee oneens",FALSE,FALSE,FALSE,TRUE,FALSE,TRUE
2026,55,"55 tot 65 jaar",TRUE,TRUE,"Helemaal mee eens",TRUE,"Mee eens",TRUE,TRUE,TRUE,TRUE,TRUE,TRUE
2027,72,"65 tot 75 jaar",TRUE,TRUE,"Helemaal mee eens",TRUE,"Mee eens",TRUE,TRUE,TRUE,TRUE,TRUE,TRUE
2028,46,"45 tot 55 jaar",FALSE,TRUE,"Mee eens",TRUE,"Niet mee eens, niet mee oneens",FALSE,TRUE,TRUE,FALSE,TRUE,FALSE
2029,40,"35 tot 45 jaar",FALSE,TRUE,"Helemaal mee eens",TRUE,"Helemaal mee eens",TRUE,TRUE,TRUE,TRUE,TRUE,TRUE
2030,36,"35 tot 45 jaar",FALSE,TRUE,"Helemaal mee oneens",FALSE,"Mee oneens",FALSE,TRUE,FALSE,FALSE,FALSE,FALSE
2031,77,"75 jaar of ouder",TRUE,TRUE,"Helemaal mee eens",TRUE,"Helemaal mee eens",TRUE,TRUE,TRUE,TRUE,TRUE,TRUE
2032,31,"25 tot 35 jaar",FALSE,TRUE,"Mee eens",TRUE,"Niet mee eens, niet mee oneens",FALSE,TRUE,TRUE,TRUE,TRUE,FALSE
2033,65,"65 tot 75 jaar",FALSE,TRUE,"Mee eens",TRUE,"Niet mee eens, niet mee oneens",FALSE,TRUE,TRUE,TRUE,TRUE,TRUE
2034,60,"55 tot 65 jaar",FALSE,FALSE,"Niet mee eens, niet mee oneens",FALSE,"Niet mee eens, niet mee oneens",FALSE,TRUE,TRUE,TRUE,TRUE,FALSE
2035,42,"35 tot 45 jaar",TRUE,FALSE,"Helemaal mee eens",TRUE,"Helemaal mee eens",TRUE,TRUE,TRUE,TRUE,TRUE,TRUE
2036,67,"65 tot 75 jaar",TRUE,TRUE,"Helemaal mee eens",TRUE,"Helemaal mee eens",TRUE,TRUE,TRUE,TRUE,TRUE,TRUE
2037,61,"55 tot 65 jaar",FALSE,FALSE,"Helemaal mee eens",TRUE,"Helemaal mee eens",TRUE,TRUE,TRUE,TRUE,TRUE,FALSE
2038,42,"35 tot 45 jaar",TRUE,TRUE,"Mee eens",TRUE,"Mee eens",TRUE,TRUE,FALSE,TRUE,TRUE,TRUE
2039,38,"35 tot 45 jaar",TRUE,TRUE,"Helemaal mee eens",TRUE,"Mee eens",TRUE,TRUE,TRUE,TRUE,TRUE,TRUE
2040,42,"35 tot 45 jaar",FALSE,TRUE,"Mee eens",TRUE,"Mee eens",TRUE,TRUE,FALSE,TRUE,TRUE,FALSE
2041,64,"55 tot 65 jaar",TRUE,TRUE,"Mee eens",TRUE,"Mee eens",TRUE,TRUE,TRUE,TRUE,TRUE,TRUE
2042,72,"65 tot 75 jaar",FALSE,TRUE,"Helemaal mee eens",TRUE,"Helemaal mee eens",TRUE,TRUE,TRUE,TRUE,TRUE,TRUE
2043,28,"25 tot 35 jaar",TRUE,TRUE,"Mee eens",TRUE,"Mee eens",TRUE,TRUE,TRUE,FALSE,FALSE,FALSE
2044,45,"45 tot 55 jaar",FALSE,TRUE,"Mee eens",TRUE,"Mee eens",TRUE,TRUE,TRUE,TRUE,TRUE,TRUE
2045,55,"55 tot 65 jaar",FALSE,TRUE,"Mee eens",TRUE,"Niet mee eens, niet mee oneens",FALSE,TRUE,FALSE,FALSE,FALSE,FALSE
2046,79,"75 jaar of ouder",TRUE,TRUE,"Mee eens",TRUE,"Mee eens",TRUE,TRUE,TRUE,TRUE,TRUE,TRUE
2047,22,"18 tot 25 jaar",FALSE,TRUE,"Helemaal mee eens",TRUE,"Helemaal mee eens",TRUE,TRUE,TRUE,TRUE,TRUE,TRUE
2048,85,"75 jaar of ouder",TRUE,TRUE,"Helemaal mee eens",TRUE,"Helemaal mee eens",TRUE,TRUE,FALSE,TRUE,TRUE,TRUE
2049,54,"45 tot 55 jaar",TRUE,TRUE,"Mee eens",TRUE,"Mee eens",TRUE,TRUE,TRUE,TRUE,TRUE,FALSE
2050,31,"25 tot 35 jaar",FALSE,TRUE,"Mee eens",TRUE,"Niet mee eens, niet mee oneens",FALSE,TRUE,TRUE,TRUE,TRUE,FALSE
2051,69,"65 tot 75 jaar",TRUE,TRUE,"Helemaal mee eens",TRUE,"Helemaal mee eens",TRUE,TRUE,TRUE,TRUE,TRUE,TRUE
2052,36,"35 tot 45 jaar",FALSE,TRUE,"Mee eens",TRUE,"Mee eens",TRUE,TRUE,TRUE,TRUE,TRUE,TRUE
2053,32,"25 tot 35 jaar",FALSE,TRUE,"Mee eens",TRUE,"Mee eens",TRUE,TRUE,TRUE,TRUE,TRUE,TRUE
2054,56,"55 tot 65 jaar",FALSE,TRUE,"Helemaal mee eens",TRUE,"Helemaal mee eens",TRUE,TRUE,TRUE,TRUE,TRUE,TRUE
2055,43,"35 tot 45 jaar",FALSE,TRUE,"Helemaal mee eens",TRUE,"Helemaal mee eens",TRUE,TRUE,TRUE,TRUE,TRUE,TRUE
2056,61,"55 tot 65 jaar",TRUE,TRUE,"Mee eens",TRUE,"Mee eens",TRUE,TRUE,TRUE,FALSE,TRUE,TRUE
2057,47,"45 tot 55 jaar",TRUE,TRUE,"Helemaal mee eens",TRUE,"Mee eens",TRUE,FALSE,TRUE,TRUE,TRUE,FALSE
2058,84,"75 jaar of ouder",FALSE,TRUE,"Mee eens",TRUE,"Mee eens",TRUE,TRUE,TRUE,TRUE,TRUE,FALSE
2059,39,"35 tot 45 jaar",FALSE,TRUE,"Niet mee eens, niet mee oneens",FALSE,"Niet mee eens, niet mee oneens",FALSE,FALSE,TRUE,TRUE,FALSE,FALSE
2060,62,"55 tot 65 jaar",FALSE,TRUE,"Mee eens",TRUE,"Niet mee eens, niet mee oneens",FALSE,TRUE,TRUE,TRUE,TRUE,TRUE
2061,68,"65 tot 75 jaar",FALSE,FALSE,"Helemaal mee eens",TRUE,"Niet mee eens, niet mee oneens",FALSE,FALSE,TRUE,FALSE,FALSE,TRUE
2062,67,"65 tot 75 jaar",TRUE,TRUE,"Mee eens",TRUE,"Mee eens",TRUE,FALSE,TRUE,TRUE,TRUE,TRUE
2063,55,"55 tot 65 jaar",TRUE,TRUE,"Helemaal mee eens",TRUE,"Mee eens",TRUE,TRUE,TRUE,TRUE,TRUE,TRUE
2064,47,"45 tot 55 jaar",FALSE,TRUE,"Helemaal mee eens",TRUE,"Niet mee eens, niet mee oneens",FALSE,TRUE,TRUE,TRUE,TRUE,TRUE
2065,75,"75 jaar of ouder",FALSE,TRUE,"Mee eens",TRUE,"Niet mee eens, niet mee oneens",FALSE,TRUE,FALSE,TRUE,TRUE,FALSE
2066,43,"35 tot 45 jaar",FALSE,TRUE,"Helemaal mee eens",TRUE,"Mee eens",TRUE,TRUE,TRUE,TRUE,TRUE,TRUE
2067,46,"45 tot 55 jaar",TRUE,FALSE,"Niet mee eens, niet mee oneens",FALSE,"Mee eens",TRUE,TRUE,TRUE,TRUE,TRUE,TRUE
2068,24,"18 tot 25 jaar",TRUE,TRUE,"Mee eens",TRUE,"Niet mee eens, niet mee oneens",FALSE,TRUE,TRUE,TRUE,FALSE,FALSE
2069,25,"25 tot 35 jaar",TRUE,TRUE,"Mee eens",TRUE,"Niet mee eens, niet mee oneens",FALSE,FALSE,TRUE,TRUE,TRUE,FALSE
2070,26,"25 tot 35 jaar",FALSE,TRUE,"Helemaal mee eens",TRUE,"Helemaal mee eens",TRUE,TRUE,TRUE,TRUE,TRUE,TRUE
2071,36,"35 tot 45 jaar",TRUE,TRUE,"Helemaal mee eens",TRUE,"Mee eens",TRUE,TRUE,TRUE,TRUE,TRUE,TRUE
2072,89,"75 jaar of ouder",FALSE,TRUE,"Mee eens",TRUE,"Mee eens",TRUE,TRUE,TRUE,TRUE,TRUE,TRUE
2073,18,"18 tot 25 jaar",FALSE,TRUE,"Helemaal mee eens",TRUE,"Mee eens",TRUE,TRUE,TRUE,TRUE,TRUE,TRUE
2074,24,"18 tot 25 jaar",FALSE,TRUE,"Helemaal mee eens",TRUE,"Helemaal mee eens",TRUE,TRUE,TRUE,TRUE,TRUE,TRUE
2075,54,"45 tot 55 jaar",FALSE,TRUE,"Helemaal mee eens",TRUE,"Mee eens",TRUE,TRUE,TRUE,TRUE,TRUE,TRUE
2076,64,"55 tot 65 jaar",TRUE,TRUE,"Helemaal mee eens",TRUE,"Mee eens",TRUE,TRUE,TRUE,TRUE,TRUE,TRUE
2077,65,"65 tot 75 jaar",TRUE,TRUE,"Helemaal mee eens",TRUE,"Mee eens",TRUE,TRUE,TRUE,TRUE,TRUE,TRUE
2078,20,"18 tot 25 jaar",FALSE,TRUE,"Mee eens",TRUE,"Niet mee eens, niet mee oneens",FALSE,FALSE,FALSE,TRUE,TRUE,FALSE
2079,74,"65 tot 75 jaar",FALSE,TRUE,"Mee eens",TRUE,"Niet mee eens, niet mee oneens",FALSE,TRUE,FALSE,FALSE,FALSE,TRUE
2080,87,"75 jaar of ouder",FALSE,TRUE,"Mee eens",TRUE,"Niet mee eens, niet mee oneens",FALSE,TRUE,FALSE,TRUE,TRUE,TRUE
2081,68,"65 tot 75 jaar",FALSE,TRUE,"Helemaal mee eens",TRUE,"Helemaal mee eens",TRUE,TRUE,TRUE,TRUE,TRUE,TRUE
2082,46,"45 tot 55 jaar",TRUE,TRUE,"Mee eens",TRUE,"Mee eens",TRUE,TRUE,TRUE,TRUE,TRUE,TRUE
2083,72,"65 tot 75 jaar",TRUE,TRUE,"Mee eens",TRUE,"Niet mee eens, niet mee oneens",FALSE,TRUE,TRUE,TRUE,TRUE,FALSE
2084,61,"55 tot 65 jaar",FALSE,TRUE,"Mee eens",TRUE,"Niet mee eens, niet mee oneens",FALSE,TRUE,TRUE,TRUE,FALSE,TRUE
2085,20,"18 tot 25 jaar",TRUE,TRUE,"Helemaal mee eens",TRUE,"Helemaal mee eens",TRUE,TRUE,TRUE,TRUE,TRUE,TRUE
2086,42,"35 tot 45 jaar",FALSE,TRUE,"Helemaal mee eens",TRUE,"Mee eens",TRUE,TRUE,TRUE,TRUE,TRUE,TRUE
2087,65,"65 tot 75 jaar",TRUE,TRUE,"Mee eens",TRUE,"Mee eens",TRUE,TRUE,TRUE,TRUE,TRUE,TRUE
2088,20,"18 tot 25 jaar",TRUE,TRUE,"Mee eens",TRUE,"Niet mee eens, niet mee oneens",FALSE,TRUE,FALSE,TRUE,TRUE,FALSE
2089,65,"65 tot 75 jaar",TRUE,TRUE,"Mee eens",TRUE,"Mee eens",TRUE,FALSE,TRUE,TRUE,TRUE,FALSE
2090,45,"45 tot 55 jaar",FALSE,TRUE,"Mee eens",TRUE,"Mee oneens",FALSE,FALSE,TRUE,FALSE,FALSE,FALSE
2091,56,"55 tot 65 jaar",TRUE,TRUE,"Helemaal mee eens",TRUE,"Helemaal mee eens",TRUE,TRUE,TRUE,TRUE,TRUE,TRUE
2092,52,"45 tot 55 jaar",FALSE,TRUE,"Mee eens",TRUE,"Mee eens",TRUE,TRUE,TRUE,TRUE,TRUE,TRUE
2093,18,"18 tot 25 jaar",FALSE,TRUE,"Mee eens",TRUE,"Mee eens",TRUE,TRUE,TRUE,TRUE,TRUE,TRUE
2094,87,"75 jaar of ouder",FALSE,TRUE,"Helemaal mee eens",TRUE,"Helemaal mee eens",TRUE,TRUE,TRUE,TRUE,TRUE,TRUE
2095,31,"25 tot 35 jaar",FALSE,TRUE,"Helemaal mee eens",TRUE,"Mee eens",TRUE,TRUE,TRUE,TRUE,TRUE,TRUE
2096,34,"25 tot 35 jaar",TRUE,TRUE,"Mee eens",TRUE,"Mee eens",TRUE,TRUE,TRUE,TRUE,TRUE,FALSE
2097,37,"35 tot 45 jaar",FALSE,TRUE,"Helemaal mee eens",TRUE,"Mee eens",TRUE,TRUE,TRUE,TRUE,TRUE,FALSE
2098,41,"35 tot 45 jaar",TRUE,TRUE,"Helemaal mee eens",TRUE,"Mee eens",TRUE,TRUE,TRUE,TRUE,TRUE,FALSE
2099,22,"18 tot 25 jaar",FALSE,TRUE,"Niet mee eens, niet mee oneens",FALSE,"Mee eens",TRUE,FALSE,TRUE,FALSE,TRUE,FALSE
2100,33,"25 tot 35 jaar",TRUE,TRUE,"Helemaal mee oneens",FALSE,"Helemaal mee oneens",FALSE,FALSE,TRUE,FALSE,FALSE,FALSE
2101,28,"25 tot 35 jaar",FALSE,TRUE,"Niet mee eens, niet mee oneens",FALSE,"Mee oneens",FALSE,TRUE,TRUE,FALSE,FALSE,FALSE
2102,31,"25 tot 35 jaar",TRUE,TRUE,"Mee eens",TRUE,"Mee oneens",FALSE,FALSE,TRUE,FALSE,TRUE,FALSE
2103,65,"65 tot 75 jaar",FALSE,TRUE,"Mee eens",TRUE,"Niet mee eens, niet mee oneens",FALSE,TRUE,TRUE,TRUE,TRUE,FALSE
2104,46,"45 tot 55 jaar",TRUE,TRUE,"Mee eens",TRUE,"Mee eens",TRUE,TRUE,TRUE,TRUE,TRUE,TRUE
2105,77,"75 jaar of ouder",FALSE,TRUE,"Mee eens",TRUE,"Niet mee eens, niet mee oneens",FALSE,TRUE,TRUE,FALSE,FALSE,FALSE
2106,27,"25 tot 35 jaar",TRUE,TRUE,"Mee eens",TRUE,"Niet mee eens, niet mee oneens",FALSE,FALSE,TRUE,FALSE,FALSE,FALSE
2107,77,"75 jaar of ouder",TRUE,TRUE,"Helemaal mee eens",TRUE,"Helemaal mee eens",TRUE,TRUE,TRUE,TRUE,TRUE,TRUE
2108,49,"45 tot 55 jaar",TRUE,FALSE,"Helemaal mee eens",TRUE,"Niet mee eens, niet mee oneens",FALSE,FALSE,FALSE,TRUE,TRUE,FALSE
2109,22,"18 tot 25 jaar",FALSE,TRUE,"Mee eens",TRUE,"Mee eens",TRUE,TRUE,TRUE,TRUE,TRUE,TRUE
2110,57,"55 tot 65 jaar",TRUE,TRUE,"Mee eens",TRUE,"Niet mee eens, niet mee oneens",FALSE,TRUE,TRUE,TRUE,FALSE,FALSE
2111,73,"65 tot 75 jaar",TRUE,TRUE,"Mee eens",TRUE,"Mee oneens",FALSE,TRUE,TRUE,TRUE,TRUE,FALSE
2112,62,"55 tot 65 jaar",TRUE,TRUE,"Helemaal mee eens",TRUE,"Mee eens",TRUE,TRUE,TRUE,TRUE,TRUE,TRUE
2113,21,"18 tot 25 jaar",TRUE,TRUE,"Mee eens",TRUE,"Mee eens",TRUE,TRUE,FALSE,TRUE,TRUE,FALSE
2114,69,"65 tot 75 jaar",FALSE,TRUE,"Mee eens",TRUE,"Niet mee eens, niet mee oneens",FALSE,TRUE,TRUE,TRUE,TRUE,TRUE
2115,88,"75 jaar of ouder",FALSE,TRUE,"Helemaal mee eens",TRUE,"Mee eens",TRUE,TRUE,TRUE,TRUE,TRUE,TRUE
2116,61,"55 tot 65 jaar",FALSE,FALSE,"Helemaal mee eens",TRUE,"Niet mee eens, niet mee oneens",FALSE,TRUE,FALSE,TRUE,TRUE,TRUE
2117,61,"55 tot 65 jaar",TRUE,TRUE,"Helemaal mee eens",TRUE,"Mee eens",TRUE,TRUE,TRUE,TRUE,TRUE,TRUE
2118,54,"45 tot 55 jaar",TRUE,TRUE,"Mee eens",TRUE,"Mee eens",TRUE,TRUE,FALSE,TRUE,TRUE,TRUE
2119,79,"75 jaar of ouder",FALSE,TRUE,"Helemaal mee eens",TRUE,"Mee eens",TRUE,TRUE,TRUE,TRUE,TRUE,TRUE
2120,18,"18 tot 25 jaar",FALSE,TRUE,"Helemaal mee eens",TRUE,"Mee eens",TRUE,TRUE,TRUE,TRUE,TRUE,TRUE
2121,89,"75 jaar of ouder",FALSE,TRUE,"Helemaal mee eens",TRUE,"Mee eens",TRUE,TRUE,TRUE,TRUE,TRUE,TRUE
2122,33,"25 tot 35 jaar",FALSE,TRUE,"Mee eens",TRUE,"Helemaal mee eens",TRUE,TRUE,TRUE,TRUE,TRUE,TRUE
2123,72,"65 tot 75 jaar",TRUE,TRUE,"Mee eens",TRUE,"Mee eens",TRUE,TRUE,TRUE,TRUE,FALSE,FALSE
2124,62,"55 tot 65 jaar",TRUE,TRUE,"Mee eens",TRUE,"Niet mee eens, niet mee oneens",FALSE,TRUE,TRUE,FALSE,TRUE,TRUE
2125,54,"45 tot 55 jaar",FALSE,TRUE,"Helemaal mee eens",TRUE,"Helemaal mee eens",TRUE,TRUE,TRUE,TRUE,TRUE,TRUE
2126,22,"18 tot 25 jaar",FALSE,TRUE,"Helemaal mee eens",TRUE,"Mee eens",TRUE,TRUE,TRUE,TRUE,TRUE,TRUE
2127,68,"65 tot 75 jaar",FALSE,TRUE,"Mee eens",TRUE,"Mee eens",TRUE,TRUE,TRUE,FALSE,TRUE,TRUE
2128,33,"25 tot 35 jaar",TRUE,TRUE,"Mee eens",TRUE,"Mee eens",TRUE,TRUE,TRUE,TRUE,TRUE,TRUE
2129,58,"55 tot 65 jaar",TRUE,TRUE,"Mee eens",TRUE,"Mee eens",TRUE,TRUE,TRUE,TRUE,TRUE,FALSE
2130,70,"65 tot 75 jaar",TRUE,TRUE,"Helemaal mee eens",TRUE,"Mee eens",TRUE,TRUE,TRUE,TRUE,TRUE,FALSE
2131,36,"35 tot 45 jaar",TRUE,TRUE,"Mee eens",TRUE,"Mee eens",TRUE,FALSE,TRUE,TRUE,TRUE,FALSE
2132,26,"25 tot 35 jaar",FALSE,TRUE,"Helemaal mee eens",TRUE,"Mee eens",TRUE,TRUE,TRUE,TRUE,TRUE,TRUE
2133,75,"75 jaar of ouder",FALSE,TRUE,"Helemaal mee eens",TRUE,"Niet mee eens, niet mee oneens",FALSE,TRUE,TRUE,TRUE,TRUE,TRUE
2134,57,"55 tot 65 jaar",TRUE,TRUE,"Helemaal mee eens",TRUE,"Helemaal mee eens",TRUE,TRUE,TRUE,TRUE,TRUE,FALSE
2135,72,"65 tot 75 jaar",TRUE,TRUE,"Helemaal mee eens",TRUE,"Mee eens",TRUE,TRUE,FALSE,FALSE,TRUE,FALSE
2136,40,"35 tot 45 jaar",TRUE,TRUE,"Helemaal mee eens",TRUE,"Helemaal mee eens",TRUE,TRUE,TRUE,TRUE,TRUE,TRUE
2137,86,"75 jaar of ouder",TRUE,TRUE,"Helemaal mee eens",TRUE,"Mee eens",TRUE,TRUE,TRUE,TRUE,TRUE,TRUE
2138,37,"35 tot 45 jaar",TRUE,TRUE,"Helemaal mee eens",TRUE,"Mee eens",TRUE,TRUE,TRUE,TRUE,TRUE,TRUE
2139,46,"45 tot 55 jaar",FALSE,TRUE,"Mee eens",TRUE,"Niet mee eens, niet mee oneens",FALSE,TRUE,TRUE,TRUE,FALSE,TRUE
2140,60,"55 tot 65 jaar",TRUE,TRUE,"Helemaal mee eens",TRUE,"Mee eens",TRUE,TRUE,TRUE,TRUE,TRUE,TRUE
2141,62,"55 tot 65 jaar",FALSE,TRUE,"Mee eens",TRUE,"Niet mee eens, niet mee oneens",FALSE,TRUE,TRUE,FALSE,TRUE,TRUE
2142,51,"45 tot 55 jaar",TRUE,TRUE,"Helemaal mee eens",TRUE,"Mee eens",TRUE,FALSE,TRUE,TRUE,TRUE,TRUE
2143,41,"35 tot 45 jaar",FALSE,TRUE,"Mee eens",TRUE,"Mee eens",TRUE,TRUE,FALSE,FALSE,TRUE,FALSE
2144,24,"18 tot 25 jaar",TRUE,TRUE,"Helemaal mee eens",TRUE,"Helemaal mee eens",TRUE,TRUE,TRUE,TRUE,TRUE,TRUE
2145,46,"45 tot 55 jaar",FALSE,TRUE,"Niet mee eens, niet mee oneens",FALSE,"Niet mee eens, niet mee oneens",FALSE,TRUE,TRUE,FALSE,FALSE,TRUE
2146,38,"35 tot 45 jaar",TRUE,TRUE,"Helemaal mee eens",TRUE,"Mee eens",TRUE,FALSE,FALSE,TRUE,FALSE,FALSE
2147,49,"45 tot 55 jaar",TRUE,TRUE,"Helemaal mee eens",TRUE,"Helemaal mee eens",TRUE,TRUE,TRUE,TRUE,TRUE,TRUE
2148,50,"45 tot 55 jaar",FALSE,TRUE,"Niet mee eens, niet mee oneens",FALSE,"Niet mee eens, niet mee oneens",FALSE,TRUE,FALSE,TRUE,TRUE,FALSE
2149,29,"25 tot 35 jaar",FALSE,TRUE,"Mee eens",TRUE,"Niet mee eens, niet mee oneens",FALSE,TRUE,TRUE,TRUE,FALSE,TRUE
2150,67,"65 tot 75 jaar",FALSE,TRUE,"Helemaal mee eens",TRUE,"Niet mee eens, niet mee oneens",FALSE,TRUE,TRUE,TRUE,TRUE,TRUE
2151,53,"45 tot 55 jaar",TRUE,TRUE,"Helemaal mee eens",TRUE,"Mee eens",TRUE,TRUE,TRUE,TRUE,TRUE,TRUE
2152,73,"65 tot 75 jaar",TRUE,TRUE,"Mee eens",TRUE,"Mee eens",TRUE,TRUE,TRUE,TRUE,FALSE,FALSE
2153,27,"25 tot 35 jaar",FALSE,TRUE,"Mee eens",TRUE,"Niet mee eens, niet mee oneens",FALSE,TRUE,TRUE,TRUE,TRUE,TRUE
2154,54,"45 tot 55 jaar",TRUE,TRUE,"Mee eens",TRUE,"Niet mee eens, niet mee oneens",FALSE,FALSE,FALSE,FALSE,FALSE,FALSE
2155,62,"55 tot 65 jaar",TRUE,TRUE,"Helemaal mee eens",TRUE,"Helemaal mee eens",TRUE,TRUE,TRUE,TRUE,TRUE,TRUE
2156,65,"65 tot 75 jaar",FALSE,TRUE,"Mee eens",TRUE,"Mee eens",TRUE,TRUE,TRUE,TRUE,TRUE,TRUE
2157,55,"55 tot 65 jaar",TRUE,TRUE,"Mee eens",TRUE,"Mee eens",TRUE,TRUE,TRUE,TRUE,TRUE,TRUE
2158,55,"55 tot 65 jaar",TRUE,TRUE,"Mee eens",TRUE,"Helemaal mee eens",TRUE,TRUE,FALSE,TRUE,TRUE,TRUE
2159,67,"65 tot 75 jaar",TRUE,TRUE,"Helemaal mee eens",TRUE,"Mee eens",TRUE,TRUE,TRUE,TRUE,TRUE,FALSE
2160,51,"45 tot 55 jaar",FALSE,TRUE,"Helemaal mee eens",TRUE,"Helemaal mee eens",TRUE,TRUE,TRUE,TRUE,TRUE,TRUE
2161,50,"45 tot 55 jaar",FALSE,TRUE,"Helemaal mee eens",TRUE,"Mee eens",TRUE,FALSE,TRUE,FALSE,TRUE,TRUE
2162,74,"65 tot 75 jaar",FALSE,TRUE,"Mee eens",TRUE,"Mee eens",TRUE,TRUE,TRUE,TRUE,TRUE,TRUE
2163,47,"45 tot 55 jaar",TRUE,TRUE,"Mee eens",TRUE,"Mee eens",TRUE,TRUE,TRUE,TRUE,TRUE,FALSE
2164,24,"18 tot 25 jaar",FALSE,TRUE,"Helemaal mee eens",TRUE,"Helemaal mee eens",TRUE,TRUE,TRUE,TRUE,TRUE,TRUE
2165,23,"18 tot 25 jaar",TRUE,TRUE,"Mee eens",TRUE,"Mee eens",TRUE,TRUE,TRUE,TRUE,TRUE,FALSE
2166,53,"45 tot 55 jaar",FALSE,TRUE,"Helemaal mee eens",TRUE,"Helemaal mee eens",TRUE,TRUE,TRUE,TRUE,TRUE,TRUE
2167,58,"55 tot 65 jaar",TRUE,TRUE,"Mee eens",TRUE,"Mee eens",TRUE,TRUE,TRUE,TRUE,TRUE,TRUE
2168,51,"45 tot 55 jaar",FALSE,TRUE,"Helemaal mee eens",TRUE,"Mee eens",TRUE,TRUE,FALSE,TRUE,TRUE,FALSE
2169,37,"35 tot 45 jaar",FALSE,TRUE,"Mee eens",TRUE,"Niet mee eens, niet mee oneens",FALSE,TRUE,TRUE,FALSE,FALSE,FALSE
2170,58,"55 tot 65 jaar",TRUE,TRUE,"Helemaal mee eens",TRUE,"Mee eens",TRUE,TRUE,TRUE,TRUE,TRUE,TRUE
2171,43,"35 tot 45 jaar",TRUE,TRUE,"Mee eens",TRUE,"Niet mee eens, niet mee oneens",FALSE,TRUE,TRUE,TRUE,TRUE,TRUE
2172,41,"35 tot 45 jaar",TRUE,TRUE,"Mee eens",TRUE,"Mee oneens",FALSE,TRUE,TRUE,FALSE,TRUE,FALSE
2173,84,"75 jaar of ouder",TRUE,TRUE,"Mee eens",TRUE,"Mee eens",TRUE,TRUE,TRUE,TRUE,TRUE,TRUE
2174,44,"35 tot 45 jaar",FALSE,TRUE,"Mee eens",TRUE,"Mee eens",TRUE,TRUE,TRUE,TRUE,TRUE,TRUE
2175,36,"35 tot 45 jaar",TRUE,TRUE,"Mee oneens",FALSE,"Helemaal mee oneens",FALSE,TRUE,TRUE,FALSE,TRUE,TRUE
2176,52,"45 tot 55 jaar",TRUE,TRUE,"Mee eens",TRUE,"Mee eens",TRUE,TRUE,TRUE,TRUE,TRUE,TRUE
2177,41,"35 tot 45 jaar",FALSE,TRUE,"Helemaal mee eens",TRUE,"Niet mee eens, niet mee oneens",FALSE,TRUE,TRUE,TRUE,TRUE,TRUE
2178,81,"75 jaar of ouder",TRUE,TRUE,"Mee eens",TRUE,"Mee eens",TRUE,TRUE,TRUE,FALSE,TRUE,FALSE
2179,29,"25 tot 35 jaar",TRUE,TRUE,"Mee eens",TRUE,"Niet mee eens, niet mee oneens",FALSE,TRUE,TRUE,TRUE,TRUE,TRUE
2180,51,"45 tot 55 jaar",TRUE,TRUE,"Helemaal mee eens",TRUE,"Mee eens",TRUE,TRUE,TRUE,TRUE,TRUE,TRUE
2181,71,"65 tot 75 jaar",TRUE,TRUE,"Mee eens",TRUE,"Niet mee eens, niet mee oneens",FALSE,TRUE,FALSE,TRUE,FALSE,FALSE
2182,30,"25 tot 35 jaar",TRUE,TRUE,"Mee eens",TRUE,"Niet mee eens, niet mee oneens",FALSE,TRUE,TRUE,TRUE,TRUE,FALSE
2183,84,"75 jaar of ouder",TRUE,TRUE,"Mee eens",TRUE,"Mee eens",TRUE,TRUE,TRUE,FALSE,TRUE,TRUE
2184,42,"35 tot 45 jaar",TRUE,TRUE,"Mee eens",TRUE,"Mee eens",TRUE,TRUE,FALSE,TRUE,TRUE,TRUE
2185,88,"75 jaar of ouder",FALSE,TRUE,"Mee eens",TRUE,"Niet mee eens, niet mee oneens",FALSE,TRUE,TRUE,TRUE,FALSE,TRUE
2186,53,"45 tot 55 jaar",TRUE,TRUE,"Mee eens",TRUE,"Mee oneens",FALSE,FALSE,FALSE,FALSE,FALSE,TRUE
2187,74,"65 tot 75 jaar",TRUE,TRUE,"Mee eens",TRUE,"Niet mee eens, niet mee oneens",FALSE,TRUE,FALSE,TRUE,FALSE,FALSE
2188,27,"25 tot 35 jaar",FALSE,TRUE,"Mee oneens",FALSE,"Mee oneens",FALSE,TRUE,FALSE,FALSE,FALSE,FALSE
2189,35,"35 tot 45 jaar",FALSE,FALSE,"Mee eens",TRUE,"Mee eens",TRUE,TRUE,TRUE,TRUE,TRUE,TRUE
2190,54,"45 tot 55 jaar",FALSE,TRUE,"Mee eens",TRUE,"Mee eens",TRUE,TRUE,FALSE,TRUE,TRUE,TRUE
2191,75,"75 jaar of ouder",FALSE,TRUE,"Niet mee eens, niet mee oneens",FALSE,"Mee oneens",FALSE,TRUE,TRUE,FALSE,FALSE,FALSE
2192,68,"65 tot 75 jaar",TRUE,TRUE,"Helemaal mee eens",TRUE,"Helemaal mee eens",TRUE,TRUE,TRUE,TRUE,TRUE,TRUE
2193,61,"55 tot 65 jaar",FALSE,TRUE,"Helemaal mee eens",TRUE,"Helemaal mee eens",TRUE,TRUE,TRUE,TRUE,TRUE,TRUE
2194,46,"45 tot 55 jaar",FALSE,FALSE,"Helemaal mee eens",TRUE,"Helemaal mee eens",TRUE,TRUE,TRUE,TRUE,TRUE,TRUE
2195,90,"75 jaar of ouder",TRUE,TRUE,"Helemaal mee eens",TRUE,"Mee eens",TRUE,TRUE,TRUE,TRUE,TRUE,TRUE
2196,77,"75 jaar of ouder",FALSE,TRUE,"Helemaal mee eens",TRUE,"Mee eens",TRUE,TRUE,FALSE,TRUE,TRUE,FALSE
2197,34,"25 tot 35 jaar",FALSE,TRUE,"Mee eens",TRUE,"Mee eens",TRUE,TRUE,FALSE,TRUE,TRUE,TRUE
2198,25,"25 tot 35 jaar",FALSE,TRUE,"Mee eens",TRUE,"Helemaal mee eens",TRUE,TRUE,TRUE,TRUE,TRUE,TRUE
2199,61,"55 tot 65 jaar",FALSE,TRUE,"Mee eens",TRUE,"Mee eens",TRUE,TRUE,FALSE,TRUE,TRUE,TRUE
2200,22,"18 tot 25 jaar",TRUE,TRUE,"Mee eens",TRUE,"Niet mee eens, niet mee oneens",FALSE,TRUE,TRUE,FALSE,TRUE,TRUE
2201,60,"55 tot 65 jaar",FALSE,TRUE,"Niet mee eens, niet mee oneens",FALSE,"Niet mee eens, niet mee oneens",FALSE,FALSE,TRUE,FALSE,FALSE,FALSE
2202,73,"65 tot 75 jaar",TRUE,TRUE,"Helemaal mee eens",TRUE,"Mee eens",TRUE,TRUE,TRUE,TRUE,TRUE,TRUE
2203,80,"75 jaar of ouder",FALSE,TRUE,"Helemaal mee eens",TRUE,"Mee eens",TRUE,TRUE,TRUE,TRUE,TRUE,TRUE
2204,22,"18 tot 25 jaar",FALSE,TRUE,"Mee eens",TRUE,"Mee eens",TRUE,TRUE,TRUE,TRUE,TRUE,FALSE
2205,68,"65 tot 75 jaar",FALSE,TRUE,"Helemaal mee eens",TRUE,"Mee eens",TRUE,TRUE,TRUE,TRUE,TRUE,TRUE
2206,30,"25 tot 35 jaar",FALSE,TRUE,"Mee eens",TRUE,"Mee eens",TRUE,FALSE,FALSE,TRUE,TRUE,FALSE
2207,60,"55 tot 65 jaar",TRUE,TRUE,"Mee eens",TRUE,"Niet mee eens, niet mee oneens",FALSE,TRUE,TRUE,TRUE,FALSE,TRUE
2208,54,"45 tot 55 jaar",TRUE,TRUE,"Mee eens",TRUE,"Mee eens",TRUE,TRUE,FALSE,TRUE,FALSE,FALSE
2209,31,"25 tot 35 jaar",TRUE,TRUE,"Mee eens",TRUE,"Mee eens",TRUE,TRUE,TRUE,TRUE,TRUE,TRUE
2210,34,"25 tot 35 jaar",TRUE,TRUE,"Helemaal mee eens",TRUE,"Helemaal mee eens",TRUE,TRUE,TRUE,TRUE,TRUE,TRUE
2211,69,"65 tot 75 jaar",FALSE,TRUE,"Niet mee eens, niet mee oneens",FALSE,"Mee eens",TRUE,TRUE,TRUE,TRUE,TRUE,FALSE
2212,48,"45 tot 55 jaar",TRUE,TRUE,"Helemaal mee eens",TRUE,"Mee eens",TRUE,TRUE,TRUE,TRUE,TRUE,TRUE
2213,31,"25 tot 35 jaar",TRUE,TRUE,"Mee eens",TRUE,"Mee eens",TRUE,FALSE,TRUE,FALSE,TRUE,FALSE
2214,27,"25 tot 35 jaar",TRUE,TRUE,"Mee eens",TRUE,"Mee oneens",FALSE,TRUE,TRUE,TRUE,FALSE,FALSE
2215,39,"35 tot 45 jaar",TRUE,TRUE,"Mee eens",TRUE,"Mee eens",TRUE,TRUE,TRUE,TRUE,TRUE,FALSE
2216,51,"45 tot 55 jaar",FALSE,TRUE,"Niet mee eens, niet mee oneens",FALSE,"Mee oneens",FALSE,TRUE,TRUE,TRUE,FALSE,FALSE
2217,34,"25 tot 35 jaar",FALSE,TRUE,"Helemaal mee eens",TRUE,"Mee eens",TRUE,TRUE,FALSE,TRUE,TRUE,FALSE
2218,39,"35 tot 45 jaar",TRUE,TRUE,"Mee eens",TRUE,"Niet mee eens, niet mee oneens",FALSE,TRUE,FALSE,FALSE,FALSE,TRUE
2219,53,"45 tot 55 jaar",TRUE,TRUE,"Helemaal mee eens",TRUE,"Mee eens",TRUE,TRUE,TRUE,TRUE,TRUE,FALSE
2220,58,"55 tot 65 jaar",TRUE,TRUE,"Mee eens",TRUE,"Helemaal mee eens",TRUE,TRUE,TRUE,TRUE,TRUE,TRUE
2221,31,"25 tot 35 jaar",FALSE,TRUE,"Helemaal mee eens",TRUE,"Mee eens",TRUE,FALSE,TRUE,TRUE,TRUE,TRUE
2222,30,"25 tot 35 jaar",TRUE,TRUE,"Mee eens",TRUE,"Mee oneens",FALSE,FALSE,FALSE,FALSE,FALSE,FALSE
2223,62,"55 tot 65 jaar",TRUE,TRUE,"Mee eens",TRUE,"Mee eens",TRUE,TRUE,TRUE,TRUE,FALSE,FALSE
2224,19,"18 tot 25 jaar",FALSE,TRUE,"Helemaal mee eens",TRUE,"Helemaal mee eens",TRUE,TRUE,FALSE,TRUE,TRUE,TRUE
2225,85,"75 jaar of ouder",TRUE,TRUE,"Helemaal mee eens",TRUE,"Mee eens",TRUE,TRUE,TRUE,TRUE,TRUE,TRUE
2226,37,"35 tot 45 jaar",TRUE,TRUE,"Helemaal mee eens",TRUE,"Mee eens",TRUE,TRUE,TRUE,TRUE,TRUE,TRUE
2227,40,"35 tot 45 jaar",FALSE,TRUE,"Mee eens",TRUE,"Mee eens",TRUE,TRUE,TRUE,TRUE,TRUE,TRUE
2228,40,"35 tot 45 jaar",FALSE,TRUE,"Mee eens",TRUE,"Mee eens",TRUE,TRUE,TRUE,TRUE,TRUE,FALSE
2229,32,"25 tot 35 jaar",TRUE,TRUE,"Helemaal mee eens",TRUE,"Mee eens",TRUE,TRUE,TRUE,TRUE,TRUE,TRUE
2230,19,"18 tot 25 jaar",FALSE,TRUE,"Mee eens",TRUE,"Mee eens",TRUE,TRUE,TRUE,TRUE,TRUE,TRUE
2231,48,"45 tot 55 jaar",TRUE,TRUE,"Helemaal mee eens",TRUE,"Mee eens",TRUE,TRUE,TRUE,TRUE,FALSE,FALSE
2232,20,"18 tot 25 jaar",TRUE,TRUE,"Helemaal mee eens",TRUE,"Mee eens",TRUE,TRUE,TRUE,TRUE,TRUE,TRUE
2233,71,"65 tot 75 jaar",FALSE,TRUE,"Mee eens",TRUE,"Mee eens",TRUE,TRUE,TRUE,TRUE,TRUE,FALSE
2234,70,"65 tot 75 jaar",FALSE,TRUE,"Mee eens",TRUE,"Niet mee eens, niet mee oneens",FALSE,TRUE,FALSE,FALSE,TRUE,FALSE
2235,53,"45 tot 55 jaar",TRUE,TRUE,"Helemaal mee eens",TRUE,"Mee eens",TRUE,TRUE,TRUE,TRUE,TRUE,TRUE
2236,29,"25 tot 35 jaar",TRUE,FALSE,"Niet mee eens, niet mee oneens",FALSE,"Mee eens",TRUE,TRUE,TRUE,TRUE,TRUE,FALSE
2237,69,"65 tot 75 jaar",TRUE,TRUE,"Mee eens",TRUE,"Mee eens",TRUE,FALSE,TRUE,FALSE,TRUE,FALSE
2238,66,"65 tot 75 jaar",TRUE,TRUE,"Helemaal mee eens",TRUE,"Mee eens",TRUE,TRUE,TRUE,FALSE,TRUE,FALSE
2239,42,"35 tot 45 jaar",FALSE,TRUE,"Helemaal mee eens",TRUE,"Niet mee eens, niet mee oneens",FALSE,TRUE,TRUE,TRUE,TRUE,TRUE
2240,33,"25 tot 35 jaar",FALSE,TRUE,"Mee eens",TRUE,"Mee eens",TRUE,TRUE,TRUE,TRUE,TRUE,TRUE
2241,78,"75 jaar of ouder",TRUE,TRUE,"Helemaal mee eens",TRUE,"Helemaal mee eens",TRUE,TRUE,TRUE,TRUE,TRUE,TRUE
2242,76,"75 jaar of ouder",TRUE,TRUE,"Helemaal mee eens",TRUE,"Mee eens",TRUE,TRUE,TRUE,TRUE,TRUE,FALSE
2243,27,"25 tot 35 jaar",TRUE,TRUE,"Helemaal mee eens",TRUE,"Mee eens",TRUE,TRUE,FALSE,FALSE,TRUE,FALSE
2244,67,"65 tot 75 jaar",FALSE,TRUE,"Helemaal mee eens",TRUE,"Mee eens",TRUE,TRUE,TRUE,TRUE,TRUE,TRUE
2245,31,"25 tot 35 jaar",FALSE,TRUE,"Helemaal mee eens",TRUE,"Helemaal mee eens",TRUE,TRUE,FALSE,TRUE,TRUE,TRUE
2246,44,"35 tot 45 jaar",TRUE,TRUE,"Mee eens",TRUE,"Helemaal mee eens",TRUE,TRUE,FALSE,TRUE,TRUE,TRUE
2247,52,"45 tot 55 jaar",FALSE,TRUE,"Helemaal mee eens",TRUE,"Helemaal mee eens",TRUE,TRUE,TRUE,TRUE,TRUE,TRUE
2248,30,"25 tot 35 jaar",FALSE,TRUE,"Helemaal mee eens",TRUE,"Helemaal mee eens",TRUE,TRUE,TRUE,TRUE,TRUE,TRUE
2249,26,"25 tot 35 jaar",FALSE,TRUE,"Mee eens",TRUE,"Niet mee eens, niet mee oneens",FALSE,TRUE,TRUE,FALSE,TRUE,TRUE
2250,28,"25 tot 35 jaar",FALSE,TRUE,"Helemaal mee eens",TRUE,"Mee eens",TRUE,TRUE,TRUE,TRUE,TRUE,FALSE
2251,65,"65 tot 75 jaar",TRUE,TRUE,"Helemaal mee eens",TRUE,"Mee eens",TRUE,FALSE,TRUE,TRUE,TRUE,FALSE
2252,54,"45 tot 55 jaar",TRUE,TRUE,"Mee eens",TRUE,"Mee eens",TRUE,TRUE,TRUE,TRUE,TRUE,TRUE
2253,45,"45 tot 55 jaar",TRUE,TRUE,"Mee eens",TRUE,"Mee eens",TRUE,TRUE,FALSE,TRUE,TRUE,FALSE
2254,44,"35 tot 45 jaar",FALSE,TRUE,"Helemaal mee eens",TRUE,"Niet mee eens, niet mee oneens",FALSE,TRUE,TRUE,TRUE,TRUE,TRUE
2255,72,"65 tot 75 jaar",FALSE,TRUE,"Helemaal mee eens",TRUE,"Helemaal mee eens",TRUE,TRUE,TRUE,TRUE,TRUE,TRUE
2256,47,"45 tot 55 jaar",TRUE,TRUE,"Helemaal mee eens",TRUE,"Mee eens",TRUE,TRUE,TRUE,TRUE,TRUE,TRUE
2257,56,"55 tot 65 jaar",TRUE,TRUE,"Mee eens",TRUE,"Mee eens",TRUE,TRUE,TRUE,TRUE,TRUE,FALSE
2258,18,"18 tot 25 jaar",TRUE,FALSE,"Mee eens",TRUE,"Niet mee eens, niet mee oneens",FALSE,TRUE,TRUE,TRUE,TRUE,TRUE
2259,77,"75 jaar of ouder",FALSE,TRUE,"Helemaal mee eens",TRUE,"Mee eens",TRUE,TRUE,TRUE,TRUE,FALSE,FALSE
2260,66,"65 tot 75 jaar",TRUE,FALSE,"Niet mee eens, niet mee oneens",FALSE,"Mee eens",TRUE,TRUE,FALSE,TRUE,TRUE,TRUE
2261,37,"35 tot 45 jaar",TRUE,TRUE,"Helemaal mee eens",TRUE,"Mee eens",TRUE,TRUE,TRUE,TRUE,TRUE,FALSE
2262,63,"55 tot 65 jaar",TRUE,TRUE,"Niet mee eens, niet mee oneens",FALSE,"Niet mee eens, niet mee oneens",FALSE,FALSE,TRUE,FALSE,FALSE,FALSE
2263,36,"35 tot 45 jaar",FALSE,TRUE,"Mee eens",TRUE,"Mee eens",TRUE,TRUE,TRUE,TRUE,TRUE,TRUE
2264,78,"75 jaar of ouder",FALSE,TRUE,"Helemaal mee eens",TRUE,"Helemaal mee eens",TRUE,TRUE,FALSE,TRUE,TRUE,TRUE
2265,83,"75 jaar of ouder",FALSE,TRUE,"Mee eens",TRUE,"Mee eens",TRUE,TRUE,TRUE,TRUE,TRUE,TRUE
2266,73,"65 tot 75 jaar",TRUE,TRUE,"Helemaal mee eens",TRUE,"Niet mee eens, niet mee oneens",FALSE,FALSE,FALSE,TRUE,FALSE,TRUE
2267,64,"55 tot 65 jaar",TRUE,FALSE,"Mee eens",TRUE,"Helemaal mee eens",TRUE,TRUE,TRUE,TRUE,TRUE,TRUE
2268,48,"45 tot 55 jaar",TRUE,FALSE,"Niet mee eens, niet mee oneens",FALSE,"Helemaal mee oneens",FALSE,TRUE,TRUE,TRUE,TRUE,FALSE
2269,45,"45 tot 55 jaar",FALSE,TRUE,"Helemaal mee eens",TRUE,"Mee eens",TRUE,TRUE,TRUE,FALSE,TRUE,TRUE
2270,40,"35 tot 45 jaar",TRUE,TRUE,"Mee eens",TRUE,"Mee eens",TRUE,TRUE,FALSE,TRUE,TRUE,TRUE
2271,19,"18 tot 25 jaar",FALSE,TRUE,"Mee eens",TRUE,"Mee eens",TRUE,TRUE,TRUE,TRUE,TRUE,TRUE
2272,51,"45 tot 55 jaar",FALSE,TRUE,"Helemaal mee eens",TRUE,"Mee eens",TRUE,TRUE,TRUE,TRUE,TRUE,TRUE
2273,28,"25 tot 35 jaar",FALSE,TRUE,"Helemaal mee eens",TRUE,"Helemaal mee eens",TRUE,TRUE,TRUE,TRUE,TRUE,TRUE
2274,74,"65 tot 75 jaar",FALSE,TRUE,"Mee eens",TRUE,"Mee eens",TRUE,FALSE,TRUE,TRUE,FALSE,TRUE
2275,24,"18 tot 25 jaar",FALSE,TRUE,"Mee eens",TRUE,"Mee oneens",FALSE,TRUE,TRUE,TRUE,FALSE,TRUE
2276,57,"55 tot 65 jaar",TRUE,TRUE,"Mee eens",TRUE,"Mee eens",TRUE,TRUE,FALSE,TRUE,TRUE,TRUE
2277,37,"35 tot 45 jaar",TRUE,TRUE,"Helemaal mee eens",TRUE,"Helemaal mee eens",TRUE,TRUE,TRUE,TRUE,TRUE,TRUE
2278,54,"45 tot 55 jaar",TRUE,TRUE,"Mee eens",TRUE,"Mee eens",TRUE,TRUE,TRUE,TRUE,TRUE,FALSE
2279,90,"75 jaar of ouder",FALSE,TRUE,"Helemaal mee eens",TRUE,"Mee eens",TRUE,TRUE,TRUE,TRUE,TRUE,TRUE
2280,52,"45 tot 55 jaar",FALSE,TRUE,"Mee eens",TRUE,"Niet mee eens, niet mee oneens",FALSE,TRUE,TRUE,TRUE,FALSE,TRUE
2281,22,"18 tot 25 jaar",TRUE,TRUE,"Mee eens",TRUE,"Mee oneens",FALSE,TRUE,TRUE,TRUE,FALSE,FALSE
2282,25,"25 tot 35 jaar",FALSE,TRUE,"Mee eens",TRUE,"Helemaal mee eens",TRUE,TRUE,TRUE,FALSE,TRUE,TRUE
2283,55,"55 tot 65 jaar",FALSE,FALSE,"Helemaal mee eens",TRUE,"Niet mee eens, niet mee oneens",FALSE,TRUE,TRUE,TRUE,TRUE,TRUE
2284,53,"45 tot 55 jaar",TRUE,TRUE,"Helemaal mee eens",TRUE,"Mee eens",TRUE,TRUE,TRUE,TRUE,TRUE,TRUE
2285,21,"18 tot 25 jaar",TRUE,TRUE,"Helemaal mee eens",TRUE,"Mee eens",TRUE,TRUE,TRUE,TRUE,TRUE,TRUE
2286,33,"25 tot 35 jaar",TRUE,TRUE,"Helemaal mee eens",TRUE,"Mee eens",TRUE,TRUE,TRUE,TRUE,TRUE,TRUE
2287,28,"25 tot 35 jaar",FALSE,TRUE,"Mee eens",TRUE,"Niet mee eens, niet mee oneens",FALSE,TRUE,FALSE,TRUE,TRUE,TRUE
2288,77,"75 jaar of ouder",TRUE,TRUE,"Helemaal mee eens",TRUE,"Mee eens",TRUE,TRUE,TRUE,TRUE,TRUE,TRUE
2289,49,"45 tot 55 jaar",TRUE,TRUE,"Mee eens",TRUE,"Mee oneens",FALSE,TRUE,TRUE,TRUE,FALSE,FALSE
2290,26,"25 tot 35 jaar",FALSE,TRUE,"Niet mee eens, niet mee oneens",FALSE,"Mee oneens",FALSE,TRUE,TRUE,TRUE,TRUE,FALSE
2291,52,"45 tot 55 jaar",TRUE,FALSE,"Mee eens",TRUE,"Mee eens",TRUE,TRUE,TRUE,TRUE,TRUE,TRUE
2292,19,"18 tot 25 jaar",FALSE,TRUE,"Mee eens",TRUE,"Niet mee eens, niet mee oneens",FALSE,TRUE,TRUE,TRUE,FALSE,TRUE
2293,44,"35 tot 45 jaar",TRUE,TRUE,"Mee eens",TRUE,"Mee eens",TRUE,TRUE,TRUE,TRUE,TRUE,TRUE
2294,55,"55 tot 65 jaar",FALSE,TRUE,"Mee eens",TRUE,"Mee eens",TRUE,TRUE,TRUE,TRUE,TRUE,TRUE
2295,27,"25 tot 35 jaar",TRUE,TRUE,"Helemaal mee eens",TRUE,"Niet mee eens, niet mee oneens",FALSE,TRUE,TRUE,TRUE,FALSE,TRUE
2296,26,"25 tot 35 jaar",FALSE,TRUE,"Mee eens",TRUE,"Niet mee eens, niet mee oneens",FALSE,TRUE,TRUE,FALSE,TRUE,TRUE
2297,19,"18 tot 25 jaar",FALSE,TRUE,"Mee eens",TRUE,"Niet mee eens, niet mee oneens",FALSE,TRUE,TRUE,FALSE,TRUE,FALSE
2298,86,"75 jaar of ouder",TRUE,TRUE,"Helemaal mee eens",TRUE,"Helemaal mee eens",TRUE,TRUE,TRUE,TRUE,TRUE,TRUE
2299,46,"45 tot 55 jaar",TRUE,TRUE,"Mee eens",TRUE,"Mee eens",TRUE,TRUE,TRUE,TRUE,TRUE,TRUE
2300,63,"55 tot 65 jaar",TRUE,TRUE,"Helemaal mee eens",TRUE,"Mee eens",TRUE,TRUE,TRUE,TRUE,TRUE,TRUE
2301,67,"65 tot 75 jaar",TRUE,TRUE,"Helemaal mee eens",TRUE,"Mee eens",TRUE,TRUE,TRUE,TRUE,TRUE,TRUE
2302,34,"25 tot 35 jaar",FALSE,TRUE,"Mee eens",TRUE,"Mee eens",TRUE,TRUE,TRUE,TRUE,TRUE,TRUE
2303,76,"75 jaar of ouder",FALSE,TRUE,"Niet mee eens, niet mee oneens",FALSE,"Niet mee eens, niet mee oneens",FALSE,TRUE,TRUE,FALSE,TRUE,FALSE
2304,29,"25 tot 35 jaar",TRUE,TRUE,"Mee eens",TRUE,"Mee oneens",FALSE,FALSE,TRUE,FALSE,FALSE,TRUE
2305,82,"75 jaar of ouder",TRUE,TRUE,"Mee oneens",FALSE,"Helemaal mee oneens",FALSE,FALSE,TRUE,FALSE,FALSE,FALSE
2306,79,"75 jaar of ouder",FALSE,TRUE,"Mee eens",TRUE,"Helemaal mee eens",TRUE,TRUE,FALSE,TRUE,TRUE,FALSE
2307,44,"35 tot 45 jaar",TRUE,TRUE,"Helemaal mee eens",TRUE,"Mee eens",TRUE,TRUE,TRUE,TRUE,TRUE,TRUE
2308,55,"55 tot 65 jaar",TRUE,FALSE,"Niet mee eens, niet mee oneens",FALSE,"Niet mee eens, niet mee oneens",FALSE,FALSE,TRUE,TRUE,TRUE,FALSE
2309,42,"35 tot 45 jaar",FALSE,TRUE,"Mee eens",TRUE,"Niet mee eens, niet mee oneens",FALSE,TRUE,TRUE,TRUE,FALSE,TRUE
2310,21,"18 tot 25 jaar",TRUE,TRUE,"Helemaal mee eens",TRUE,"Mee eens",TRUE,TRUE,TRUE,TRUE,TRUE,TRUE
2311,57,"55 tot 65 jaar",TRUE,TRUE,"Mee eens",TRUE,"Mee eens",TRUE,TRUE,TRUE,FALSE,TRUE,TRUE
2312,34,"25 tot 35 jaar",TRUE,TRUE,"Mee eens",TRUE,"Niet mee eens, niet mee oneens",FALSE,TRUE,TRUE,TRUE,TRUE,TRUE
2313,55,"55 tot 65 jaar",TRUE,TRUE,"Helemaal mee eens",TRUE,"Helemaal mee eens",TRUE,TRUE,TRUE,TRUE,TRUE,TRUE
2314,56,"55 tot 65 jaar",TRUE,TRUE,"Mee eens",TRUE,"Mee eens",TRUE,TRUE,TRUE,TRUE,TRUE,TRUE
2315,40,"35 tot 45 jaar",FALSE,TRUE,"Helemaal mee eens",TRUE,"Mee eens",TRUE,TRUE,TRUE,TRUE,TRUE,TRUE
2316,58,"55 tot 65 jaar",TRUE,TRUE,"Mee eens",TRUE,"Niet mee eens, niet mee oneens",FALSE,TRUE,FALSE,TRUE,TRUE,FALSE
2317,34,"25 tot 35 jaar",FALSE,TRUE,"Helemaal mee eens",TRUE,"Mee eens",TRUE,TRUE,TRUE,FALSE,TRUE,TRUE
2318,56,"55 tot 65 jaar",FALSE,TRUE,"Mee eens",TRUE,"Mee oneens",FALSE,TRUE,TRUE,FALSE,FALSE,FALSE
2319,39,"35 tot 45 jaar",TRUE,FALSE,"Helemaal mee eens",TRUE,"Niet mee eens, niet mee oneens",FALSE,TRUE,FALSE,TRUE,FALSE,FALSE
2320,90,"75 jaar of ouder",TRUE,TRUE,"Helemaal mee eens",TRUE,"Helemaal mee eens",TRUE,TRUE,TRUE,TRUE,TRUE,TRUE
2321,89,"75 jaar of ouder",FALSE,TRUE,"Niet mee eens, niet mee oneens",FALSE,"Niet mee eens, niet mee oneens",FALSE,FALSE,TRUE,TRUE,TRUE,TRUE
2322,63,"55 tot 65 jaar",TRUE,TRUE,"Helemaal mee eens",TRUE,"Helemaal mee eens",TRUE,TRUE,TRUE,TRUE,TRUE,TRUE
2323,67,"65 tot 75 jaar",FALSE,TRUE,"Helemaal mee eens",TRUE,"Helemaal mee eens",TRUE,TRUE,TRUE,TRUE,TRUE,TRUE
2324,69,"65 tot 75 jaar",TRUE,TRUE,"Helemaal mee eens",TRUE,"Mee eens",TRUE,TRUE,TRUE,TRUE,TRUE,TRUE
2325,65,"65 tot 75 jaar",FALSE,TRUE,"Mee eens",TRUE,"Mee eens",TRUE,TRUE,TRUE,TRUE,TRUE,TRUE
2326,71,"65 tot 75 jaar",FALSE,TRUE,"Mee eens",TRUE,"Mee eens",TRUE,TRUE,TRUE,TRUE,FALSE,TRUE
2327,62,"55 tot 65 jaar",TRUE,TRUE,"Mee eens",TRUE,"Mee eens",TRUE,TRUE,FALSE,FALSE,TRUE,TRUE
2328,62,"55 tot 65 jaar",TRUE,TRUE,"Helemaal mee eens",TRUE,"Helemaal mee eens",TRUE,TRUE,TRUE,TRUE,TRUE,TRUE
2329,21,"18 tot 25 jaar",TRUE,TRUE,"Mee eens",TRUE,"Niet mee eens, niet mee oneens",FALSE,FALSE,FALSE,TRUE,FALSE,TRUE
2330,69,"65 tot 75 jaar",FALSE,TRUE,"Helemaal mee eens",TRUE,"Niet mee eens, niet mee oneens",FALSE,TRUE,TRUE,TRUE,TRUE,TRUE
2331,32,"25 tot 35 jaar",TRUE,TRUE,"Mee eens",TRUE,"Mee eens",TRUE,TRUE,TRUE,FALSE,TRUE,FALSE
2332,53,"45 tot 55 jaar",TRUE,TRUE,"Helemaal mee eens",TRUE,"Helemaal mee eens",TRUE,TRUE,TRUE,TRUE,TRUE,TRUE
2333,21,"18 tot 25 jaar",FALSE,TRUE,"Helemaal mee eens",TRUE,"Helemaal mee eens",TRUE,TRUE,TRUE,TRUE,TRUE,TRUE
2334,59,"55 tot 65 jaar",FALSE,TRUE,"Mee eens",TRUE,"Mee eens",TRUE,TRUE,TRUE,TRUE,TRUE,FALSE
2335,30,"25 tot 35 jaar",TRUE,TRUE,"Helemaal mee eens",TRUE,"Mee eens",TRUE,TRUE,TRUE,TRUE,TRUE,TRUE
2336,19,"18 tot 25 jaar",FALSE,TRUE,"Mee eens",TRUE,"Mee eens",TRUE,TRUE,TRUE,FALSE,TRUE,TRUE
2337,58,"55 tot 65 jaar",TRUE,TRUE,"Mee eens",TRUE,"Mee eens",TRUE,TRUE,TRUE,TRUE,TRUE,TRUE
2338,39,"35 tot 45 jaar",TRUE,TRUE,"Helemaal mee eens",TRUE,"Mee eens",TRUE,TRUE,TRUE,TRUE,TRUE,TRUE
2339,22,"18 tot 25 jaar",TRUE,TRUE,"Mee eens",TRUE,"Mee eens",TRUE,TRUE,TRUE,TRUE,TRUE,TRUE
2340,76,"75 jaar of ouder",TRUE,TRUE,"Helemaal mee eens",TRUE,"Mee eens",TRUE,TRUE,TRUE,TRUE,TRUE,TRUE
2341,59,"55 tot 65 jaar",TRUE,TRUE,"Mee eens",TRUE,"Mee eens",TRUE,TRUE,FALSE,TRUE,FALSE,FALSE
2342,38,"35 tot 45 jaar",TRUE,TRUE,"Helemaal mee eens",TRUE,"Mee eens",TRUE,TRUE,TRUE,TRUE,TRUE,TRUE
2343,72,"65 tot 75 jaar",FALSE,TRUE,"Niet mee eens, niet mee oneens",FALSE,"Niet mee eens, niet mee oneens",FALSE,TRUE,TRUE,FALSE,FALSE,FALSE
2344,85,"75 jaar of ouder",TRUE,TRUE,"Mee eens",TRUE,"Mee eens",TRUE,TRUE,TRUE,TRUE,TRUE,TRUE
2345,52,"45 tot 55 jaar",TRUE,TRUE,"Helemaal mee eens",TRUE,"Mee eens",TRUE,TRUE,TRUE,TRUE,TRUE,TRUE
2346,56,"55 tot 65 jaar",TRUE,TRUE,"Helemaal mee eens",TRUE,"Mee eens",TRUE,TRUE,TRUE,TRUE,TRUE,TRUE
2347,43,"35 tot 45 jaar",TRUE,TRUE,"Helemaal mee eens",TRUE,"Helemaal mee eens",TRUE,TRUE,TRUE,TRUE,TRUE,TRUE
2348,65,"65 tot 75 jaar",TRUE,TRUE,"Mee eens",TRUE,"Helemaal mee eens",TRUE,TRUE,FALSE,TRUE,TRUE,TRUE
2349,41,"35 tot 45 jaar",FALSE,TRUE,"Helemaal mee eens",TRUE,"Helemaal mee eens",TRUE,TRUE,TRUE,FALSE,TRUE,FALSE
2350,66,"65 tot 75 jaar",TRUE,TRUE,"Helemaal mee eens",TRUE,"Mee eens",TRUE,TRUE,TRUE,TRUE,TRUE,TRUE
2351,34,"25 tot 35 jaar",TRUE,TRUE,"Helemaal mee eens",TRUE,"Helemaal mee eens",TRUE,TRUE,TRUE,TRUE,TRUE,TRUE
2352,58,"55 tot 65 jaar",FALSE,TRUE,"Helemaal mee eens",TRUE,"Mee eens",TRUE,TRUE,TRUE,TRUE,TRUE,TRUE
2353,59,"55 tot 65 jaar",TRUE,TRUE,"Mee oneens",FALSE,"Mee oneens",FALSE,TRUE,TRUE,FALSE,FALSE,FALSE
2354,39,"35 tot 45 jaar",TRUE,TRUE,"Mee eens",TRUE,"Mee eens",TRUE,TRUE,TRUE,TRUE,TRUE,FALSE
2355,71,"65 tot 75 jaar",TRUE,TRUE,"Helemaal mee eens",TRUE,"Mee eens",TRUE,TRUE,TRUE,TRUE,TRUE,FALSE
2356,75,"75 jaar of ouder",FALSE,TRUE,"Niet mee eens, niet mee oneens",FALSE,"Mee eens",TRUE,TRUE,TRUE,FALSE,TRUE,FALSE
2357,20,"18 tot 25 jaar",TRUE,TRUE,"Mee eens",TRUE,"Mee eens",TRUE,TRUE,TRUE,TRUE,TRUE,TRUE
2358,65,"65 tot 75 jaar",TRUE,TRUE,"Helemaal mee eens",TRUE,"Mee eens",TRUE,TRUE,TRUE,TRUE,TRUE,TRUE
2359,72,"65 tot 75 jaar",TRUE,TRUE,"Mee eens",TRUE,"Niet mee eens, niet mee oneens",FALSE,FALSE,TRUE,FALSE,FALSE,FALSE
2360,24,"18 tot 25 jaar",TRUE,TRUE,"Mee oneens",FALSE,"Mee oneens",FALSE,TRUE,FALSE,FALSE,FALSE,FALSE
2361,61,"55 tot 65 jaar",FALSE,TRUE,"Helemaal mee eens",TRUE,"Mee eens",TRUE,TRUE,TRUE,TRUE,TRUE,TRUE
2362,18,"18 tot 25 jaar",FALSE,TRUE,"Helemaal mee eens",TRUE,"Niet mee eens, niet mee oneens",FALSE,TRUE,TRUE,TRUE,TRUE,TRUE
2363,88,"75 jaar of ouder",TRUE,FALSE,"Mee eens",TRUE,"Mee eens",TRUE,TRUE,TRUE,TRUE,TRUE,TRUE
2364,75,"75 jaar of ouder",TRUE,TRUE,"Mee eens",TRUE,"Mee eens",TRUE,FALSE,TRUE,TRUE,TRUE,TRUE
2365,71,"65 tot 75 jaar",TRUE,TRUE,"Mee eens",TRUE,"Mee eens",TRUE,FALSE,FALSE,TRUE,TRUE,FALSE
2366,82,"75 jaar of ouder",TRUE,TRUE,"Helemaal mee eens",TRUE,"Mee eens",TRUE,TRUE,FALSE,TRUE,TRUE,FALSE
2367,47,"45 tot 55 jaar",FALSE,TRUE,"Helemaal mee eens",TRUE,"Mee eens",TRUE,TRUE,TRUE,TRUE,TRUE,TRUE
2368,21,"18 tot 25 jaar",TRUE,FALSE,"Niet mee eens, niet mee oneens",FALSE,"Niet mee eens, niet mee oneens",FALSE,FALSE,TRUE,FALSE,FALSE,FALSE
2369,76,"75 jaar of ouder",FALSE,TRUE,"Mee eens",TRUE,"Niet mee eens, niet mee oneens",FALSE,TRUE,TRUE,FALSE,FALSE,TRUE
2370,38,"35 tot 45 jaar",TRUE,TRUE,"Mee eens",TRUE,"Mee oneens",FALSE,TRUE,TRUE,TRUE,FALSE,FALSE
2371,29,"25 tot 35 jaar",TRUE,TRUE,"Helemaal mee eens",TRUE,"Mee eens",TRUE,TRUE,TRUE,TRUE,TRUE,TRUE
2372,63,"55 tot 65 jaar",FALSE,TRUE,"Helemaal mee eens",TRUE,"Mee eens",TRUE,TRUE,TRUE,TRUE,TRUE,TRUE
2373,19,"18 tot 25 jaar",FALSE,TRUE,"Helemaal mee eens",TRUE,"Helemaal mee eens",TRUE,TRUE,TRUE,TRUE,TRUE,TRUE
2374,74,"65 tot 75 jaar",FALSE,TRUE,"Helemaal mee eens",TRUE,"Mee eens",TRUE,TRUE,TRUE,FALSE,TRUE,TRUE
2375,84,"75 jaar of ouder",TRUE,TRUE,"Mee eens",TRUE,"Mee eens",TRUE,TRUE,TRUE,TRUE,TRUE,FALSE
2376,51,"45 tot 55 jaar",FALSE,TRUE,"Mee eens",TRUE,"Niet mee eens, niet mee oneens",FALSE,TRUE,TRUE,TRUE,FALSE,TRUE
2377,51,"45 tot 55 jaar",FALSE,TRUE,"Mee eens",TRUE,"Mee eens",TRUE,TRUE,FALSE,TRUE,TRUE,FALSE
2378,72,"65 tot 75 jaar",FALSE,FALSE,"Helemaal mee eens",TRUE,"Niet mee eens, niet mee oneens",FALSE,TRUE,TRUE,FALSE,TRUE,TRUE
2379,57,"55 tot 65 jaar",FALSE,TRUE,"Mee oneens",FALSE,"Niet mee eens, niet mee oneens",FALSE,FALSE,TRUE,FALSE,FALSE,FALSE
2380,47,"45 tot 55 jaar",TRUE,TRUE,"Mee eens",TRUE,"Mee eens",TRUE,TRUE,FALSE,FALSE,FALSE,FALSE
2381,74,"65 tot 75 jaar",FALSE,FALSE,"Niet mee eens, niet mee oneens",FALSE,"Mee oneens",FALSE,TRUE,TRUE,TRUE,FALSE,FALSE
2382,88,"75 jaar of ouder",FALSE,TRUE,"Helemaal mee eens",TRUE,"Mee eens",TRUE,TRUE,TRUE,TRUE,TRUE,TRUE
2383,57,"55 tot 65 jaar",FALSE,TRUE,"Mee eens",TRUE,"Mee eens",TRUE,TRUE,FALSE,TRUE,TRUE,FALSE
2384,32,"25 tot 35 jaar",FALSE,TRUE,"Helemaal mee eens",TRUE,"Mee eens",TRUE,TRUE,TRUE,TRUE,TRUE,TRUE
2385,70,"65 tot 75 jaar",TRUE,TRUE,"Mee eens",TRUE,"Niet mee eens, niet mee oneens",FALSE,TRUE,TRUE,TRUE,TRUE,TRUE
2386,39,"35 tot 45 jaar",FALSE,TRUE,"Helemaal mee eens",TRUE,"Mee eens",TRUE,FALSE,TRUE,TRUE,TRUE,TRUE
2387,56,"55 tot 65 jaar",FALSE,TRUE,"Helemaal mee eens",TRUE,"Helemaal mee eens",TRUE,TRUE,TRUE,TRUE,TRUE,TRUE
2388,75,"75 jaar of ouder",TRUE,TRUE,"Helemaal mee eens",TRUE,"Helemaal mee eens",TRUE,TRUE,TRUE,TRUE,TRUE,TRUE
2389,66,"65 tot 75 jaar",TRUE,TRUE,"Mee eens",TRUE,"Niet mee eens, niet mee oneens",FALSE,TRUE,FALSE,TRUE,TRUE,TRUE
2390,57,"55 tot 65 jaar",TRUE,TRUE,"Mee eens",TRUE,"Mee eens",TRUE,TRUE,TRUE,TRUE,TRUE,FALSE
2391,31,"25 tot 35 jaar",TRUE,TRUE,"Helemaal mee eens",TRUE,"Mee eens",TRUE,TRUE,TRUE,TRUE,TRUE,TRUE
2392,27,"25 tot 35 jaar",TRUE,TRUE,"Mee eens",TRUE,"Niet mee eens, niet mee oneens",FALSE,TRUE,TRUE,FALSE,TRUE,TRUE
2393,29,"25 tot 35 jaar",FALSE,TRUE,"Mee eens",TRUE,"Mee eens",TRUE,TRUE,FALSE,FALSE,FALSE,TRUE
2394,18,"18 tot 25 jaar",FALSE,TRUE,"Mee eens",TRUE,"Mee eens",TRUE,TRUE,TRUE,TRUE,TRUE,TRUE
2395,27,"25 tot 35 jaar",TRUE,TRUE,"Helemaal mee eens",TRUE,"Mee eens",TRUE,TRUE,TRUE,TRUE,TRUE,TRUE
2396,56,"55 tot 65 jaar",TRUE,TRUE,"Mee eens",TRUE,"Mee eens",TRUE,TRUE,TRUE,FALSE,TRUE,TRUE
2397,55,"55 tot 65 jaar",FALSE,TRUE,"Helemaal mee eens",TRUE,"Helemaal mee eens",TRUE,TRUE,TRUE,TRUE,TRUE,TRUE
2398,64,"55 tot 65 jaar",FALSE,TRUE,"Mee eens",TRUE,"Niet mee eens, niet mee oneens",FALSE,TRUE,TRUE,TRUE,TRUE,TRUE
2399,70,"65 tot 75 jaar",FALSE,TRUE,"Helemaal mee eens",TRUE,"Mee eens",TRUE,TRUE,TRUE,TRUE,TRUE,TRUE
2400,28,"25 tot 35 jaar",FALSE,TRUE,"Mee eens",TRUE,"Mee eens",TRUE,TRUE,FALSE,TRUE,TRUE,TRUE
2401,29,"25 tot 35 jaar",FALSE,FALSE,"Niet mee eens, niet mee oneens",FALSE,"Niet mee eens, niet mee oneens",FALSE,TRUE,TRUE,TRUE,FALSE,TRUE
2402,36,"35 tot 45 jaar",FALSE,TRUE,"Helemaal mee eens",TRUE,"Niet mee eens, niet mee oneens",FALSE,TRUE,TRUE,TRUE,TRUE,FALSE
2403,49,"45 tot 55 jaar",FALSE,TRUE,"Mee eens",TRUE,"Niet mee eens, niet mee oneens",FALSE,FALSE,TRUE,FALSE,FALSE,FALSE
2404,46,"45 tot 55 jaar",FALSE,TRUE,"Helemaal mee oneens",FALSE,"Mee oneens",FALSE,FALSE,FALSE,FALSE,FALSE,FALSE
2405,51,"45 tot 55 jaar",FALSE,TRUE,"Helemaal mee eens",TRUE,"Mee eens",TRUE,TRUE,TRUE,FALSE,FALSE,FALSE
2406,18,"18 tot 25 jaar",FALSE,TRUE,"Mee eens",TRUE,"Mee eens",TRUE,TRUE,TRUE,TRUE,FALSE,TRUE
2407,45,"45 tot 55 jaar",TRUE,TRUE,"Helemaal mee eens",TRUE,"Mee eens",TRUE,TRUE,TRUE,FALSE,TRUE,TRUE
2408,34,"25 tot 35 jaar",FALSE,TRUE,"Mee eens",TRUE,"Niet mee eens, niet mee oneens",FALSE,FALSE,TRUE,FALSE,FALSE,FALSE
2409,48,"45 tot 55 jaar",TRUE,TRUE,"Helemaal mee eens",TRUE,"Mee eens",TRUE,TRUE,FALSE,TRUE,TRUE,TRUE
2410,22,"18 tot 25 jaar",TRUE,TRUE,"Mee eens",TRUE,"Mee eens",TRUE,TRUE,FALSE,TRUE,TRUE,TRUE
2411,62,"55 tot 65 jaar",FALSE,TRUE,"Niet mee eens, niet mee oneens",FALSE,"Mee eens",TRUE,TRUE,FALSE,FALSE,TRUE,FALSE
2412,66,"65 tot 75 jaar",FALSE,TRUE,"Helemaal mee eens",TRUE,"Mee eens",TRUE,TRUE,TRUE,TRUE,TRUE,TRUE
2413,71,"65 tot 75 jaar",TRUE,TRUE,"Helemaal mee eens",TRUE,"Mee eens",TRUE,TRUE,TRUE,TRUE,TRUE,TRUE
2414,41,"35 tot 45 jaar",FALSE,TRUE,"Mee eens",TRUE,"Mee eens",TRUE,TRUE,TRUE,TRUE,FALSE,FALSE
2415,39,"35 tot 45 jaar",FALSE,TRUE,"Mee eens",TRUE,"Mee eens",TRUE,FALSE,FALSE,TRUE,TRUE,TRUE
2416,19,"18 tot 25 jaar",TRUE,TRUE,"Helemaal mee eens",TRUE,"Helemaal mee eens",TRUE,TRUE,TRUE,TRUE,TRUE,TRUE
2417,29,"25 tot 35 jaar",TRUE,TRUE,"Mee eens",TRUE,"Mee eens",TRUE,FALSE,TRUE,TRUE,TRUE,TRUE
2418,55,"55 tot 65 jaar",TRUE,TRUE,"Mee eens",TRUE,"Mee eens",TRUE,TRUE,TRUE,TRUE,TRUE,TRUE
2419,51,"45 tot 55 jaar",FALSE,TRUE,"Helemaal mee eens",TRUE,"Niet mee eens, niet mee oneens",FALSE,TRUE,FALSE,TRUE,TRUE,TRUE
2420,57,"55 tot 65 jaar",FALSE,TRUE,"Helemaal mee eens",TRUE,"Helemaal mee eens",TRUE,TRUE,TRUE,TRUE,TRUE,TRUE
2421,58,"55 tot 65 jaar",TRUE,TRUE,"Helemaal mee eens",TRUE,"Helemaal mee eens",TRUE,TRUE,TRUE,TRUE,TRUE,FALSE
2422,26,"25 tot 35 jaar",FALSE,TRUE,"Helemaal mee eens",TRUE,"Mee eens",TRUE,FALSE,TRUE,TRUE,TRUE,TRUE
2423,58,"55 tot 65 jaar",FALSE,TRUE,"Mee eens",TRUE,"Helemaal mee eens",TRUE,TRUE,FALSE,TRUE,TRUE,TRUE
2424,20,"18 tot 25 jaar",TRUE,TRUE,"Mee eens",TRUE,"Mee eens",TRUE,TRUE,TRUE,TRUE,TRUE,TRUE
2425,84,"75 jaar of ouder",FALSE,TRUE,"Helemaal mee eens",TRUE,"Mee eens",TRUE,TRUE,TRUE,TRUE,TRUE,TRUE
2426,57,"55 tot 65 jaar",TRUE,TRUE,"Mee eens",TRUE,"Helemaal mee eens",TRUE,TRUE,TRUE,TRUE,TRUE,TRUE
2427,82,"75 jaar of ouder",FALSE,TRUE,"Helemaal mee eens",TRUE,"Mee eens",TRUE,TRUE,TRUE,TRUE,TRUE,TRUE
2428,37,"35 tot 45 jaar",FALSE,TRUE,"Helemaal mee eens",TRUE,"Helemaal mee eens",TRUE,TRUE,TRUE,TRUE,TRUE,TRUE
2429,49,"45 tot 55 jaar",FALSE,TRUE,"Helemaal mee eens",TRUE,"Mee eens",TRUE,TRUE,TRUE,TRUE,TRUE,TRUE
2430,36,"35 tot 45 jaar",TRUE,TRUE,"Helemaal mee eens",TRUE,"Mee eens",TRUE,TRUE,TRUE,TRUE,TRUE,TRUE
2431,21,"18 tot 25 jaar",FALSE,TRUE,"Helemaal mee eens",TRUE,"Helemaal mee eens",TRUE,TRUE,TRUE,TRUE,TRUE,TRUE
2432,90,"75 jaar of ouder",FALSE,TRUE,"Niet mee eens, niet mee oneens",FALSE,"Niet mee eens, niet mee oneens",FALSE,TRUE,TRUE,TRUE,FALSE,FALSE
2433,37,"35 tot 45 jaar",FALSE,TRUE,"Helemaal mee eens",TRUE,"Helemaal mee eens",TRUE,TRUE,TRUE,TRUE,TRUE,TRUE
2434,74,"65 tot 75 jaar",FALSE,TRUE,"Mee eens",TRUE,"Mee eens",TRUE,TRUE,TRUE,TRUE,TRUE,TRUE
2435,29,"25 tot 35 jaar",FALSE,TRUE,"Helemaal mee eens",TRUE,"Mee eens",TRUE,TRUE,TRUE,TRUE,FALSE,TRUE
2436,64,"55 tot 65 jaar",FALSE,TRUE,"Helemaal mee eens",TRUE,"Mee eens",TRUE,TRUE,TRUE,TRUE,TRUE,TRUE
2437,43,"35 tot 45 jaar",FALSE,TRUE,"Mee eens",TRUE,"Mee eens",TRUE,TRUE,TRUE,TRUE,TRUE,TRUE
2438,32,"25 tot 35 jaar",FALSE,TRUE,"Mee eens",TRUE,"Helemaal mee eens",TRUE,TRUE,TRUE,TRUE,TRUE,TRUE
2439,72,"65 tot 75 jaar",FALSE,TRUE,"Niet mee eens, niet mee oneens",FALSE,"Niet mee eens, niet mee oneens",FALSE,FALSE,TRUE,TRUE,TRUE,TRUE
2440,19,"18 tot 25 jaar",FALSE,TRUE,"Mee eens",TRUE,"Niet mee eens, niet mee oneens",FALSE,FALSE,TRUE,FALSE,TRUE,FALSE
2441,23,"18 tot 25 jaar",TRUE,TRUE,"Helemaal mee eens",TRUE,"Mee eens",TRUE,TRUE,TRUE,TRUE,TRUE,TRUE
2442,48,"45 tot 55 jaar",TRUE,TRUE,"Helemaal mee oneens",FALSE,"Mee oneens",FALSE,TRUE,TRUE,TRUE,FALSE,FALSE
2443,76,"75 jaar of ouder",FALSE,TRUE,"Helemaal mee eens",TRUE,"Helemaal mee eens",TRUE,TRUE,TRUE,TRUE,TRUE,TRUE
2444,24,"18 tot 25 jaar",FALSE,TRUE,"Helemaal mee eens",TRUE,"Niet mee eens, niet mee oneens",FALSE,TRUE,TRUE,TRUE,TRUE,TRUE
2445,49,"45 tot 55 jaar",FALSE,TRUE,"Mee eens",TRUE,"Mee eens",TRUE,TRUE,TRUE,TRUE,TRUE,TRUE
2446,24,"18 tot 25 jaar",TRUE,TRUE,"Mee eens",TRUE,"Niet mee eens, niet mee oneens",FALSE,TRUE,TRUE,TRUE,TRUE,TRUE
2447,24,"18 tot 25 jaar",TRUE,TRUE,"Mee eens",TRUE,"Mee eens",TRUE,TRUE,TRUE,TRUE,TRUE,TRUE
2448,81,"75 jaar of ouder",FALSE,TRUE,"Helemaal mee eens",TRUE,"Mee eens",TRUE,TRUE,TRUE,TRUE,TRUE,TRUE
2449,32,"25 tot 35 jaar",FALSE,TRUE,"Mee eens",TRUE,"Niet mee eens, niet mee oneens",FALSE,TRUE,TRUE,TRUE,TRUE,FALSE
2450,46,"45 tot 55 jaar",TRUE,TRUE,"Mee eens",TRUE,"Mee eens",TRUE,TRUE,TRUE,TRUE,TRUE,TRUE
2451,45,"45 tot 55 jaar",FALSE,TRUE,"Mee eens",TRUE,"Mee eens",TRUE,TRUE,TRUE,TRUE,TRUE,TRUE
2452,56,"55 tot 65 jaar",TRUE,TRUE,"Helemaal mee eens",TRUE,"Mee eens",TRUE,TRUE,TRUE,TRUE,TRUE,TRUE
2453,48,"45 tot 55 jaar",FALSE,TRUE,"Mee eens",TRUE,"Mee eens",TRUE,TRUE,FALSE,TRUE,TRUE,TRUE
2454,90,"75 jaar of ouder",FALSE,TRUE,"Niet mee eens, niet mee oneens",FALSE,"Niet mee eens, niet mee oneens",FALSE,TRUE,TRUE,TRUE,TRUE,FALSE
2455,20,"18 tot 25 jaar",TRUE,TRUE,"Mee eens",TRUE,"Mee oneens",FALSE,TRUE,FALSE,TRUE,FALSE,FALSE
2456,69,"65 tot 75 jaar",TRUE,TRUE,"Helemaal mee eens",TRUE,"Mee eens",TRUE,TRUE,TRUE,TRUE,TRUE,TRUE
2457,87,"75 jaar of ouder",FALSE,TRUE,"Niet mee eens, niet mee oneens",FALSE,"Mee eens",TRUE,TRUE,TRUE,TRUE,TRUE,TRUE
2458,28,"25 tot 35 jaar",TRUE,TRUE,"Helemaal mee eens",TRUE,"Helemaal mee eens",TRUE,TRUE,TRUE,TRUE,TRUE,TRUE
2459,83,"75 jaar of ouder",TRUE,TRUE,"Mee eens",TRUE,"Mee eens",TRUE,TRUE,FALSE,TRUE,TRUE,FALSE
2460,49,"45 tot 55 jaar",TRUE,TRUE,"Helemaal mee eens",TRUE,"Mee eens",TRUE,TRUE,TRUE,TRUE,TRUE,FALSE
2461,87,"75 jaar of ouder",FALSE,TRUE,"Mee eens",TRUE,"Niet mee eens, niet mee oneens",FALSE,TRUE,TRUE,TRUE,TRUE,FALSE
2462,46,"45 tot 55 jaar",TRUE,FALSE,"Niet mee eens, niet mee oneens",FALSE,"Niet mee eens, niet mee oneens",FALSE,FALSE,FALSE,FALSE,FALSE,FALSE
2463,79,"75 jaar of ouder",TRUE,TRUE,"Mee eens",TRUE,"Niet mee eens, niet mee oneens",FALSE,TRUE,TRUE,TRUE,TRUE,TRUE
2464,32,"25 tot 35 jaar",FALSE,TRUE,"Helemaal mee eens",TRUE,"Helemaal mee eens",TRUE,TRUE,TRUE,TRUE,TRUE,TRUE
2465,28,"25 tot 35 jaar",TRUE,TRUE,"Mee eens",TRUE,"Niet mee eens, niet mee oneens",FALSE,TRUE,TRUE,FALSE,FALSE,FALSE
2466,30,"25 tot 35 jaar",TRUE,FALSE,"Helemaal mee eens",TRUE,"Mee eens",TRUE,TRUE,TRUE,TRUE,TRUE,TRUE
2467,61,"55 tot 65 jaar",FALSE,TRUE,"Mee eens",TRUE,"Niet mee eens, niet mee oneens",FALSE,FALSE,TRUE,TRUE,FALSE,FALSE
2468,54,"45 tot 55 jaar",FALSE,TRUE,"Helemaal mee eens",TRUE,"Mee eens",TRUE,FALSE,TRUE,TRUE,TRUE,TRUE
2469,32,"25 tot 35 jaar",FALSE,TRUE,"Helemaal mee eens",TRUE,"Mee eens",TRUE,TRUE,TRUE,TRUE,TRUE,TRUE
2470,49,"45 tot 55 jaar",FALSE,TRUE,"Mee eens",TRUE,"Niet mee eens, niet mee oneens",FALSE,TRUE,TRUE,TRUE,TRUE,FALSE
2471,51,"45 tot 55 jaar",FALSE,TRUE,"Helemaal mee eens",TRUE,"Helemaal mee eens",TRUE,TRUE,TRUE,TRUE,TRUE,FALSE
2472,70,"65 tot 75 jaar",TRUE,TRUE,"Helemaal mee eens",TRUE,"Helemaal mee eens",TRUE,TRUE,FALSE,TRUE,TRUE,TRUE
2473,71,"65 tot 75 jaar",FALSE,TRUE,"Mee eens",TRUE,"Niet mee eens, niet mee oneens",FALSE,TRUE,TRUE,FALSE,TRUE,TRUE
2474,44,"35 tot 45 jaar",FALSE,TRUE,"Mee eens",TRUE,"Helemaal mee eens",TRUE,TRUE,TRUE,TRUE,TRUE,TRUE
2475,37,"35 tot 45 jaar",TRUE,TRUE,"Mee eens",TRUE,"Mee oneens",FALSE,TRUE,FALSE,FALSE,FALSE,FALSE
2476,44,"35 tot 45 jaar",TRUE,FALSE,"Niet mee eens, niet mee oneens",FALSE,"Niet mee eens, niet mee oneens",FALSE,TRUE,TRUE,FALSE,FALSE,TRUE
2477,34,"25 tot 35 jaar",FALSE,TRUE,"Helemaal mee eens",TRUE,"Mee eens",TRUE,TRUE,TRUE,FALSE,TRUE,TRUE
2478,48,"45 tot 55 jaar",TRUE,TRUE,"Helemaal mee eens",TRUE,"Helemaal mee eens",TRUE,TRUE,TRUE,TRUE,TRUE,TRUE
2479,22,"18 tot 25 jaar",FALSE,TRUE,"Helemaal mee eens",TRUE,"Mee eens",TRUE,TRUE,TRUE,FALSE,TRUE,TRUE
2480,54,"45 tot 55 jaar",TRUE,TRUE,"Mee eens",TRUE,"Mee eens",TRUE,TRUE,TRUE,FALSE,TRUE,TRUE
2481,23,"18 tot 25 jaar",TRUE,FALSE,"Niet mee eens, niet mee oneens",FALSE,"Mee eens",TRUE,TRUE,TRUE,TRUE,TRUE,FALSE
2482,32,"25 tot 35 jaar",FALSE,TRUE,"Mee eens",TRUE,"Niet mee eens, niet mee oneens",FALSE,TRUE,TRUE,FALSE,TRUE,FALSE
2483,40,"35 tot 45 jaar",FALSE,TRUE,"Mee eens",TRUE,"Mee eens",TRUE,TRUE,TRUE,FALSE,TRUE,TRUE
2484,42,"35 tot 45 jaar",TRUE,TRUE,"Niet mee eens, niet mee oneens",FALSE,"Mee oneens",FALSE,TRUE,TRUE,TRUE,TRUE,FALSE
2485,53,"45 tot 55 jaar",FALSE,TRUE,"Helemaal mee eens",TRUE,"Mee eens",TRUE,TRUE,FALSE,TRUE,TRUE,FALSE
2486,57,"55 tot 65 jaar",FALSE,TRUE,"Mee eens",TRUE,"Niet mee eens, niet mee oneens",FALSE,TRUE,TRUE,FALSE,FALSE,FALSE
2487,45,"45 tot 55 jaar",TRUE,TRUE,"Mee eens",TRUE,"Mee eens",TRUE,TRUE,TRUE,TRUE,TRUE,TRUE
2488,81,"75 jaar of ouder",TRUE,TRUE,"Helemaal mee eens",TRUE,"Mee eens",TRUE,TRUE,TRUE,TRUE,TRUE,TRUE
2489,58,"55 tot 65 jaar",FALSE,TRUE,"Niet mee eens, niet mee oneens",FALSE,"Mee eens",TRUE,TRUE,FALSE,FALSE,FALSE,TRUE
2490,21,"18 tot 25 jaar",FALSE,TRUE,"Mee oneens",FALSE,"Niet mee eens, niet mee oneens",FALSE,FALSE,FALSE,FALSE,FALSE,TRUE
2491,90,"75 jaar of ouder",FALSE,TRUE,"Mee eens",TRUE,"Niet mee eens, niet mee oneens",FALSE,FALSE,TRUE,TRUE,TRUE,FALSE
2492,31,"25 tot 35 jaar",FALSE,TRUE,"Helemaal mee eens",TRUE,"Mee eens",TRUE,TRUE,TRUE,TRUE,TRUE,TRUE
2493,30,"25 tot 35 jaar",FALSE,TRUE,"Mee eens",TRUE,"Mee eens",TRUE,TRUE,TRUE,TRUE,TRUE,TRUE
2494,64,"55 tot 65 jaar",FALSE,TRUE,"Helemaal mee eens",TRUE,"Mee eens",TRUE,TRUE,TRUE,TRUE,TRUE,TRUE
2495,44,"35 tot 45 jaar",TRUE,TRUE,"Niet mee eens, niet mee oneens",FALSE,"Mee eens",TRUE,FALSE,FALSE,TRUE,FALSE,FALSE
2496,83,"75 jaar of ouder",FALSE,TRUE,"Mee eens",TRUE,"Mee oneens",FALSE,TRUE,FALSE,FALSE,FALSE,FALSE
2497,31,"25 tot 35 jaar",FALSE,TRUE,"Mee eens",TRUE,"Mee eens",TRUE,FALSE,TRUE,TRUE,FALSE,TRUE
2498,42,"35 tot 45 jaar",TRUE,TRUE,"Helemaal mee eens",TRUE,"Mee eens",TRUE,TRUE,TRUE,TRUE,TRUE,TRUE
2499,65,"65 tot 75 jaar",TRUE,TRUE,"Helemaal mee eens",TRUE,"Mee eens",TRUE,TRUE,TRUE,FALSE,TRUE,TRUE
2500,31,"25 tot 35 jaar",FALSE,TRUE,"Mee eens",TRUE,"Niet mee eens, niet mee oneens",FALSE,TRUE,TRUE,TRUE,FALSE,FALSE
2501,68,"65 tot 75 jaar",FALSE,TRUE,"Helemaal mee eens",TRUE,"Helemaal mee eens",TRUE,TRUE,TRUE,TRUE,TRUE,TRUE
2502,53,"45 tot 55 jaar",FALSE,TRUE,"Niet mee eens, niet mee oneens",FALSE,"Mee oneens",FALSE,TRUE,TRUE,TRUE,FALSE,TRUE
2503,64,"55 tot 65 jaar",FALSE,TRUE,"Helemaal mee eens",TRUE,"Niet mee eens, niet mee oneens",FALSE,TRUE,TRUE,FALSE,TRUE,TRUE
2504,65,"65 tot 75 jaar",TRUE,TRUE,"Mee eens",TRUE,"Mee eens",TRUE,TRUE,TRUE,TRUE,TRUE,TRUE
2505,38,"35 tot 45 jaar",FALSE,TRUE,"Mee eens",TRUE,"Mee eens",TRUE,TRUE,TRUE,TRUE,FALSE,TRUE
2506,23,"18 tot 25 jaar",FALSE,TRUE,"Niet mee eens, niet mee oneens",FALSE,"Niet mee eens, niet mee oneens",FALSE,TRUE,TRUE,FALSE,FALSE,FALSE
2507,50,"45 tot 55 jaar",FALSE,TRUE,"Helemaal mee eens",TRUE,"Helemaal mee eens",TRUE,TRUE,TRUE,TRUE,TRUE,TRUE
2508,55,"55 tot 65 jaar",TRUE,FALSE,"Mee eens",TRUE,"Mee oneens",FALSE,FALSE,TRUE,FALSE,FALSE,TRUE
2509,42,"35 tot 45 jaar",FALSE,TRUE,"Mee eens",TRUE,"Niet mee eens, niet mee oneens",FALSE,TRUE,TRUE,FALSE,FALSE,FALSE
2510,26,"25 tot 35 jaar",FALSE,TRUE,"Helemaal mee eens",TRUE,"Helemaal mee eens",TRUE,TRUE,TRUE,TRUE,TRUE,TRUE
2511,31,"25 tot 35 jaar",FALSE,TRUE,"Mee eens",TRUE,"Mee oneens",FALSE,FALSE,FALSE,TRUE,TRUE,FALSE
2512,47,"45 tot 55 jaar",FALSE,TRUE,"Helemaal mee eens",TRUE,"Helemaal mee eens",TRUE,TRUE,TRUE,TRUE,TRUE,TRUE
2513,23,"18 tot 25 jaar",FALSE,TRUE,"Helemaal mee eens",TRUE,"Niet mee eens, niet mee oneens",FALSE,TRUE,TRUE,TRUE,FALSE,TRUE
2514,69,"65 tot 75 jaar",TRUE,TRUE,"Mee eens",TRUE,"Mee eens",TRUE,TRUE,TRUE,TRUE,TRUE,TRUE
2515,21,"18 tot 25 jaar",TRUE,TRUE,"Helemaal mee eens",TRUE,"Helemaal mee eens",TRUE,TRUE,TRUE,TRUE,TRUE,TRUE
2516,63,"55 tot 65 jaar",FALSE,TRUE,"Mee eens",TRUE,"Helemaal mee eens",TRUE,TRUE,TRUE,TRUE,TRUE,TRUE
2517,45,"45 tot 55 jaar",TRUE,TRUE,"Mee eens",TRUE,"Mee eens",TRUE,TRUE,TRUE,TRUE,TRUE,FALSE
2518,41,"35 tot 45 jaar",TRUE,TRUE,"Helemaal mee eens",TRUE,"Mee eens",TRUE,TRUE,TRUE,TRUE,TRUE,TRUE
2519,80,"75 jaar of ouder",FALSE,TRUE,"Niet mee eens, niet mee oneens",FALSE,"Mee oneens",FALSE,TRUE,TRUE,FALSE,FALSE,FALSE
2520,22,"18 tot 25 jaar",FALSE,TRUE,"Niet mee eens, niet mee oneens",FALSE,"Niet mee eens, niet mee oneens",FALSE,TRUE,FALSE,TRUE,FALSE,TRUE
2521,34,"25 tot 35 jaar",FALSE,TRUE,"Helemaal mee eens",TRUE,"Mee eens",TRUE,TRUE,FALSE,TRUE,TRUE,FALSE
2522,24,"18 tot 25 jaar",TRUE,TRUE,"Helemaal mee eens",TRUE,"Mee eens",TRUE,TRUE,TRUE,TRUE,TRUE,FALSE
2523,29,"25 tot 35 jaar",TRUE,TRUE,"Mee eens",TRUE,"Mee eens",TRUE,TRUE,TRUE,TRUE,FALSE,TRUE
2524,76,"75 jaar of ouder",FALSE,TRUE,"Mee eens",TRUE,"Mee eens",TRUE,TRUE,TRUE,FALSE,FALSE,TRUE
2525,59,"55 tot 65 jaar",TRUE,TRUE,"Mee eens",TRUE,"Helemaal mee eens",TRUE,TRUE,TRUE,TRUE,TRUE,TRUE
2526,19,"18 tot 25 jaar",FALSE,FALSE,"Mee eens",TRUE,"Mee oneens",FALSE,TRUE,TRUE,FALSE,TRUE,TRUE
2527,40,"35 tot 45 jaar",TRUE,TRUE,"Niet mee eens, niet mee oneens",FALSE,"Mee oneens",FALSE,FALSE,TRUE,TRUE,FALSE,FALSE
2528,72,"65 tot 75 jaar",FALSE,TRUE,"Helemaal mee eens",TRUE,"Mee eens",TRUE,TRUE,TRUE,TRUE,TRUE,TRUE
2529,29,"25 tot 35 jaar",TRUE,TRUE,"Mee eens",TRUE,"Niet mee eens, niet mee oneens",FALSE,TRUE,FALSE,TRUE,TRUE,TRUE
2530,69,"65 tot 75 jaar",FALSE,TRUE,"Mee eens",TRUE,"Helemaal mee eens",TRUE,TRUE,TRUE,TRUE,TRUE,TRUE
2531,54,"45 tot 55 jaar",FALSE,TRUE,"Mee eens",TRUE,"Niet mee eens, niet mee oneens",FALSE,TRUE,TRUE,TRUE,TRUE,TRUE
2532,66,"65 tot 75 jaar",TRUE,TRUE,"Mee eens",TRUE,"Mee eens",TRUE,FALSE,TRUE,TRUE,TRUE,TRUE
2533,51,"45 tot 55 jaar",TRUE,TRUE,"Mee eens",TRUE,"Helemaal mee eens",TRUE,TRUE,TRUE,TRUE,TRUE,TRUE
2534,44,"35 tot 45 jaar",TRUE,TRUE,"Helemaal mee eens",TRUE,"Mee eens",TRUE,TRUE,TRUE,TRUE,TRUE,TRUE
2535,83,"75 jaar of ouder",TRUE,TRUE,"Mee oneens",FALSE,"Niet mee eens, niet mee oneens",FALSE,FALSE,TRUE,FALSE,FALSE,FALSE
2536,27,"25 tot 35 jaar",TRUE,TRUE,"Mee eens",TRUE,"Mee eens",TRUE,TRUE,TRUE,TRUE,FALSE,TRUE
2537,44,"35 tot 45 jaar",TRUE,TRUE,"Helemaal mee eens",TRUE,"Mee eens",TRUE,TRUE,TRUE,TRUE,TRUE,TRUE
2538,52,"45 tot 55 jaar",TRUE,TRUE,"Mee eens",TRUE,"Helemaal mee eens",TRUE,TRUE,TRUE,TRUE,TRUE,TRUE
2539,47,"45 tot 55 jaar",FALSE,TRUE,"Mee oneens",FALSE,"Mee oneens",FALSE,TRUE,FALSE,FALSE,FALSE,FALSE
2540,39,"35 tot 45 jaar",FALSE,TRUE,"Mee eens",TRUE,"Niet mee eens, niet mee oneens",FALSE,FALSE,TRUE,TRUE,TRUE,FALSE
2541,71,"65 tot 75 jaar",TRUE,TRUE,"Mee eens",TRUE,"Niet mee eens, niet mee oneens",FALSE,TRUE,TRUE,TRUE,FALSE,FALSE
2542,58,"55 tot 65 jaar",FALSE,TRUE,"Helemaal mee eens",TRUE,"Helemaal mee eens",TRUE,TRUE,TRUE,TRUE,TRUE,FALSE
2543,19,"18 tot 25 jaar",TRUE,TRUE,"Mee eens",TRUE,"Mee eens",TRUE,TRUE,TRUE,TRUE,TRUE,TRUE
2544,74,"65 tot 75 jaar",TRUE,TRUE,"Helemaal mee eens",TRUE,"Helemaal mee eens",TRUE,TRUE,TRUE,TRUE,TRUE,TRUE
2545,59,"55 tot 65 jaar",TRUE,TRUE,"Mee eens",TRUE,"Mee eens",TRUE,FALSE,FALSE,TRUE,TRUE,TRUE
2546,62,"55 tot 65 jaar",TRUE,TRUE,"Helemaal mee eens",TRUE,"Mee eens",TRUE,TRUE,TRUE,TRUE,FALSE,TRUE
2547,65,"65 tot 75 jaar",TRUE,TRUE,"Mee oneens",FALSE,"Mee oneens",FALSE,FALSE,FALSE,FALSE,FALSE,FALSE
2548,59,"55 tot 65 jaar",FALSE,TRUE,"Mee eens",TRUE,"Niet mee eens, niet mee oneens",FALSE,TRUE,TRUE,FALSE,FALSE,TRUE
2549,30,"25 tot 35 jaar",FALSE,TRUE,"Niet mee eens, niet mee oneens",FALSE,"Niet mee eens, niet mee oneens",FALSE,TRUE,TRUE,FALSE,FALSE,TRUE
2550,58,"55 tot 65 jaar",FALSE,TRUE,"Mee eens",TRUE,"Niet mee eens, niet mee oneens",FALSE,TRUE,TRUE,TRUE,FALSE,FALSE
2551,85,"75 jaar of ouder",FALSE,FALSE,"Niet mee eens, niet mee oneens",FALSE,"Niet mee eens, niet mee oneens",FALSE,FALSE,FALSE,FALSE,FALSE,FALSE
2552,25,"25 tot 35 jaar",FALSE,TRUE,"Niet mee eens, niet mee oneens",FALSE,"Mee oneens",FALSE,TRUE,FALSE,TRUE,FALSE,FALSE
2553,82,"75 jaar of ouder",TRUE,FALSE,"Helemaal mee eens",TRUE,"Niet mee eens, niet mee oneens",FALSE,TRUE,TRUE,TRUE,TRUE,FALSE
2554,69,"65 tot 75 jaar",TRUE,TRUE,"Mee eens",TRUE,"Mee eens",TRUE,TRUE,TRUE,TRUE,TRUE,FALSE
2555,62,"55 tot 65 jaar",FALSE,TRUE,"Niet mee eens, niet mee oneens",FALSE,"Mee eens",TRUE,TRUE,TRUE,FALSE,FALSE,FALSE
2556,24,"18 tot 25 jaar",TRUE,TRUE,"Helemaal mee eens",TRUE,"Helemaal mee eens",TRUE,TRUE,TRUE,TRUE,TRUE,TRUE
2557,55,"55 tot 65 jaar",FALSE,TRUE,"Mee eens",TRUE,"Helemaal mee oneens",FALSE,FALSE,TRUE,FALSE,FALSE,FALSE
2558,55,"55 tot 65 jaar",FALSE,TRUE,"Mee eens",TRUE,"Niet mee eens, niet mee oneens",FALSE,FALSE,FALSE,TRUE,TRUE,FALSE
2559,57,"55 tot 65 jaar",TRUE,TRUE,"Mee eens",TRUE,"Mee eens",TRUE,TRUE,TRUE,TRUE,TRUE,TRUE
2560,61,"55 tot 65 jaar",TRUE,TRUE,"Helemaal mee eens",TRUE,"Mee eens",TRUE,TRUE,TRUE,TRUE,TRUE,TRUE
2561,34,"25 tot 35 jaar",FALSE,TRUE,"Mee eens",TRUE,"Niet mee eens, niet mee oneens",FALSE,TRUE,TRUE,FALSE,FALSE,TRUE
2562,85,"75 jaar of ouder",TRUE,TRUE,"Helemaal mee eens",TRUE,"Helemaal mee eens",TRUE,TRUE,TRUE,TRUE,TRUE,TRUE
2563,66,"65 tot 75 jaar",FALSE,TRUE,"Helemaal mee eens",TRUE,"Mee eens",TRUE,FALSE,TRUE,TRUE,TRUE,FALSE
2564,90,"75 jaar of ouder",TRUE,TRUE,"Helemaal mee eens",TRUE,"Mee eens",TRUE,FALSE,TRUE,FALSE,TRUE,TRUE
2565,20,"18 tot 25 jaar",FALSE,TRUE,"Mee eens",TRUE,"Niet mee eens, niet mee oneens",FALSE,TRUE,TRUE,TRUE,TRUE,TRUE
2566,32,"25 tot 35 jaar",FALSE,TRUE,"Mee eens",TRUE,"Niet mee eens, niet mee oneens",FALSE,FALSE,FALSE,TRUE,FALSE,FALSE
2567,80,"75 jaar of ouder",FALSE,TRUE,"Helemaal mee eens",TRUE,"Mee eens",TRUE,TRUE,TRUE,TRUE,TRUE,TRUE
2568,19,"18 tot 25 jaar",FALSE,FALSE,"Helemaal mee eens",TRUE,"Niet mee eens, niet mee oneens",FALSE,TRUE,FALSE,TRUE,FALSE,TRUE
2569,55,"55 tot 65 jaar",TRUE,TRUE,"Helemaal mee eens",TRUE,"Mee eens",TRUE,TRUE,TRUE,FALSE,TRUE,TRUE
2570,70,"65 tot 75 jaar",TRUE,TRUE,"Mee eens",TRUE,"Mee eens",TRUE,TRUE,TRUE,TRUE,TRUE,FALSE
2571,24,"18 tot 25 jaar",TRUE,TRUE,"Mee eens",TRUE,"Mee eens",TRUE,TRUE,TRUE,TRUE,TRUE,TRUE
2572,52,"45 tot 55 jaar",TRUE,TRUE,"Helemaal mee eens",TRUE,"Helemaal mee eens",TRUE,TRUE,TRUE,TRUE,TRUE,TRUE
2573,59,"55 tot 65 jaar",TRUE,FALSE,"Mee eens",TRUE,"Mee eens",TRUE,TRUE,TRUE,TRUE,TRUE,TRUE
2574,57,"55 tot 65 jaar",TRUE,TRUE,"Mee oneens",FALSE,"Niet mee eens, niet mee oneens",FALSE,FALSE,FALSE,FALSE,FALSE,FALSE
2575,43,"35 tot 45 jaar",FALSE,TRUE,"Helemaal mee eens",TRUE,"Helemaal mee eens",TRUE,TRUE,TRUE,TRUE,TRUE,TRUE
2576,78,"75 jaar of ouder",FALSE,TRUE,"Mee eens",TRUE,"Niet mee eens, niet mee oneens",FALSE,FALSE,TRUE,TRUE,FALSE,FALSE
2577,83,"75 jaar of ouder",TRUE,TRUE,"Mee eens",TRUE,"Niet mee eens, niet mee oneens",FALSE,TRUE,TRUE,TRUE,TRUE,FALSE
2578,55,"55 tot 65 jaar",TRUE,TRUE,"Helemaal mee eens",TRUE,"Mee eens",TRUE,TRUE,TRUE,TRUE,TRUE,TRUE
2579,78,"75 jaar of ouder",FALSE,TRUE,"Helemaal mee eens",TRUE,"Niet mee eens, niet mee oneens",FALSE,FALSE,FALSE,TRUE,TRUE,TRUE
2580,67,"65 tot 75 jaar",FALSE,TRUE,"Helemaal mee eens",TRUE,"Mee eens",TRUE,TRUE,TRUE,TRUE,TRUE,TRUE
2581,87,"75 jaar of ouder",FALSE,TRUE,"Mee eens",TRUE,"Niet mee eens, niet mee oneens",FALSE,TRUE,FALSE,FALSE,TRUE,TRUE
2582,54,"45 tot 55 jaar",FALSE,TRUE,"Mee eens",TRUE,"Mee eens",TRUE,TRUE,TRUE,TRUE,TRUE,FALSE
2583,86,"75 jaar of ouder",TRUE,TRUE,"Helemaal mee eens",TRUE,"Helemaal mee eens",TRUE,TRUE,TRUE,TRUE,TRUE,TRUE
2584,65,"65 tot 75 jaar",TRUE,TRUE,"Mee eens",TRUE,"Mee eens",TRUE,TRUE,TRUE,TRUE,TRUE,TRUE
2585,26,"25 tot 35 jaar",TRUE,TRUE,"Helemaal mee eens",TRUE,"Mee eens",TRUE,TRUE,TRUE,TRUE,TRUE,TRUE
2586,38,"35 tot 45 jaar",TRUE,TRUE,"Helemaal mee eens",TRUE,"Helemaal mee eens",TRUE,TRUE,TRUE,TRUE,TRUE,TRUE
2587,53,"45 tot 55 jaar",TRUE,TRUE,"Mee eens",TRUE,"Mee eens",TRUE,TRUE,TRUE,TRUE,TRUE,TRUE
2588,68,"65 tot 75 jaar",TRUE,TRUE,"Mee eens",TRUE,"Mee eens",TRUE,TRUE,TRUE,TRUE,TRUE,TRUE
2589,57,"55 tot 65 jaar",TRUE,TRUE,"Helemaal mee eens",TRUE,"Helemaal mee eens",TRUE,TRUE,TRUE,TRUE,TRUE,TRUE
2590,48,"45 tot 55 jaar",TRUE,TRUE,"Mee eens",TRUE,"Mee eens",TRUE,TRUE,TRUE,TRUE,TRUE,FALSE
2591,35,"35 tot 45 jaar",FALSE,TRUE,"Helemaal mee eens",TRUE,"Helemaal mee eens",TRUE,TRUE,TRUE,TRUE,TRUE,TRUE
2592,51,"45 tot 55 jaar",TRUE,TRUE,"Niet mee eens, niet mee oneens",FALSE,"Mee oneens",FALSE,FALSE,TRUE,FALSE,FALSE,FALSE
2593,73,"65 tot 75 jaar",FALSE,TRUE,"Mee eens",TRUE,"Mee eens",TRUE,TRUE,TRUE,TRUE,TRUE,TRUE
2594,68,"65 tot 75 jaar",TRUE,TRUE,"Niet mee eens, niet mee oneens",FALSE,"Mee oneens",FALSE,FALSE,FALSE,FALSE,FALSE,FALSE
2595,85,"75 jaar of ouder",FALSE,TRUE,"Helemaal mee eens",TRUE,"Helemaal mee eens",TRUE,TRUE,TRUE,TRUE,TRUE,TRUE
2596,51,"45 tot 55 jaar",TRUE,TRUE,"Mee eens",TRUE,"Mee eens",TRUE,TRUE,TRUE,TRUE,TRUE,TRUE
2597,36,"35 tot 45 jaar",FALSE,FALSE,"Helemaal mee eens",TRUE,"Helemaal mee eens",TRUE,TRUE,TRUE,TRUE,TRUE,TRUE
2598,19,"18 tot 25 jaar",TRUE,TRUE,"Mee eens",TRUE,"Niet mee eens, niet mee oneens",FALSE,TRUE,FALSE,FALSE,TRUE,TRUE
2599,79,"75 jaar of ouder",TRUE,TRUE,"Mee eens",TRUE,"Mee eens",TRUE,TRUE,FALSE,TRUE,TRUE,TRUE
2600,69,"65 tot 75 jaar",TRUE,TRUE,"Helemaal mee eens",TRUE,"Mee eens",TRUE,TRUE,TRUE,TRUE,TRUE,TRUE
2601,36,"35 tot 45 jaar",FALSE,FALSE,"Mee eens",TRUE,"Helemaal mee eens",TRUE,TRUE,TRUE,TRUE,TRUE,TRUE
2602,29,"25 tot 35 jaar",FALSE,TRUE,"Helemaal mee eens",TRUE,"Helemaal mee eens",TRUE,TRUE,TRUE,TRUE,TRUE,TRUE
2603,44,"35 tot 45 jaar",TRUE,TRUE,"Mee eens",TRUE,"Mee eens",TRUE,TRUE,TRUE,FALSE,FALSE,FALSE
2604,59,"55 tot 65 jaar",TRUE,TRUE,"Helemaal mee eens",TRUE,"Mee eens",TRUE,TRUE,TRUE,TRUE,TRUE,TRUE
2605,27,"25 tot 35 jaar",FALSE,TRUE,"Mee eens",TRUE,"Helemaal mee eens",TRUE,TRUE,TRUE,TRUE,TRUE,TRUE
2606,54,"45 tot 55 jaar",FALSE,TRUE,"Niet mee eens, niet mee oneens",FALSE,"Mee oneens",FALSE,TRUE,FALSE,TRUE,FALSE,TRUE
2607,34,"25 tot 35 jaar",TRUE,TRUE,"Mee eens",TRUE,"Mee eens",TRUE,TRUE,TRUE,TRUE,TRUE,FALSE
2608,49,"45 tot 55 jaar",FALSE,TRUE,"Helemaal mee eens",TRUE,"Helemaal mee eens",TRUE,TRUE,TRUE,TRUE,TRUE,TRUE
2609,37,"35 tot 45 jaar",TRUE,TRUE,"Helemaal mee eens",TRUE,"Mee eens",TRUE,TRUE,TRUE,TRUE,TRUE,TRUE
2610,43,"35 tot 45 jaar",FALSE,TRUE,"Mee eens",TRUE,"Helemaal mee eens",TRUE,TRUE,TRUE,TRUE,TRUE,TRUE
2611,28,"25 tot 35 jaar",TRUE,TRUE,"Mee eens",TRUE,"Mee eens",TRUE,TRUE,TRUE,FALSE,TRUE,TRUE
2612,41,"35 tot 45 jaar",TRUE,TRUE,"Helemaal mee eens",TRUE,"Helemaal mee eens",TRUE,TRUE,TRUE,TRUE,TRUE,FALSE
2613,68,"65 tot 75 jaar",FALSE,FALSE,"Helemaal mee eens",TRUE,"Helemaal mee eens",TRUE,TRUE,TRUE,TRUE,TRUE,TRUE
2614,65,"65 tot 75 jaar",TRUE,TRUE,"Mee eens",TRUE,"Niet mee eens, niet mee oneens",FALSE,FALSE,TRUE,FALSE,FALSE,FALSE
2615,22,"18 tot 25 jaar",FALSE,TRUE,"Niet mee eens, niet mee oneens",FALSE,"Mee oneens",FALSE,TRUE,TRUE,FALSE,FALSE,FALSE
2616,46,"45 tot 55 jaar",TRUE,TRUE,"Mee eens",TRUE,"Mee eens",TRUE,TRUE,FALSE,TRUE,TRUE,FALSE
2617,69,"65 tot 75 jaar",FALSE,TRUE,"Helemaal mee eens",TRUE,"Mee eens",TRUE,TRUE,TRUE,TRUE,TRUE,TRUE
2618,47,"45 tot 55 jaar",TRUE,TRUE,"Mee eens",TRUE,"Mee eens",TRUE,TRUE,TRUE,TRUE,TRUE,TRUE
2619,52,"45 tot 55 jaar",TRUE,TRUE,"Helemaal mee eens",TRUE,"Helemaal mee eens",TRUE,TRUE,TRUE,TRUE,TRUE,TRUE
2620,58,"55 tot 65 jaar",FALSE,TRUE,"Mee eens",TRUE,"Helemaal mee eens",TRUE,TRUE,TRUE,TRUE,TRUE,TRUE
2621,63,"55 tot 65 jaar",FALSE,TRUE,"Mee eens",TRUE,"Mee eens",TRUE,TRUE,TRUE,FALSE,FALSE,TRUE
2622,37,"35 tot 45 jaar",FALSE,TRUE,"Mee eens",TRUE,"Mee eens",TRUE,TRUE,TRUE,TRUE,TRUE,TRUE
2623,28,"25 tot 35 jaar",TRUE,TRUE,"Mee eens",TRUE,"Mee eens",TRUE,TRUE,TRUE,TRUE,TRUE,TRUE
2624,54,"45 tot 55 jaar",TRUE,TRUE,"Mee eens",TRUE,"Mee eens",TRUE,TRUE,TRUE,TRUE,TRUE,TRUE
2625,47,"45 tot 55 jaar",FALSE,TRUE,"Mee eens",TRUE,"Mee eens",TRUE,TRUE,TRUE,FALSE,TRUE,TRUE
2626,72,"65 tot 75 jaar",TRUE,TRUE,"Helemaal mee eens",TRUE,"Helemaal mee eens",TRUE,TRUE,TRUE,TRUE,TRUE,TRUE
2627,69,"65 tot 75 jaar",FALSE,TRUE,"Helemaal mee eens",TRUE,"Helemaal mee eens",TRUE,TRUE,TRUE,TRUE,TRUE,TRUE
2628,49,"45 tot 55 jaar",TRUE,TRUE,"Helemaal mee eens",TRUE,"Helemaal mee eens",TRUE,TRUE,TRUE,TRUE,TRUE,TRUE
2629,57,"55 tot 65 jaar",FALSE,TRUE,"Mee eens",TRUE,"Mee eens",TRUE,TRUE,FALSE,TRUE,FALSE,TRUE
2630,54,"45 tot 55 jaar",FALSE,TRUE,"Helemaal mee eens",TRUE,"Helemaal mee eens",TRUE,TRUE,TRUE,TRUE,TRUE,TRUE
2631,21,"18 tot 25 jaar",TRUE,TRUE,"Mee eens",TRUE,"Niet mee eens, niet mee oneens",FALSE,TRUE,TRUE,TRUE,TRUE,TRUE
2632,49,"45 tot 55 jaar",FALSE,TRUE,"Helemaal mee eens",TRUE,"Mee eens",TRUE,TRUE,TRUE,TRUE,TRUE,TRUE
2633,56,"55 tot 65 jaar",TRUE,TRUE,"Mee eens",TRUE,"Mee eens",TRUE,TRUE,FALSE,FALSE,TRUE,TRUE
2634,43,"35 tot 45 jaar",TRUE,TRUE,"Helemaal mee eens",TRUE,"Helemaal mee eens",TRUE,TRUE,TRUE,TRUE,TRUE,TRUE
2635,61,"55 tot 65 jaar",TRUE,TRUE,"Mee eens",TRUE,"Mee eens",TRUE,TRUE,TRUE,TRUE,TRUE,TRUE
2636,20,"18 tot 25 jaar",FALSE,TRUE,"Mee eens",TRUE,"Mee eens",TRUE,FALSE,TRUE,FALSE,TRUE,FALSE
2637,55,"55 tot 65 jaar",TRUE,TRUE,"Helemaal mee eens",TRUE,"Mee eens",TRUE,TRUE,TRUE,TRUE,TRUE,TRUE
2638,57,"55 tot 65 jaar",TRUE,TRUE,"Helemaal mee eens",TRUE,"Mee eens",TRUE,TRUE,TRUE,TRUE,TRUE,TRUE
2639,58,"55 tot 65 jaar",TRUE,TRUE,"Helemaal mee eens",TRUE,"Helemaal mee eens",TRUE,TRUE,TRUE,TRUE,TRUE,TRUE
2640,35,"35 tot 45 jaar",TRUE,TRUE,"Helemaal mee eens",TRUE,"Helemaal mee eens",TRUE,TRUE,TRUE,TRUE,TRUE,TRUE
2641,65,"65 tot 75 jaar",FALSE,FALSE,"Helemaal mee eens",TRUE,"Mee eens",TRUE,TRUE,TRUE,TRUE,TRUE,TRUE
2642,85,"75 jaar of ouder",TRUE,TRUE,"Helemaal mee eens",TRUE,"Niet mee eens, niet mee oneens",FALSE,TRUE,TRUE,FALSE,FALSE,TRUE
2643,25,"25 tot 35 jaar",FALSE,TRUE,"Mee eens",TRUE,"Niet mee eens, niet mee oneens",FALSE,TRUE,TRUE,TRUE,FALSE,FALSE
2644,48,"45 tot 55 jaar",TRUE,TRUE,"Mee eens",TRUE,"Helemaal mee oneens",FALSE,FALSE,TRUE,TRUE,TRUE,FALSE
2645,77,"75 jaar of ouder",TRUE,TRUE,"Mee eens",TRUE,"Mee eens",TRUE,TRUE,TRUE,TRUE,TRUE,TRUE
2646,76,"75 jaar of ouder",FALSE,TRUE,"Niet mee eens, niet mee oneens",FALSE,"Niet mee eens, niet mee oneens",FALSE,TRUE,TRUE,TRUE,TRUE,TRUE
2647,25,"25 tot 35 jaar",FALSE,TRUE,"Helemaal mee eens",TRUE,"Helemaal mee eens",TRUE,TRUE,TRUE,FALSE,TRUE,TRUE
2648,49,"45 tot 55 jaar",TRUE,FALSE,"Niet mee eens, niet mee oneens",FALSE,"Niet mee eens, niet mee oneens",FALSE,TRUE,TRUE,TRUE,TRUE,TRUE
2649,30,"25 tot 35 jaar",TRUE,TRUE,"Mee eens",TRUE,"Niet mee eens, niet mee oneens",FALSE,FALSE,TRUE,FALSE,FALSE,FALSE
2650,26,"25 tot 35 jaar",FALSE,TRUE,"Helemaal mee eens",TRUE,"Helemaal mee eens",TRUE,TRUE,FALSE,TRUE,TRUE,TRUE
2651,31,"25 tot 35 jaar",TRUE,TRUE,"Helemaal mee eens",TRUE,"Mee eens",TRUE,TRUE,TRUE,TRUE,TRUE,TRUE
2652,81,"75 jaar of ouder",TRUE,TRUE,"Mee eens",TRUE,"Mee eens",TRUE,FALSE,FALSE,TRUE,TRUE,FALSE
2653,49,"45 tot 55 jaar",TRUE,TRUE,"Mee eens",TRUE,"Mee eens",TRUE,TRUE,FALSE,TRUE,TRUE,FALSE
2654,54,"45 tot 55 jaar",TRUE,TRUE,"Mee eens",TRUE,"Mee eens",TRUE,TRUE,FALSE,TRUE,TRUE,TRUE
2655,65,"65 tot 75 jaar",TRUE,TRUE,"Mee eens",TRUE,"Mee eens",TRUE,TRUE,FALSE,TRUE,TRUE,TRUE
2656,77,"75 jaar of ouder",TRUE,TRUE,"Mee eens",TRUE,"Mee eens",TRUE,TRUE,TRUE,TRUE,TRUE,TRUE
2657,33,"25 tot 35 jaar",FALSE,TRUE,"Helemaal mee eens",TRUE,"Helemaal mee eens",TRUE,TRUE,TRUE,TRUE,TRUE,TRUE
2658,88,"75 jaar of ouder",TRUE,TRUE,"Helemaal mee eens",TRUE,"Mee eens",TRUE,TRUE,TRUE,TRUE,TRUE,TRUE
2659,64,"55 tot 65 jaar",TRUE,TRUE,"Mee eens",TRUE,"Helemaal mee eens",TRUE,TRUE,TRUE,TRUE,TRUE,TRUE
2660,31,"25 tot 35 jaar",TRUE,TRUE,"Helemaal mee eens",TRUE,"Helemaal mee eens",TRUE,TRUE,FALSE,TRUE,TRUE,TRUE
2661,48,"45 tot 55 jaar",FALSE,TRUE,"Mee eens",TRUE,"Mee eens",TRUE,TRUE,TRUE,TRUE,TRUE,TRUE
2662,56,"55 tot 65 jaar",FALSE,TRUE,"Helemaal mee oneens",FALSE,"Niet mee eens, niet mee oneens",FALSE,TRUE,TRUE,FALSE,FALSE,FALSE
2663,74,"65 tot 75 jaar",FALSE,TRUE,"Mee eens",TRUE,"Mee eens",TRUE,TRUE,TRUE,TRUE,TRUE,TRUE
2664,59,"55 tot 65 jaar",FALSE,TRUE,"Mee eens",TRUE,"Mee eens",TRUE,TRUE,TRUE,TRUE,TRUE,TRUE
2665,42,"35 tot 45 jaar",FALSE,TRUE,"Helemaal mee eens",TRUE,"Helemaal mee eens",TRUE,TRUE,TRUE,TRUE,TRUE,TRUE
2666,55,"55 tot 65 jaar",FALSE,TRUE,"Mee eens",TRUE,"Mee eens",TRUE,TRUE,TRUE,TRUE,TRUE,TRUE
2667,77,"75 jaar of ouder",TRUE,TRUE,"Mee eens",TRUE,"Mee eens",TRUE,TRUE,TRUE,TRUE,TRUE,TRUE
2668,21,"18 tot 25 jaar",TRUE,TRUE,"Mee eens",TRUE,"Mee eens",TRUE,TRUE,TRUE,FALSE,TRUE,FALSE
2669,60,"55 tot 65 jaar",TRUE,TRUE,"Mee eens",TRUE,"Mee oneens",FALSE,FALSE,FALSE,FALSE,FALSE,FALSE
2670,54,"45 tot 55 jaar",FALSE,TRUE,"Mee eens",TRUE,"Mee oneens",FALSE,TRUE,TRUE,TRUE,FALSE,TRUE
2671,53,"45 tot 55 jaar",FALSE,TRUE,"Mee eens",TRUE,"Mee eens",TRUE,TRUE,TRUE,TRUE,TRUE,TRUE
2672,25,"25 tot 35 jaar",FALSE,TRUE,"Helemaal mee eens",TRUE,"Helemaal mee eens",TRUE,TRUE,TRUE,TRUE,TRUE,TRUE
2673,69,"65 tot 75 jaar",FALSE,TRUE,"Helemaal mee eens",TRUE,"Mee eens",TRUE,FALSE,FALSE,TRUE,TRUE,FALSE
2674,62,"55 tot 65 jaar",TRUE,TRUE,"Mee eens",TRUE,"Mee eens",TRUE,TRUE,FALSE,TRUE,TRUE,TRUE
2675,24,"18 tot 25 jaar",FALSE,TRUE,"Helemaal mee eens",TRUE,"Helemaal mee eens",TRUE,TRUE,TRUE,TRUE,TRUE,TRUE
2676,67,"65 tot 75 jaar",FALSE,TRUE,"Niet mee eens, niet mee oneens",FALSE,"Mee oneens",FALSE,FALSE,TRUE,TRUE,FALSE,FALSE
2677,89,"75 jaar of ouder",FALSE,TRUE,"Niet mee eens, niet mee oneens",FALSE,"Niet mee eens, niet mee oneens",FALSE,TRUE,FALSE,FALSE,FALSE,FALSE
2678,35,"35 tot 45 jaar",TRUE,TRUE,"Niet mee eens, niet mee oneens",FALSE,"Mee eens",TRUE,TRUE,FALSE,FALSE,TRUE,TRUE
2679,56,"55 tot 65 jaar",FALSE,TRUE,"Niet mee eens, niet mee oneens",FALSE,"Mee oneens",FALSE,TRUE,TRUE,FALSE,FALSE,FALSE
2680,40,"35 tot 45 jaar",TRUE,TRUE,"Mee eens",TRUE,"Mee eens",TRUE,FALSE,FALSE,FALSE,TRUE,TRUE
2681,82,"75 jaar of ouder",TRUE,TRUE,"Mee eens",TRUE,"Mee eens",TRUE,TRUE,TRUE,TRUE,TRUE,TRUE
2682,90,"75 jaar of ouder",FALSE,TRUE,"Helemaal mee eens",TRUE,"Niet mee eens, niet mee oneens",FALSE,TRUE,FALSE,TRUE,TRUE,TRUE
2683,36,"35 tot 45 jaar",TRUE,TRUE,"Mee oneens",FALSE,"Mee oneens",FALSE,TRUE,TRUE,FALSE,FALSE,FALSE
2684,62,"55 tot 65 jaar",FALSE,TRUE,"Mee eens",TRUE,"Niet mee eens, niet mee oneens",FALSE,TRUE,FALSE,FALSE,FALSE,FALSE
2685,71,"65 tot 75 jaar",FALSE,TRUE,"Mee eens",TRUE,"Mee oneens",FALSE,TRUE,TRUE,FALSE,FALSE,TRUE
2686,27,"25 tot 35 jaar",TRUE,TRUE,"Helemaal mee eens",TRUE,"Mee eens",TRUE,TRUE,TRUE,TRUE,TRUE,TRUE
2687,74,"65 tot 75 jaar",TRUE,TRUE,"Helemaal mee eens",TRUE,"Helemaal mee eens",TRUE,TRUE,TRUE,TRUE,TRUE,TRUE
2688,78,"75 jaar of ouder",TRUE,TRUE,"Mee oneens",FALSE,"Helemaal mee oneens",FALSE,TRUE,FALSE,FALSE,FALSE,FALSE
2689,51,"45 tot 55 jaar",TRUE,TRUE,"Helemaal mee eens",TRUE,"Mee eens",TRUE,TRUE,TRUE,TRUE,TRUE,TRUE
2690,74,"65 tot 75 jaar",FALSE,TRUE,"Helemaal mee eens",TRUE,"Mee eens",TRUE,TRUE,TRUE,TRUE,TRUE,TRUE
2691,55,"55 tot 65 jaar",TRUE,TRUE,"Helemaal mee eens",TRUE,"Helemaal mee eens",TRUE,TRUE,TRUE,TRUE,TRUE,TRUE
2692,20,"18 tot 25 jaar",FALSE,FALSE,"Niet mee eens, niet mee oneens",FALSE,"Helemaal mee eens",TRUE,TRUE,TRUE,TRUE,TRUE,FALSE
2693,62,"55 tot 65 jaar",TRUE,TRUE,"Helemaal mee eens",TRUE,"Mee eens",TRUE,TRUE,TRUE,TRUE,TRUE,TRUE
2694,54,"45 tot 55 jaar",TRUE,TRUE,"Mee eens",TRUE,"Helemaal mee eens",TRUE,TRUE,TRUE,FALSE,TRUE,TRUE
2695,61,"55 tot 65 jaar",FALSE,TRUE,"Helemaal mee eens",TRUE,"Mee eens",TRUE,TRUE,TRUE,TRUE,TRUE,FALSE
2696,69,"65 tot 75 jaar",FALSE,TRUE,"Mee eens",TRUE,"Niet mee eens, niet mee oneens",FALSE,TRUE,TRUE,FALSE,FALSE,TRUE
2697,48,"45 tot 55 jaar",TRUE,TRUE,"Mee eens",TRUE,"Mee eens",TRUE,TRUE,TRUE,TRUE,TRUE,TRUE
2698,26,"25 tot 35 jaar",FALSE,TRUE,"Helemaal mee eens",TRUE,"Helemaal mee eens",TRUE,TRUE,TRUE,TRUE,TRUE,TRUE
2699,88,"75 jaar of ouder",FALSE,TRUE,"Helemaal mee eens",TRUE,"Helemaal mee eens",TRUE,TRUE,TRUE,TRUE,TRUE,TRUE
2700,42,"35 tot 45 jaar",TRUE,TRUE,"Mee eens",TRUE,"Mee eens",TRUE,TRUE,TRUE,TRUE,TRUE,TRUE
2701,26,"25 tot 35 jaar",FALSE,TRUE,"Mee eens",TRUE,"Mee eens",TRUE,TRUE,TRUE,TRUE,TRUE,TRUE
2702,47,"45 tot 55 jaar",TRUE,TRUE,"Mee eens",TRUE,"Mee eens",TRUE,TRUE,TRUE,TRUE,FALSE,FALSE
2703,25,"25 tot 35 jaar",FALSE,TRUE,"Helemaal mee eens",TRUE,"Mee eens",TRUE,TRUE,TRUE,FALSE,TRUE,FALSE
2704,70,"65 tot 75 jaar",FALSE,TRUE,"Mee eens",TRUE,"Niet mee eens, niet mee oneens",FALSE,TRUE,TRUE,FALSE,TRUE,FALSE
2705,40,"35 tot 45 jaar",FALSE,TRUE,"Mee eens",TRUE,"Mee eens",TRUE,TRUE,TRUE,TRUE,TRUE,TRUE
2706,77,"75 jaar of ouder",FALSE,TRUE,"Helemaal mee eens",TRUE,"Helemaal mee eens",TRUE,TRUE,TRUE,TRUE,TRUE,TRUE
2707,38,"35 tot 45 jaar",FALSE,TRUE,"Mee eens",TRUE,"Mee eens",TRUE,TRUE,TRUE,TRUE,FALSE,FALSE
2708,84,"75 jaar of ouder",TRUE,TRUE,"Mee eens",TRUE,"Niet mee eens, niet mee oneens",FALSE,TRUE,TRUE,TRUE,TRUE,TRUE
2709,68,"65 tot 75 jaar",TRUE,TRUE,"Helemaal mee eens",TRUE,"Helemaal mee eens",TRUE,TRUE,TRUE,TRUE,TRUE,TRUE
2710,30,"25 tot 35 jaar",FALSE,TRUE,"Mee eens",TRUE,"Niet mee eens, niet mee oneens",FALSE,TRUE,TRUE,TRUE,FALSE,FALSE
2711,41,"35 tot 45 jaar",TRUE,TRUE,"Mee eens",TRUE,"Mee eens",TRUE,FALSE,TRUE,TRUE,TRUE,FALSE
2712,51,"45 tot 55 jaar",FALSE,TRUE,"Niet mee eens, niet mee oneens",FALSE,"Mee oneens",FALSE,FALSE,TRUE,FALSE,FALSE,FALSE
2713,28,"25 tot 35 jaar",TRUE,TRUE,"Mee eens",TRUE,"Mee eens",TRUE,TRUE,TRUE,FALSE,TRUE,TRUE
2714,67,"65 tot 75 jaar",FALSE,TRUE,"Niet mee eens, niet mee oneens",FALSE,"Niet mee eens, niet mee oneens",FALSE,FALSE,TRUE,TRUE,FALSE,FALSE
2715,30,"25 tot 35 jaar",FALSE,TRUE,"Helemaal mee eens",TRUE,"Helemaal mee eens",TRUE,TRUE,TRUE,TRUE,TRUE,TRUE
2716,45,"45 tot 55 jaar",FALSE,TRUE,"Niet mee eens, niet mee oneens",FALSE,"Niet mee eens, niet mee oneens",FALSE,TRUE,TRUE,TRUE,FALSE,TRUE
2717,21,"18 tot 25 jaar",TRUE,TRUE,"Niet mee eens, niet mee oneens",FALSE,"Mee eens",TRUE,FALSE,TRUE,FALSE,TRUE,FALSE
2718,63,"55 tot 65 jaar",FALSE,TRUE,"Helemaal mee eens",TRUE,"Mee eens",TRUE,TRUE,TRUE,TRUE,TRUE,FALSE
2719,43,"35 tot 45 jaar",FALSE,TRUE,"Niet mee eens, niet mee oneens",FALSE,"Mee oneens",FALSE,FALSE,TRUE,FALSE,TRUE,TRUE
2720,68,"65 tot 75 jaar",FALSE,TRUE,"Helemaal mee eens",TRUE,"Mee eens",TRUE,TRUE,FALSE,TRUE,TRUE,TRUE
2721,40,"35 tot 45 jaar",TRUE,TRUE,"Mee eens",TRUE,"Mee oneens",FALSE,FALSE,TRUE,FALSE,TRUE,FALSE
2722,34,"25 tot 35 jaar",TRUE,TRUE,"Mee eens",TRUE,"Mee eens",TRUE,TRUE,TRUE,TRUE,FALSE,TRUE
2723,59,"55 tot 65 jaar",FALSE,TRUE,"Helemaal mee eens",TRUE,"Helemaal mee eens",TRUE,TRUE,TRUE,TRUE,TRUE,TRUE
2724,55,"55 tot 65 jaar",FALSE,TRUE,"Mee eens",TRUE,"Mee oneens",FALSE,TRUE,FALSE,FALSE,FALSE,TRUE
2725,63,"55 tot 65 jaar",TRUE,TRUE,"Helemaal mee eens",TRUE,"Mee eens",TRUE,TRUE,TRUE,TRUE,TRUE,TRUE
2726,52,"45 tot 55 jaar",FALSE,TRUE,"Mee eens",TRUE,"Mee eens",TRUE,TRUE,TRUE,TRUE,TRUE,TRUE
2727,62,"55 tot 65 jaar",TRUE,TRUE,"Helemaal mee eens",TRUE,"Mee eens",TRUE,TRUE,TRUE,TRUE,TRUE,FALSE
2728,31,"25 tot 35 jaar",FALSE,TRUE,"Mee oneens",FALSE,"Mee oneens",FALSE,FALSE,TRUE,FALSE,FALSE,FALSE
2729,61,"55 tot 65 jaar",TRUE,TRUE,"Helemaal mee eens",TRUE,"Mee eens",TRUE,TRUE,TRUE,TRUE,TRUE,FALSE
2730,19,"18 tot 25 jaar",FALSE,TRUE,"Helemaal mee eens",TRUE,"Niet mee eens, niet mee oneens",FALSE,TRUE,TRUE,TRUE,TRUE,TRUE
2731,69,"65 tot 75 jaar",FALSE,TRUE,"Mee eens",TRUE,"Mee eens",TRUE,FALSE,TRUE,TRUE,FALSE,FALSE
2732,27,"25 tot 35 jaar",TRUE,TRUE,"Helemaal mee eens",TRUE,"Mee eens",TRUE,TRUE,TRUE,TRUE,TRUE,TRUE
2733,22,"18 tot 25 jaar",FALSE,TRUE,"Helemaal mee eens",TRUE,"Mee eens",TRUE,TRUE,TRUE,TRUE,TRUE,TRUE
2734,23,"18 tot 25 jaar",TRUE,TRUE,"Helemaal mee eens",TRUE,"Helemaal mee eens",TRUE,TRUE,TRUE,TRUE,TRUE,TRUE
2735,25,"25 tot 35 jaar",FALSE,TRUE,"Helemaal mee eens",TRUE,"Mee eens",TRUE,TRUE,TRUE,TRUE,TRUE,FALSE
2736,74,"65 tot 75 jaar",TRUE,TRUE,"Mee eens",TRUE,"Niet mee eens, niet mee oneens",FALSE,TRUE,FALSE,TRUE,TRUE,FALSE
2737,38,"35 tot 45 jaar",FALSE,TRUE,"Mee eens",TRUE,"Niet mee eens, niet mee oneens",FALSE,TRUE,TRUE,TRUE,TRUE,TRUE
2738,20,"18 tot 25 jaar",FALSE,TRUE,"Mee eens",TRUE,"Niet mee eens, niet mee oneens",FALSE,TRUE,TRUE,TRUE,TRUE,TRUE
2739,79,"75 jaar of ouder",FALSE,TRUE,"Niet mee eens, niet mee oneens",FALSE,"Niet mee eens, niet mee oneens",FALSE,FALSE,TRUE,TRUE,TRUE,TRUE
2740,90,"75 jaar of ouder",TRUE,TRUE,"Helemaal mee eens",TRUE,"Mee eens",TRUE,TRUE,FALSE,TRUE,TRUE,TRUE
2741,62,"55 tot 65 jaar",FALSE,TRUE,"Mee eens",TRUE,"Helemaal mee eens",TRUE,TRUE,TRUE,TRUE,TRUE,TRUE
2742,59,"55 tot 65 jaar",TRUE,TRUE,"Helemaal mee eens",TRUE,"Mee eens",TRUE,TRUE,FALSE,TRUE,TRUE,FALSE
2743,83,"75 jaar of ouder",FALSE,TRUE,"Niet mee eens, niet mee oneens",FALSE,"Mee oneens",FALSE,FALSE,FALSE,FALSE,FALSE,FALSE
2744,54,"45 tot 55 jaar",FALSE,TRUE,"Niet mee eens, niet mee oneens",FALSE,"Niet mee eens, niet mee oneens",FALSE,TRUE,TRUE,FALSE,TRUE,TRUE
2745,55,"55 tot 65 jaar",TRUE,TRUE,"Mee eens",TRUE,"Mee eens",TRUE,TRUE,TRUE,TRUE,TRUE,TRUE
2746,37,"35 tot 45 jaar",FALSE,TRUE,"Mee eens",TRUE,"Helemaal mee eens",TRUE,TRUE,TRUE,TRUE,TRUE,TRUE
2747,53,"45 tot 55 jaar",FALSE,TRUE,"Helemaal mee eens",TRUE,"Helemaal mee eens",TRUE,TRUE,TRUE,TRUE,TRUE,TRUE
2748,42,"35 tot 45 jaar",TRUE,TRUE,"Helemaal mee eens",TRUE,"Mee eens",TRUE,TRUE,TRUE,TRUE,TRUE,TRUE
2749,55,"55 tot 65 jaar",FALSE,TRUE,"Niet mee eens, niet mee oneens",FALSE,"Niet mee eens, niet mee oneens",FALSE,TRUE,FALSE,FALSE,FALSE,FALSE
2750,69,"65 tot 75 jaar",FALSE,TRUE,"Mee eens",TRUE,"Mee eens",TRUE,TRUE,TRUE,TRUE,TRUE,FALSE
2751,89,"75 jaar of ouder",TRUE,TRUE,"Helemaal mee eens",TRUE,"Helemaal mee eens",TRUE,TRUE,TRUE,TRUE,TRUE,TRUE
2752,18,"18 tot 25 jaar",FALSE,TRUE,"Mee eens",TRUE,"Mee eens",TRUE,TRUE,TRUE,TRUE,TRUE,TRUE
2753,53,"45 tot 55 jaar",TRUE,TRUE,"Mee eens",TRUE,"Mee eens",TRUE,FALSE,TRUE,FALSE,TRUE,FALSE
2754,42,"35 tot 45 jaar",FALSE,TRUE,"Mee eens",TRUE,"Niet mee eens, niet mee oneens",FALSE,FALSE,TRUE,TRUE,TRUE,FALSE
2755,65,"65 tot 75 jaar",FALSE,TRUE,"Helemaal mee eens",TRUE,"Mee eens",TRUE,TRUE,TRUE,TRUE,TRUE,TRUE
2756,77,"75 jaar of ouder",FALSE,TRUE,"Mee eens",TRUE,"Niet mee eens, niet mee oneens",FALSE,TRUE,TRUE,TRUE,FALSE,FALSE
2757,62,"55 tot 65 jaar",TRUE,TRUE,"Helemaal mee eens",TRUE,"Niet mee eens, niet mee oneens",FALSE,TRUE,FALSE,FALSE,TRUE,FALSE
2758,31,"25 tot 35 jaar",FALSE,TRUE,"Mee eens",TRUE,"Mee eens",TRUE,TRUE,TRUE,TRUE,TRUE,TRUE
2759,62,"55 tot 65 jaar",FALSE,TRUE,"Helemaal mee eens",TRUE,"Mee eens",TRUE,TRUE,FALSE,TRUE,TRUE,FALSE
2760,34,"25 tot 35 jaar",TRUE,TRUE,"Helemaal mee eens",TRUE,"Mee eens",TRUE,TRUE,TRUE,TRUE,TRUE,TRUE
2761,60,"55 tot 65 jaar",TRUE,TRUE,"Mee eens",TRUE,"Mee eens",TRUE,FALSE,TRUE,TRUE,FALSE,TRUE
2762,50,"45 tot 55 jaar",TRUE,TRUE,"Helemaal mee eens",TRUE,"Mee eens",TRUE,TRUE,FALSE,TRUE,TRUE,TRUE
2763,45,"45 tot 55 jaar",TRUE,TRUE,"Mee eens",TRUE,"Mee oneens",FALSE,TRUE,TRUE,TRUE,FALSE,TRUE
2764,43,"35 tot 45 jaar",FALSE,TRUE,"Mee eens",TRUE,"Niet mee eens, niet mee oneens",FALSE,TRUE,TRUE,FALSE,FALSE,TRUE
2765,37,"35 tot 45 jaar",TRUE,TRUE,"Helemaal mee eens",TRUE,"Helemaal mee eens",TRUE,TRUE,TRUE,TRUE,TRUE,TRUE
2766,51,"45 tot 55 jaar",FALSE,TRUE,"Helemaal mee eens",TRUE,"Helemaal mee eens",TRUE,TRUE,TRUE,TRUE,TRUE,TRUE
2767,47,"45 tot 55 jaar",FALSE,TRUE,"Mee eens",TRUE,"Niet mee eens, niet mee oneens",FALSE,TRUE,TRUE,TRUE,TRUE,TRUE
2768,47,"45 tot 55 jaar",TRUE,TRUE,"Helemaal mee eens",TRUE,"Mee eens",TRUE,TRUE,TRUE,TRUE,TRUE,TRUE
2769,50,"45 tot 55 jaar",FALSE,TRUE,"Helemaal mee eens",TRUE,"Mee eens",TRUE,TRUE,TRUE,TRUE,TRUE,FALSE
2770,90,"75 jaar of ouder",FALSE,TRUE,"Mee eens",TRUE,"Niet mee eens, niet mee oneens",FALSE,TRUE,TRUE,TRUE,TRUE,TRUE
2771,62,"55 tot 65 jaar",FALSE,TRUE,"Helemaal mee eens",TRUE,"Niet mee eens, niet mee oneens",FALSE,TRUE,TRUE,TRUE,TRUE,TRUE
2772,76,"75 jaar of ouder",FALSE,TRUE,"Mee eens",TRUE,"Mee eens",TRUE,TRUE,TRUE,TRUE,TRUE,TRUE
2773,47,"45 tot 55 jaar",FALSE,TRUE,"Mee eens",TRUE,"Mee eens",TRUE,FALSE,FALSE,TRUE,TRUE,FALSE
2774,30,"25 tot 35 jaar",TRUE,TRUE,"Niet mee eens, niet mee oneens",FALSE,"Mee eens",TRUE,FALSE,FALSE,FALSE,FALSE,FALSE
2775,27,"25 tot 35 jaar",TRUE,TRUE,"Helemaal mee eens",TRUE,"Mee eens",TRUE,TRUE,TRUE,TRUE,TRUE,TRUE
2776,56,"55 tot 65 jaar",TRUE,TRUE,"Helemaal mee eens",TRUE,"Helemaal mee eens",TRUE,TRUE,TRUE,TRUE,TRUE,TRUE
2777,50,"45 tot 55 jaar",TRUE,TRUE,"Helemaal mee eens",TRUE,"Mee eens",TRUE,TRUE,TRUE,TRUE,TRUE,TRUE
2778,34,"25 tot 35 jaar",TRUE,TRUE,"Helemaal mee eens",TRUE,"Mee eens",TRUE,TRUE,FALSE,TRUE,TRUE,TRUE
2779,22,"18 tot 25 jaar",FALSE,TRUE,"Helemaal mee eens",TRUE,"Mee eens",TRUE,TRUE,TRUE,TRUE,TRUE,TRUE
2780,61,"55 tot 65 jaar",FALSE,TRUE,"Helemaal mee eens",TRUE,"Mee eens",TRUE,TRUE,TRUE,TRUE,TRUE,TRUE
2781,28,"25 tot 35 jaar",FALSE,TRUE,"Helemaal mee eens",TRUE,"Niet mee eens, niet mee oneens",FALSE,TRUE,TRUE,FALSE,FALSE,FALSE
2782,79,"75 jaar of ouder",FALSE,TRUE,"Helemaal mee eens",TRUE,"Helemaal mee eens",TRUE,TRUE,TRUE,TRUE,TRUE,TRUE
2783,38,"35 tot 45 jaar",FALSE,TRUE,"Mee eens",TRUE,"Mee eens",TRUE,TRUE,TRUE,TRUE,TRUE,TRUE
2784,40,"35 tot 45 jaar",FALSE,TRUE,"Helemaal mee eens",TRUE,"Mee eens",TRUE,TRUE,TRUE,TRUE,TRUE,TRUE
2785,54,"45 tot 55 jaar",FALSE,TRUE,"Mee eens",TRUE,"Mee eens",TRUE,TRUE,TRUE,TRUE,TRUE,TRUE
2786,30,"25 tot 35 jaar",TRUE,TRUE,"Mee eens",TRUE,"Niet mee eens, niet mee oneens",FALSE,TRUE,TRUE,FALSE,FALSE,FALSE
2787,19,"18 tot 25 jaar",TRUE,TRUE,"Helemaal mee eens",TRUE,"Mee eens",TRUE,TRUE,TRUE,TRUE,TRUE,TRUE
2788,75,"75 jaar of ouder",FALSE,TRUE,"Mee eens",TRUE,"Mee eens",TRUE,FALSE,TRUE,TRUE,TRUE,TRUE
2789,49,"45 tot 55 jaar",FALSE,TRUE,"Mee eens",TRUE,"Mee eens",TRUE,TRUE,TRUE,FALSE,TRUE,TRUE
2790,51,"45 tot 55 jaar",FALSE,TRUE,"Mee eens",TRUE,"Mee eens",TRUE,TRUE,TRUE,TRUE,TRUE,TRUE
2791,59,"55 tot 65 jaar",TRUE,TRUE,"Mee eens",TRUE,"Mee eens",TRUE,TRUE,TRUE,TRUE,TRUE,FALSE
2792,19,"18 tot 25 jaar",FALSE,TRUE,"Mee eens",TRUE,"Niet mee eens, niet mee oneens",FALSE,TRUE,TRUE,TRUE,TRUE,TRUE
2793,20,"18 tot 25 jaar",FALSE,TRUE,"Niet mee eens, niet mee oneens",FALSE,"Mee eens",TRUE,TRUE,FALSE,TRUE,TRUE,FALSE
2794,58,"55 tot 65 jaar",FALSE,TRUE,"Mee eens",TRUE,"Niet mee eens, niet mee oneens",FALSE,TRUE,TRUE,TRUE,TRUE,TRUE
2795,75,"75 jaar of ouder",TRUE,TRUE,"Helemaal mee eens",TRUE,"Mee eens",TRUE,TRUE,TRUE,TRUE,TRUE,TRUE
2796,37,"35 tot 45 jaar",TRUE,TRUE,"Mee eens",TRUE,"Mee eens",TRUE,TRUE,TRUE,FALSE,TRUE,TRUE
2797,47,"45 tot 55 jaar",FALSE,TRUE,"Helemaal mee eens",TRUE,"Mee eens",TRUE,TRUE,TRUE,TRUE,TRUE,TRUE
2798,66,"65 tot 75 jaar",FALSE,TRUE,"Niet mee eens, niet mee oneens",FALSE,"Niet mee eens, niet mee oneens",FALSE,TRUE,TRUE,FALSE,FALSE,FALSE
2799,41,"35 tot 45 jaar",FALSE,TRUE,"Helemaal mee eens",TRUE,"Helemaal mee eens",TRUE,TRUE,TRUE,TRUE,TRUE,TRUE
2800,75,"75 jaar of ouder",TRUE,TRUE,"Mee eens",TRUE,"Niet mee eens, niet mee oneens",FALSE,TRUE,TRUE,TRUE,TRUE,FALSE
2801,48,"45 tot 55 jaar",TRUE,TRUE,"Helemaal mee eens",TRUE,"Mee eens",TRUE,TRUE,TRUE,TRUE,TRUE,TRUE
2802,34,"25 tot 35 jaar",TRUE,TRUE,"Mee eens",TRUE,"Niet mee eens, niet mee oneens",FALSE,TRUE,TRUE,TRUE,FALSE,TRUE
2803,25,"25 tot 35 jaar",FALSE,FALSE,"Niet mee eens, niet mee oneens",FALSE,"Mee eens",TRUE,TRUE,TRUE,TRUE,TRUE,FALSE
2804,39,"35 tot 45 jaar",FALSE,TRUE,"Helemaal mee eens",TRUE,"Mee eens",TRUE,TRUE,TRUE,TRUE,TRUE,TRUE
2805,21,"18 tot 25 jaar",FALSE,TRUE,"Helemaal mee eens",TRUE,"Niet mee eens, niet mee oneens",FALSE,TRUE,TRUE,TRUE,FALSE,TRUE
2806,26,"25 tot 35 jaar",FALSE,TRUE,"Mee eens",TRUE,"Helemaal mee eens",TRUE,TRUE,TRUE,TRUE,TRUE,TRUE
2807,53,"45 tot 55 jaar",FALSE,TRUE,"Mee eens",TRUE,"Mee eens",TRUE,TRUE,TRUE,TRUE,TRUE,FALSE
2808,62,"55 tot 65 jaar",FALSE,TRUE,"Helemaal mee eens",TRUE,"Helemaal mee eens",TRUE,TRUE,TRUE,TRUE,TRUE,TRUE
2809,40,"35 tot 45 jaar",TRUE,TRUE,"Helemaal mee eens",TRUE,"Helemaal mee eens",TRUE,TRUE,TRUE,TRUE,TRUE,TRUE
2810,21,"18 tot 25 jaar",FALSE,TRUE,"Mee oneens",FALSE,"Niet mee eens, niet mee oneens",FALSE,TRUE,FALSE,FALSE,FALSE,FALSE
2811,90,"75 jaar of ouder",TRUE,TRUE,"Niet mee eens, niet mee oneens",FALSE,"Niet mee eens, niet mee oneens",FALSE,TRUE,TRUE,TRUE,TRUE,FALSE
2812,37,"35 tot 45 jaar",FALSE,TRUE,"Mee eens",TRUE,"Mee oneens",FALSE,TRUE,TRUE,TRUE,FALSE,FALSE
2813,29,"25 tot 35 jaar",TRUE,TRUE,"Niet mee eens, niet mee oneens",FALSE,"Mee oneens",FALSE,TRUE,TRUE,FALSE,FALSE,FALSE
2814,45,"45 tot 55 jaar",FALSE,TRUE,"Mee eens",TRUE,"Niet mee eens, niet mee oneens",FALSE,TRUE,TRUE,TRUE,FALSE,TRUE
2815,48,"45 tot 55 jaar",FALSE,FALSE,"Niet mee eens, niet mee oneens",FALSE,"Mee eens",TRUE,TRUE,TRUE,TRUE,TRUE,FALSE
2816,36,"35 tot 45 jaar",TRUE,TRUE,"Helemaal mee eens",TRUE,"Mee eens",TRUE,TRUE,TRUE,TRUE,TRUE,TRUE
2817,71,"65 tot 75 jaar",FALSE,TRUE,"Helemaal mee eens",TRUE,"Mee eens",TRUE,TRUE,TRUE,TRUE,TRUE,TRUE
2818,24,"18 tot 25 jaar",TRUE,TRUE,"Helemaal mee eens",TRUE,"Mee eens",TRUE,TRUE,TRUE,TRUE,TRUE,TRUE
2819,28,"25 tot 35 jaar",FALSE,TRUE,"Mee eens",TRUE,"Mee eens",TRUE,TRUE,TRUE,TRUE,TRUE,TRUE
2820,51,"45 tot 55 jaar",TRUE,FALSE,"Niet mee eens, niet mee oneens",FALSE,"Niet mee eens, niet mee oneens",FALSE,TRUE,TRUE,FALSE,FALSE,FALSE
2821,86,"75 jaar of ouder",FALSE,TRUE,"Mee eens",TRUE,"Helemaal mee oneens",FALSE,TRUE,TRUE,FALSE,TRUE,FALSE
2822,21,"18 tot 25 jaar",TRUE,TRUE,"Mee eens",TRUE,"Niet mee eens, niet mee oneens",FALSE,TRUE,TRUE,FALSE,FALSE,TRUE
2823,33,"25 tot 35 jaar",TRUE,TRUE,"Mee eens",TRUE,"Mee eens",TRUE,TRUE,TRUE,TRUE,TRUE,TRUE
2824,84,"75 jaar of ouder",TRUE,TRUE,"Helemaal mee eens",TRUE,"Helemaal mee eens",TRUE,TRUE,TRUE,TRUE,TRUE,TRUE
2825,56,"55 tot 65 jaar",TRUE,TRUE,"Helemaal mee eens",TRUE,"Helemaal mee eens",TRUE,TRUE,TRUE,TRUE,TRUE,TRUE
2826,58,"55 tot 65 jaar",FALSE,TRUE,"Mee oneens",FALSE,"Niet mee eens, niet mee oneens",FALSE,FALSE,FALSE,TRUE,FALSE,FALSE
2827,45,"45 tot 55 jaar",TRUE,TRUE,"Mee eens",TRUE,"Mee eens",TRUE,FALSE,TRUE,FALSE,FALSE,FALSE
2828,60,"55 tot 65 jaar",FALSE,TRUE,"Helemaal mee eens",TRUE,"Mee eens",TRUE,TRUE,TRUE,TRUE,TRUE,TRUE
2829,45,"45 tot 55 jaar",TRUE,TRUE,"Mee eens",TRUE,"Mee eens",TRUE,TRUE,TRUE,TRUE,TRUE,TRUE
2830,37,"35 tot 45 jaar",TRUE,TRUE,"Mee eens",TRUE,"Mee eens",TRUE,TRUE,TRUE,TRUE,TRUE,TRUE
2831,48,"45 tot 55 jaar",TRUE,TRUE,"Helemaal mee eens",TRUE,"Helemaal mee eens",TRUE,TRUE,TRUE,TRUE,TRUE,TRUE
2832,88,"75 jaar of ouder",FALSE,TRUE,"Helemaal mee eens",TRUE,"Mee eens",TRUE,TRUE,TRUE,TRUE,TRUE,TRUE
2833,25,"25 tot 35 jaar",FALSE,TRUE,"Mee oneens",FALSE,"Niet mee eens, niet mee oneens",FALSE,TRUE,TRUE,FALSE,FALSE,FALSE
2834,34,"25 tot 35 jaar",TRUE,TRUE,"Mee eens",TRUE,"Mee eens",TRUE,TRUE,TRUE,FALSE,FALSE,FALSE
2835,29,"25 tot 35 jaar",TRUE,TRUE,"Mee eens",TRUE,"Mee eens",TRUE,TRUE,TRUE,TRUE,TRUE,FALSE
2836,31,"25 tot 35 jaar",FALSE,TRUE,"Helemaal mee eens",TRUE,"Helemaal mee eens",TRUE,TRUE,TRUE,TRUE,TRUE,TRUE
2837,33,"25 tot 35 jaar",TRUE,TRUE,"Mee eens",TRUE,"Niet mee eens, niet mee oneens",FALSE,TRUE,TRUE,TRUE,FALSE,FALSE
2838,63,"55 tot 65 jaar",FALSE,TRUE,"Helemaal mee eens",TRUE,"Mee eens",TRUE,TRUE,TRUE,TRUE,TRUE,TRUE
2839,71,"65 tot 75 jaar",FALSE,TRUE,"Mee eens",TRUE,"Helemaal mee eens",TRUE,TRUE,TRUE,TRUE,TRUE,TRUE
2840,55,"55 tot 65 jaar",TRUE,FALSE,"Helemaal mee eens",TRUE,"Mee eens",TRUE,TRUE,TRUE,TRUE,TRUE,TRUE
2841,61,"55 tot 65 jaar",FALSE,TRUE,"Helemaal mee eens",TRUE,"Helemaal mee eens",TRUE,TRUE,TRUE,TRUE,TRUE,TRUE
2842,87,"75 jaar of ouder",FALSE,TRUE,"Helemaal mee eens",TRUE,"Helemaal mee eens",TRUE,TRUE,TRUE,TRUE,TRUE,TRUE
2843,67,"65 tot 75 jaar",TRUE,TRUE,"Mee eens",TRUE,"Niet mee eens, niet mee oneens",FALSE,TRUE,TRUE,TRUE,TRUE,FALSE
2844,31,"25 tot 35 jaar",FALSE,TRUE,"Helemaal mee oneens",FALSE,"Mee oneens",FALSE,FALSE,TRUE,FALSE,FALSE,TRUE
2845,66,"65 tot 75 jaar",FALSE,TRUE,"Helemaal mee eens",TRUE,"Mee eens",TRUE,TRUE,TRUE,TRUE,TRUE,TRUE
2846,59,"55 tot 65 jaar",FALSE,TRUE,"Helemaal mee eens",TRUE,"Mee eens",TRUE,TRUE,TRUE,TRUE,TRUE,TRUE
2847,51,"45 tot 55 jaar",FALSE,TRUE,"Mee eens",TRUE,"Mee eens",TRUE,TRUE,TRUE,TRUE,TRUE,FALSE
2848,88,"75 jaar of ouder",TRUE,TRUE,"Helemaal mee eens",TRUE,"Niet mee eens, niet mee oneens",FALSE,TRUE,TRUE,FALSE,TRUE,TRUE
2849,32,"25 tot 35 jaar",FALSE,TRUE,"Helemaal mee eens",TRUE,"Mee eens",TRUE,TRUE,TRUE,TRUE,TRUE,TRUE
2850,88,"75 jaar of ouder",FALSE,TRUE,"Helemaal mee eens",TRUE,"Mee eens",TRUE,TRUE,TRUE,TRUE,TRUE,TRUE
2851,61,"55 tot 65 jaar",FALSE,TRUE,"Mee eens",TRUE,"Helemaal mee eens",TRUE,TRUE,TRUE,TRUE,TRUE,TRUE
2852,23,"18 tot 25 jaar",TRUE,TRUE,"Mee eens",TRUE,"Niet mee eens, niet mee oneens",FALSE,FALSE,FALSE,FALSE,FALSE,TRUE
2853,71,"65 tot 75 jaar",TRUE,TRUE,"Mee eens",TRUE,"Helemaal mee eens",TRUE,TRUE,TRUE,TRUE,TRUE,TRUE
2854,32,"25 tot 35 jaar",FALSE,TRUE,"Mee oneens",FALSE,"Mee oneens",FALSE,FALSE,FALSE,FALSE,FALSE,FALSE
2855,31,"25 tot 35 jaar",FALSE,TRUE,"Mee eens",TRUE,"Mee eens",TRUE,TRUE,FALSE,FALSE,FALSE,FALSE
2856,78,"75 jaar of ouder",FALSE,TRUE,"Helemaal mee eens",TRUE,"Mee eens",TRUE,TRUE,FALSE,TRUE,TRUE,TRUE
2857,69,"65 tot 75 jaar",TRUE,TRUE,"Mee eens",TRUE,"Mee eens",TRUE,TRUE,FALSE,FALSE,TRUE,FALSE
2858,60,"55 tot 65 jaar",TRUE,TRUE,"Mee eens",TRUE,"Mee eens",TRUE,TRUE,TRUE,TRUE,TRUE,TRUE
2859,56,"55 tot 65 jaar",FALSE,TRUE,"Niet mee eens, niet mee oneens",FALSE,"Niet mee eens, niet mee oneens",FALSE,TRUE,FALSE,FALSE,FALSE,FALSE
2860,36,"35 tot 45 jaar",FALSE,TRUE,"Mee eens",TRUE,"Mee eens",TRUE,TRUE,TRUE,TRUE,TRUE,TRUE
2861,24,"18 tot 25 jaar",FALSE,TRUE,"Mee eens",TRUE,"Niet mee eens, niet mee oneens",FALSE,TRUE,FALSE,FALSE,FALSE,FALSE
2862,83,"75 jaar of ouder",TRUE,TRUE,"Mee eens",TRUE,"Niet mee eens, niet mee oneens",FALSE,TRUE,TRUE,TRUE,TRUE,FALSE
2863,89,"75 jaar of ouder",TRUE,TRUE,"Helemaal mee eens",TRUE,"Mee eens",TRUE,TRUE,TRUE,TRUE,TRUE,TRUE
2864,61,"55 tot 65 jaar",TRUE,TRUE,"Helemaal mee eens",TRUE,"Mee eens",TRUE,FALSE,TRUE,FALSE,TRUE,TRUE
2865,48,"45 tot 55 jaar",FALSE,TRUE,"Helemaal mee eens",TRUE,"Mee eens",TRUE,TRUE,TRUE,TRUE,TRUE,TRUE
2866,68,"65 tot 75 jaar",TRUE,TRUE,"Helemaal mee eens",TRUE,"Helemaal mee eens",TRUE,TRUE,TRUE,TRUE,TRUE,TRUE
2867,60,"55 tot 65 jaar",TRUE,TRUE,"Helemaal mee eens",TRUE,"Helemaal mee eens",TRUE,TRUE,TRUE,TRUE,TRUE,TRUE
2868,57,"55 tot 65 jaar",TRUE,TRUE,"Mee eens",TRUE,"Mee eens",TRUE,FALSE,TRUE,TRUE,TRUE,TRUE
2869,52,"45 tot 55 jaar",TRUE,TRUE,"Helemaal mee eens",TRUE,"Mee eens",TRUE,TRUE,TRUE,TRUE,TRUE,TRUE
2870,57,"55 tot 65 jaar",FALSE,TRUE,"Mee eens",TRUE,"Mee eens",TRUE,TRUE,FALSE,TRUE,TRUE,FALSE
2871,86,"75 jaar of ouder",TRUE,TRUE,"Helemaal mee eens",TRUE,"Mee eens",TRUE,TRUE,FALSE,FALSE,TRUE,TRUE
2872,43,"35 tot 45 jaar",TRUE,TRUE,"Mee eens",TRUE,"Mee eens",TRUE,TRUE,TRUE,FALSE,TRUE,TRUE
2873,21,"18 tot 25 jaar",FALSE,TRUE,"Mee eens",TRUE,"Mee eens",TRUE,TRUE,TRUE,TRUE,TRUE,TRUE
2874,61,"55 tot 65 jaar",TRUE,TRUE,"Helemaal mee eens",TRUE,"Helemaal mee eens",TRUE,TRUE,TRUE,TRUE,TRUE,TRUE
2875,65,"65 tot 75 jaar",FALSE,TRUE,"Helemaal mee eens",TRUE,"Mee eens",TRUE,TRUE,TRUE,TRUE,TRUE,TRUE
2876,77,"75 jaar of ouder",TRUE,TRUE,"Mee eens",TRUE,"Mee eens",TRUE,TRUE,TRUE,TRUE,TRUE,FALSE
2877,28,"25 tot 35 jaar",TRUE,TRUE,"Helemaal mee eens",TRUE,"Mee eens",TRUE,TRUE,TRUE,TRUE,TRUE,TRUE
2878,76,"75 jaar of ouder",FALSE,FALSE,"Helemaal mee eens",TRUE,"Mee eens",TRUE,TRUE,TRUE,TRUE,TRUE,TRUE
2879,50,"45 tot 55 jaar",FALSE,TRUE,"Helemaal mee eens",TRUE,"Helemaal mee eens",TRUE,TRUE,TRUE,TRUE,TRUE,TRUE
2880,43,"35 tot 45 jaar",FALSE,TRUE,"Mee oneens",FALSE,"Mee oneens",FALSE,TRUE,FALSE,FALSE,FALSE,TRUE
2881,51,"45 tot 55 jaar",TRUE,TRUE,"Mee eens",TRUE,"Mee eens",TRUE,TRUE,FALSE,TRUE,FALSE,TRUE
2882,34,"25 tot 35 jaar",TRUE,TRUE,"Mee eens",TRUE,"Mee eens",TRUE,FALSE,TRUE,TRUE,FALSE,FALSE
2883,51,"45 tot 55 jaar",TRUE,TRUE,"Mee eens",TRUE,"Mee eens",TRUE,FALSE,TRUE,TRUE,TRUE,TRUE
2884,77,"75 jaar of ouder",TRUE,TRUE,"Mee eens",TRUE,"Mee eens",TRUE,TRUE,TRUE,FALSE,FALSE,TRUE
2885,46,"45 tot 55 jaar",TRUE,TRUE,"Helemaal mee eens",TRUE,"Mee eens",TRUE,TRUE,TRUE,TRUE,TRUE,TRUE
2886,49,"45 tot 55 jaar",TRUE,TRUE,"Mee eens",TRUE,"Niet mee eens, niet mee oneens",FALSE,TRUE,TRUE,TRUE,FALSE,TRUE
2887,73,"65 tot 75 jaar",FALSE,TRUE,"Helemaal mee eens",TRUE,"Mee eens",TRUE,TRUE,TRUE,TRUE,TRUE,TRUE
2888,61,"55 tot 65 jaar",TRUE,TRUE,"Mee eens",TRUE,"Niet mee eens, niet mee oneens",FALSE,TRUE,TRUE,FALSE,FALSE,FALSE
2889,39,"35 tot 45 jaar",TRUE,TRUE,"Helemaal mee eens",TRUE,"Mee eens",TRUE,TRUE,TRUE,TRUE,TRUE,TRUE
2890,79,"75 jaar of ouder",FALSE,TRUE,"Mee eens",TRUE,"Helemaal mee eens",TRUE,TRUE,FALSE,TRUE,TRUE,TRUE
2891,54,"45 tot 55 jaar",TRUE,TRUE,"Mee eens",TRUE,"Mee eens",TRUE,FALSE,TRUE,TRUE,TRUE,TRUE
2892,51,"45 tot 55 jaar",TRUE,TRUE,"Helemaal mee eens",TRUE,"Helemaal mee eens",TRUE,FALSE,TRUE,TRUE,TRUE,TRUE
2893,39,"35 tot 45 jaar",FALSE,TRUE,"Niet mee eens, niet mee oneens",FALSE,"Helemaal mee oneens",FALSE,TRUE,TRUE,FALSE,FALSE,FALSE
2894,86,"75 jaar of ouder",FALSE,TRUE,"Helemaal mee eens",TRUE,"Helemaal mee eens",TRUE,TRUE,TRUE,TRUE,TRUE,TRUE
2895,44,"35 tot 45 jaar",FALSE,TRUE,"Mee eens",TRUE,"Helemaal mee eens",TRUE,TRUE,TRUE,TRUE,TRUE,TRUE
2896,30,"25 tot 35 jaar",FALSE,TRUE,"Niet mee eens, niet mee oneens",FALSE,"Niet mee eens, niet mee oneens",FALSE,TRUE,TRUE,TRUE,TRUE,TRUE
2897,32,"25 tot 35 jaar",FALSE,FALSE,"Helemaal mee eens",TRUE,"Helemaal mee eens",TRUE,TRUE,FALSE,TRUE,TRUE,TRUE
2898,46,"45 tot 55 jaar",FALSE,TRUE,"Helemaal mee eens",TRUE,"Helemaal mee eens",TRUE,TRUE,TRUE,TRUE,TRUE,TRUE
2899,60,"55 tot 65 jaar",TRUE,TRUE,"Mee eens",TRUE,"Mee eens",TRUE,TRUE,TRUE,FALSE,TRUE,TRUE
2900,42,"35 tot 45 jaar",FALSE,TRUE,"Mee eens",TRUE,"Mee eens",TRUE,TRUE,TRUE,TRUE,TRUE,FALSE
2901,18,"18 tot 25 jaar",FALSE,TRUE,"Niet mee eens, niet mee oneens",FALSE,"Niet mee eens, niet mee oneens",FALSE,TRUE,TRUE,FALSE,TRUE,TRUE
2902,37,"35 tot 45 jaar",TRUE,TRUE,"Mee eens",TRUE,"Mee eens",TRUE,TRUE,TRUE,TRUE,TRUE,TRUE
2903,53,"45 tot 55 jaar",FALSE,TRUE,"Mee eens",TRUE,"Niet mee eens, niet mee oneens",FALSE,TRUE,TRUE,TRUE,TRUE,FALSE
2904,25,"25 tot 35 jaar",FALSE,TRUE,"Mee eens",TRUE,"Mee eens",TRUE,TRUE,TRUE,TRUE,TRUE,TRUE
2905,22,"18 tot 25 jaar",FALSE,TRUE,"Helemaal mee eens",TRUE,"Helemaal mee eens",TRUE,TRUE,TRUE,TRUE,TRUE,TRUE
2906,71,"65 tot 75 jaar",FALSE,FALSE,"Niet mee eens, niet mee oneens",FALSE,"Niet mee eens, niet mee oneens",FALSE,TRUE,TRUE,TRUE,TRUE,TRUE
2907,66,"65 tot 75 jaar",FALSE,TRUE,"Helemaal mee eens",TRUE,"Helemaal mee eens",TRUE,TRUE,FALSE,TRUE,TRUE,TRUE
2908,39,"35 tot 45 jaar",TRUE,TRUE,"Mee eens",TRUE,"Mee eens",TRUE,TRUE,TRUE,FALSE,TRUE,FALSE
2909,31,"25 tot 35 jaar",FALSE,TRUE,"Mee eens",TRUE,"Helemaal mee eens",TRUE,TRUE,FALSE,TRUE,FALSE,FALSE
2910,53,"45 tot 55 jaar",TRUE,TRUE,"Helemaal mee eens",TRUE,"Helemaal mee eens",TRUE,TRUE,TRUE,TRUE,TRUE,TRUE
2911,79,"75 jaar of ouder",TRUE,FALSE,"Mee eens",TRUE,"Niet mee eens, niet mee oneens",FALSE,TRUE,FALSE,TRUE,TRUE,FALSE
2912,25,"25 tot 35 jaar",TRUE,TRUE,"Helemaal mee eens",TRUE,"Helemaal mee eens",TRUE,TRUE,TRUE,TRUE,TRUE,TRUE
2913,30,"25 tot 35 jaar",FALSE,TRUE,"Helemaal mee eens",TRUE,"Helemaal mee eens",TRUE,TRUE,TRUE,TRUE,TRUE,TRUE
2914,44,"35 tot 45 jaar",FALSE,TRUE,"Niet mee eens, niet mee oneens",FALSE,"Niet mee eens, niet mee oneens",FALSE,TRUE,TRUE,FALSE,FALSE,TRUE
2915,36,"35 tot 45 jaar",FALSE,TRUE,"Mee eens",TRUE,"Mee eens",TRUE,TRUE,TRUE,TRUE,TRUE,TRUE
2916,67,"65 tot 75 jaar",TRUE,TRUE,"Mee eens",TRUE,"Niet mee eens, niet mee oneens",FALSE,TRUE,TRUE,FALSE,FALSE,FALSE
2917,28,"25 tot 35 jaar",FALSE,TRUE,"Helemaal mee eens",TRUE,"Helemaal mee eens",TRUE,TRUE,TRUE,TRUE,TRUE,TRUE
2918,83,"75 jaar of ouder",TRUE,TRUE,"Mee eens",TRUE,"Mee eens",TRUE,TRUE,TRUE,TRUE,TRUE,TRUE
2919,42,"35 tot 45 jaar",TRUE,TRUE,"Mee eens",TRUE,"Mee eens",TRUE,TRUE,TRUE,TRUE,TRUE,TRUE
2920,26,"25 tot 35 jaar",TRUE,TRUE,"Mee eens",TRUE,"Mee eens",TRUE,TRUE,TRUE,TRUE,TRUE,TRUE
2921,81,"75 jaar of ouder",FALSE,TRUE,"Mee eens",TRUE,"Niet mee eens, niet mee oneens",FALSE,TRUE,TRUE,TRUE,TRUE,FALSE
2922,61,"55 tot 65 jaar",TRUE,TRUE,"Helemaal mee eens",TRUE,"Mee eens",TRUE,TRUE,TRUE,TRUE,TRUE,TRUE
2923,48,"45 tot 55 jaar",FALSE,TRUE,"Mee eens",TRUE,"Mee oneens",FALSE,TRUE,TRUE,TRUE,TRUE,FALSE
2924,85,"75 jaar of ouder",FALSE,TRUE,"Niet mee eens, niet mee oneens",FALSE,"Mee oneens",FALSE,TRUE,FALSE,FALSE,FALSE,FALSE
2925,85,"75 jaar of ouder",FALSE,TRUE,"Helemaal mee eens",TRUE,"Mee eens",TRUE,TRUE,TRUE,TRUE,TRUE,TRUE
2926,37,"35 tot 45 jaar",TRUE,TRUE,"Mee eens",TRUE,"Niet mee eens, niet mee oneens",FALSE,FALSE,TRUE,TRUE,FALSE,FALSE
2927,76,"75 jaar of ouder",FALSE,TRUE,"Mee eens",TRUE,"Mee eens",TRUE,TRUE,FALSE,TRUE,TRUE,TRUE
2928,31,"25 tot 35 jaar",TRUE,TRUE,"Mee oneens",FALSE,"Helemaal mee oneens",FALSE,TRUE,FALSE,FALSE,FALSE,FALSE
2929,27,"25 tot 35 jaar",FALSE,TRUE,"Mee eens",TRUE,"Mee eens",TRUE,TRUE,TRUE,TRUE,TRUE,TRUE
2930,79,"75 jaar of ouder",TRUE,TRUE,"Mee eens",TRUE,"Helemaal mee eens",TRUE,TRUE,TRUE,TRUE,TRUE,TRUE
2931,86,"75 jaar of ouder",FALSE,TRUE,"Helemaal mee eens",TRUE,"Mee eens",TRUE,TRUE,TRUE,TRUE,TRUE,TRUE
2932,23,"18 tot 25 jaar",FALSE,TRUE,"Mee eens",TRUE,"Niet mee eens, niet mee oneens",FALSE,TRUE,TRUE,FALSE,TRUE,FALSE
2933,62,"55 tot 65 jaar",TRUE,TRUE,"Mee eens",TRUE,"Niet mee eens, niet mee oneens",FALSE,TRUE,FALSE,TRUE,FALSE,FALSE
2934,71,"65 tot 75 jaar",FALSE,TRUE,"Niet mee eens, niet mee oneens",FALSE,"Niet mee eens, niet mee oneens",FALSE,FALSE,TRUE,TRUE,FALSE,TRUE
2935,51,"45 tot 55 jaar",TRUE,TRUE,"Mee eens",TRUE,"Mee eens",TRUE,FALSE,FALSE,TRUE,TRUE,TRUE
2936,38,"35 tot 45 jaar",TRUE,TRUE,"Mee eens",TRUE,"Mee eens",TRUE,TRUE,FALSE,TRUE,TRUE,TRUE
2937,70,"65 tot 75 jaar",FALSE,TRUE,"Mee eens",TRUE,"Niet mee eens, niet mee oneens",FALSE,TRUE,TRUE,TRUE,FALSE,FALSE
2938,75,"75 jaar of ouder",TRUE,TRUE,"Mee eens",TRUE,"Helemaal mee eens",TRUE,TRUE,TRUE,TRUE,TRUE,TRUE
2939,36,"35 tot 45 jaar",TRUE,TRUE,"Mee eens",TRUE,"Helemaal mee eens",TRUE,TRUE,FALSE,TRUE,TRUE,TRUE
2940,54,"45 tot 55 jaar",TRUE,TRUE,"Helemaal mee eens",TRUE,"Mee eens",TRUE,TRUE,FALSE,TRUE,TRUE,TRUE
2941,48,"45 tot 55 jaar",TRUE,TRUE,"Mee eens",TRUE,"Mee eens",TRUE,TRUE,TRUE,TRUE,TRUE,FALSE
2942,59,"55 tot 65 jaar",TRUE,TRUE,"Mee eens",TRUE,"Niet mee eens, niet mee oneens",FALSE,TRUE,FALSE,TRUE,FALSE,FALSE
2943,85,"75 jaar of ouder",FALSE,TRUE,"Mee eens",TRUE,"Mee eens",TRUE,TRUE,TRUE,TRUE,TRUE,TRUE
2944,24,"18 tot 25 jaar",TRUE,TRUE,"Mee eens",TRUE,"Helemaal mee oneens",FALSE,TRUE,FALSE,FALSE,FALSE,FALSE
2945,71,"65 tot 75 jaar",FALSE,TRUE,"Mee eens",TRUE,"Mee eens",TRUE,TRUE,TRUE,TRUE,TRUE,TRUE
2946,74,"65 tot 75 jaar",FALSE,TRUE,"Mee eens",TRUE,"Mee eens",TRUE,FALSE,TRUE,TRUE,TRUE,TRUE
2947,54,"45 tot 55 jaar",FALSE,TRUE,"Mee eens",TRUE,"Niet mee eens, niet mee oneens",FALSE,TRUE,TRUE,FALSE,FALSE,TRUE
2948,64,"55 tot 65 jaar",TRUE,TRUE,"Mee eens",TRUE,"Niet mee eens, niet mee oneens",FALSE,TRUE,TRUE,TRUE,TRUE,FALSE
2949,25,"25 tot 35 jaar",FALSE,TRUE,"Mee eens",TRUE,"Niet mee eens, niet mee oneens",FALSE,TRUE,TRUE,TRUE,FALSE,TRUE
2950,65,"65 tot 75 jaar",TRUE,TRUE,"Helemaal mee eens",TRUE,"Mee eens",TRUE,TRUE,TRUE,TRUE,TRUE,TRUE
2951,32,"25 tot 35 jaar",TRUE,TRUE,"Helemaal mee eens",TRUE,"Helemaal mee eens",TRUE,TRUE,TRUE,TRUE,TRUE,TRUE
2952,35,"35 tot 45 jaar",FALSE,TRUE,"Mee eens",TRUE,"Mee eens",TRUE,TRUE,TRUE,TRUE,TRUE,FALSE
2953,45,"45 tot 55 jaar",FALSE,TRUE,"Helemaal mee eens",TRUE,"Niet mee eens, niet mee oneens",FALSE,TRUE,TRUE,FALSE,FALSE,TRUE
2954,50,"45 tot 55 jaar",TRUE,TRUE,"Mee eens",TRUE,"Mee eens",TRUE,TRUE,TRUE,FALSE,TRUE,TRUE
2955,53,"45 tot 55 jaar",TRUE,TRUE,"Mee eens",TRUE,"Helemaal mee eens",TRUE,TRUE,TRUE,TRUE,TRUE,TRUE
2956,47,"45 tot 55 jaar",FALSE,TRUE,"Helemaal mee eens",TRUE,"Helemaal mee eens",TRUE,TRUE,TRUE,TRUE,TRUE,TRUE
2957,41,"35 tot 45 jaar",TRUE,TRUE,"Mee eens",TRUE,"Mee eens",TRUE,TRUE,TRUE,TRUE,TRUE,TRUE
2958,56,"55 tot 65 jaar",FALSE,TRUE,"Mee eens",TRUE,"Niet mee eens, niet mee oneens",FALSE,TRUE,TRUE,TRUE,FALSE,TRUE
2959,24,"18 tot 25 jaar",FALSE,TRUE,"Mee eens",TRUE,"Mee eens",TRUE,TRUE,TRUE,TRUE,TRUE,FALSE
2960,42,"35 tot 45 jaar",TRUE,TRUE,"Mee eens",TRUE,"Niet mee eens, niet mee oneens",FALSE,TRUE,TRUE,FALSE,FALSE,FALSE
2961,44,"35 tot 45 jaar",FALSE,TRUE,"Helemaal mee eens",TRUE,"Helemaal mee eens",TRUE,TRUE,FALSE,TRUE,TRUE,TRUE
2962,90,"75 jaar of ouder",TRUE,TRUE,"Helemaal mee eens",TRUE,"Mee eens",TRUE,TRUE,TRUE,TRUE,TRUE,TRUE
2963,78,"75 jaar of ouder",TRUE,TRUE,"Mee eens",TRUE,"Mee eens",TRUE,TRUE,TRUE,TRUE,TRUE,TRUE
2964,20,"18 tot 25 jaar",FALSE,TRUE,"Helemaal mee eens",TRUE,"Mee eens",TRUE,TRUE,TRUE,TRUE,TRUE,TRUE
2965,32,"25 tot 35 jaar",TRUE,TRUE,"Mee eens",TRUE,"Mee eens",TRUE,TRUE,FALSE,TRUE,TRUE,FALSE
2966,62,"55 tot 65 jaar",TRUE,TRUE,"Helemaal mee eens",TRUE,"Mee eens",TRUE,TRUE,TRUE,TRUE,TRUE,TRUE
2967,73,"65 tot 75 jaar",TRUE,TRUE,"Mee eens",TRUE,"Mee eens",TRUE,FALSE,TRUE,TRUE,TRUE,FALSE
2968,30,"25 tot 35 jaar",FALSE,TRUE,"Helemaal mee eens",TRUE,"Niet mee eens, niet mee oneens",FALSE,TRUE,TRUE,TRUE,FALSE,TRUE
2969,66,"65 tot 75 jaar",FALSE,TRUE,"Helemaal mee eens",TRUE,"Mee eens",TRUE,TRUE,TRUE,TRUE,TRUE,TRUE
2970,72,"65 tot 75 jaar",TRUE,TRUE,"Helemaal mee eens",TRUE,"Niet mee eens, niet mee oneens",FALSE,TRUE,FALSE,TRUE,TRUE,FALSE
2971,65,"65 tot 75 jaar",FALSE,TRUE,"Mee eens",TRUE,"Helemaal mee eens",TRUE,TRUE,FALSE,TRUE,TRUE,TRUE
2972,61,"55 tot 65 jaar",FALSE,TRUE,"Helemaal mee eens",TRUE,"Helemaal mee eens",TRUE,TRUE,TRUE,TRUE,TRUE,TRUE
2973,61,"55 tot 65 jaar",TRUE,TRUE,"Mee eens",TRUE,"Niet mee eens, niet mee oneens",FALSE,FALSE,FALSE,FALSE,FALSE,FALSE
2974,24,"18 tot 25 jaar",TRUE,TRUE,"Mee eens",TRUE,"Mee eens",TRUE,TRUE,TRUE,TRUE,TRUE,TRUE
2975,49,"45 tot 55 jaar",FALSE,TRUE,"Helemaal mee eens",TRUE,"Mee eens",TRUE,TRUE,TRUE,TRUE,TRUE,TRUE
2976,36,"35 tot 45 jaar",FALSE,TRUE,"Niet mee eens, niet mee oneens",FALSE,"Mee eens",TRUE,TRUE,TRUE,TRUE,TRUE,TRUE
2977,72,"65 tot 75 jaar",TRUE,TRUE,"Mee eens",TRUE,"Niet mee eens, niet mee oneens",FALSE,FALSE,TRUE,FALSE,FALSE,FALSE
2978,58,"55 tot 65 jaar",FALSE,TRUE,"Helemaal mee eens",TRUE,"Helemaal mee eens",TRUE,TRUE,TRUE,TRUE,TRUE,TRUE
2979,21,"18 tot 25 jaar",FALSE,TRUE,"Mee eens",TRUE,"Niet mee eens, niet mee oneens",FALSE,TRUE,TRUE,TRUE,FALSE,FALSE
2980,73,"65 tot 75 jaar",FALSE,TRUE,"Mee eens",TRUE,"Niet mee eens, niet mee oneens",FALSE,TRUE,TRUE,TRUE,TRUE,FALSE
2981,24,"18 tot 25 jaar",FALSE,TRUE,"Niet mee eens, niet mee oneens",FALSE,"Mee oneens",FALSE,FALSE,FALSE,FALSE,FALSE,FALSE
2982,55,"55 tot 65 jaar",TRUE,TRUE,"Mee eens",TRUE,"Mee eens",TRUE,TRUE,TRUE,TRUE,TRUE,FALSE
2983,72,"65 tot 75 jaar",FALSE,TRUE,"Helemaal mee eens",TRUE,"Mee eens",TRUE,TRUE,TRUE,TRUE,TRUE,TRUE
2984,36,"35 tot 45 jaar",FALSE,TRUE,"Mee eens",TRUE,"Mee eens",TRUE,TRUE,FALSE,TRUE,TRUE,TRUE
2985,60,"55 tot 65 jaar",FALSE,TRUE,"Helemaal mee eens",TRUE,"Helemaal mee eens",TRUE,TRUE,TRUE,TRUE,TRUE,TRUE
2986,59,"55 tot 65 jaar",FALSE,TRUE,"Helemaal mee eens",TRUE,"Helemaal mee eens",TRUE,TRUE,TRUE,TRUE,TRUE,TRUE
2987,26,"25 tot 35 jaar",TRUE,TRUE,"Mee eens",TRUE,"Mee eens",TRUE,TRUE,TRUE,TRUE,TRUE,TRUE
2988,31,"25 tot 35 jaar",FALSE,TRUE,"Helemaal mee eens",TRUE,"Helemaal mee eens",TRUE,TRUE,TRUE,TRUE,TRUE,TRUE
2989,40,"35 tot 45 jaar",FALSE,FALSE,"Mee eens",TRUE,"Niet mee eens, niet mee oneens",FALSE,TRUE,FALSE,TRUE,TRUE,TRUE
2990,26,"25 tot 35 jaar",TRUE,TRUE,"Mee eens",TRUE,"Mee eens",TRUE,TRUE,TRUE,FALSE,FALSE,TRUE
2991,62,"55 tot 65 jaar",FALSE,TRUE,"Mee eens",TRUE,"Mee eens",TRUE,TRUE,TRUE,TRUE,TRUE,FALSE
2992,30,"25 tot 35 jaar",FALSE,TRUE,"Helemaal mee eens",TRUE,"Mee eens",TRUE,TRUE,TRUE,TRUE,TRUE,TRUE
2993,70,"65 tot 75 jaar",FALSE,TRUE,"Mee eens",TRUE,"Niet mee eens, niet mee oneens",FALSE,TRUE,FALSE,TRUE,FALSE,FALSE
2994,35,"35 tot 45 jaar",FALSE,TRUE,"Mee eens",TRUE,"Mee eens",TRUE,TRUE,FALSE,TRUE,TRUE,TRUE
2995,46,"45 tot 55 jaar",FALSE,TRUE,"Mee oneens",FALSE,"Mee oneens",FALSE,TRUE,FALSE,FALSE,FALSE,TRUE
2996,34,"25 tot 35 jaar",TRUE,TRUE,"Helemaal mee eens",TRUE,"Helemaal mee eens",TRUE,TRUE,TRUE,TRUE,TRUE,TRUE
2997,50,"45 tot 55 jaar",FALSE,TRUE,"Helemaal mee eens",TRUE,"Mee eens",TRUE,TRUE,TRUE,TRUE,TRUE,TRUE
2998,57,"55 tot 65 jaar",FALSE,TRUE,"Mee eens",TRUE,"Mee eens",TRUE,TRUE,FALSE,TRUE,TRUE,TRUE
2999,39,"35 tot 45 jaar",FALSE,TRUE,"Mee eens",TRUE,"Mee eens",TRUE,TRUE,TRUE,TRUE,TRUE,TRUE
3000,25,"25 tot 35 jaar",FALSE,TRUE,"Niet mee eens, niet mee oneens",FALSE,"Mee oneens",FALSE,FALSE,FALSE,FALSE,FALSE,FALSE
3001,90,"75 jaar of ouder",FALSE,TRUE,"Mee eens",TRUE,"Niet mee eens, niet mee oneens",FALSE,TRUE,TRUE,TRUE,TRUE,TRUE
3002,31,"25 tot 35 jaar",FALSE,TRUE,"Mee eens",TRUE,"Niet mee eens, niet mee oneens",FALSE,TRUE,FALSE,FALSE,TRUE,FALSE
3003,40,"35 tot 45 jaar",TRUE,TRUE,"Mee oneens",FALSE,"Helemaal mee oneens",FALSE,FALSE,FALSE,FALSE,FALSE,FALSE
3004,66,"65 tot 75 jaar",FALSE,TRUE,"Mee eens",TRUE,"Mee eens",TRUE,TRUE,TRUE,TRUE,TRUE,FALSE
3005,37,"35 tot 45 jaar",TRUE,TRUE,"Helemaal mee eens",TRUE,"Helemaal mee eens",TRUE,TRUE,TRUE,TRUE,TRUE,TRUE
3006,65,"65 tot 75 jaar",FALSE,TRUE,"Helemaal mee eens",TRUE,"Mee eens",TRUE,TRUE,TRUE,TRUE,TRUE,FALSE
3007,75,"75 jaar of ouder",TRUE,TRUE,"Mee eens",TRUE,"Niet mee eens, niet mee oneens",FALSE,TRUE,TRUE,TRUE,FALSE,FALSE
3008,34,"25 tot 35 jaar",FALSE,TRUE,"Helemaal mee eens",TRUE,"Niet mee eens, niet mee oneens",FALSE,FALSE,TRUE,TRUE,TRUE,FALSE
3009,40,"35 tot 45 jaar",TRUE,TRUE,"Mee eens",TRUE,"Mee eens",TRUE,TRUE,TRUE,TRUE,TRUE,TRUE
3010,79,"75 jaar of ouder",FALSE,TRUE,"Helemaal mee eens",TRUE,"Helemaal mee eens",TRUE,FALSE,TRUE,TRUE,TRUE,TRUE
3011,32,"25 tot 35 jaar",FALSE,TRUE,"Helemaal mee eens",TRUE,"Helemaal mee eens",TRUE,TRUE,TRUE,TRUE,TRUE,TRUE
3012,18,"18 tot 25 jaar",FALSE,TRUE,"Helemaal mee eens",TRUE,"Mee eens",TRUE,TRUE,TRUE,TRUE,TRUE,FALSE
3013,62,"55 tot 65 jaar",FALSE,TRUE,"Helemaal mee eens",TRUE,"Helemaal mee eens",TRUE,TRUE,TRUE,TRUE,TRUE,TRUE
3014,67,"65 tot 75 jaar",TRUE,TRUE,"Helemaal mee oneens",FALSE,"Helemaal mee oneens",FALSE,FALSE,TRUE,FALSE,FALSE,FALSE
3015,80,"75 jaar of ouder",FALSE,TRUE,"Helemaal mee eens",TRUE,"Mee eens",TRUE,TRUE,FALSE,TRUE,TRUE,TRUE
3016,76,"75 jaar of ouder",FALSE,TRUE,"Helemaal mee eens",TRUE,"Niet mee eens, niet mee oneens",FALSE,TRUE,TRUE,TRUE,FALSE,TRUE
3017,50,"45 tot 55 jaar",FALSE,TRUE,"Mee eens",TRUE,"Mee eens",TRUE,FALSE,TRUE,TRUE,TRUE,FALSE
3018,29,"25 tot 35 jaar",FALSE,TRUE,"Mee eens",TRUE,"Mee oneens",FALSE,TRUE,TRUE,FALSE,FALSE,FALSE
3019,20,"18 tot 25 jaar",TRUE,TRUE,"Mee eens",TRUE,"Niet mee eens, niet mee oneens",FALSE,FALSE,FALSE,TRUE,TRUE,TRUE
3020,79,"75 jaar of ouder",FALSE,TRUE,"Helemaal mee eens",TRUE,"Helemaal mee eens",TRUE,TRUE,TRUE,TRUE,TRUE,TRUE
3021,28,"25 tot 35 jaar",FALSE,TRUE,"Helemaal mee eens",TRUE,"Mee eens",TRUE,TRUE,TRUE,TRUE,TRUE,TRUE
3022,50,"45 tot 55 jaar",FALSE,TRUE,"Mee eens",TRUE,"Niet mee eens, niet mee oneens",FALSE,TRUE,TRUE,TRUE,TRUE,TRUE
3023,56,"55 tot 65 jaar",FALSE,TRUE,"Helemaal mee eens",TRUE,"Helemaal mee eens",TRUE,TRUE,TRUE,TRUE,TRUE,TRUE
3024,72,"65 tot 75 jaar",TRUE,TRUE,"Mee eens",TRUE,"Mee eens",TRUE,TRUE,TRUE,TRUE,TRUE,TRUE
3025,31,"25 tot 35 jaar",FALSE,TRUE,"Helemaal mee eens",TRUE,"Helemaal mee eens",TRUE,TRUE,TRUE,TRUE,TRUE,FALSE
3026,35,"35 tot 45 jaar",TRUE,TRUE,"Mee eens",TRUE,"Mee eens",TRUE,TRUE,TRUE,TRUE,TRUE,TRUE
3027,27,"25 tot 35 jaar",TRUE,TRUE,"Helemaal mee eens",TRUE,"Mee eens",TRUE,TRUE,TRUE,TRUE,TRUE,TRUE
3028,46,"45 tot 55 jaar",FALSE,TRUE,"Mee eens",TRUE,"Niet mee eens, niet mee oneens",FALSE,TRUE,TRUE,TRUE,TRUE,TRUE
3029,56,"55 tot 65 jaar",FALSE,TRUE,"Mee eens",TRUE,"Mee eens",TRUE,TRUE,TRUE,TRUE,TRUE,TRUE
3030,42,"35 tot 45 jaar",FALSE,TRUE,"Helemaal mee eens",TRUE,"Helemaal mee eens",TRUE,TRUE,TRUE,TRUE,TRUE,TRUE
3031,58,"55 tot 65 jaar",FALSE,TRUE,"Helemaal mee eens",TRUE,"Mee eens",TRUE,TRUE,TRUE,TRUE,TRUE,FALSE
3032,55,"55 tot 65 jaar",FALSE,TRUE,"Mee eens",TRUE,"Niet mee eens, niet mee oneens",FALSE,TRUE,TRUE,TRUE,TRUE,FALSE
3033,29,"25 tot 35 jaar",FALSE,TRUE,"Helemaal mee eens",TRUE,"Mee eens",TRUE,TRUE,TRUE,TRUE,TRUE,TRUE
3034,71,"65 tot 75 jaar",FALSE,TRUE,"Mee eens",TRUE,"Helemaal mee eens",TRUE,TRUE,TRUE,TRUE,TRUE,TRUE
3035,28,"25 tot 35 jaar",FALSE,TRUE,"Mee eens",TRUE,"Mee eens",TRUE,TRUE,TRUE,TRUE,TRUE,TRUE
3036,59,"55 tot 65 jaar",FALSE,TRUE,"Helemaal mee eens",TRUE,"Helemaal mee eens",TRUE,TRUE,TRUE,TRUE,TRUE,TRUE
3037,57,"55 tot 65 jaar",FALSE,TRUE,"Helemaal mee eens",TRUE,"Helemaal mee eens",TRUE,TRUE,TRUE,TRUE,TRUE,TRUE
3038,39,"35 tot 45 jaar",TRUE,TRUE,"Helemaal mee eens",TRUE,"Mee eens",TRUE,TRUE,TRUE,TRUE,TRUE,TRUE
3039,46,"45 tot 55 jaar",TRUE,TRUE,"Helemaal mee eens",TRUE,"Mee eens",TRUE,TRUE,TRUE,FALSE,TRUE,TRUE
3040,59,"55 tot 65 jaar",TRUE,TRUE,"Mee eens",TRUE,"Mee eens",TRUE,TRUE,TRUE,TRUE,TRUE,TRUE
3041,58,"55 tot 65 jaar",TRUE,TRUE,"Helemaal mee eens",TRUE,"Helemaal mee eens",TRUE,TRUE,TRUE,TRUE,TRUE,TRUE
3042,25,"25 tot 35 jaar",FALSE,TRUE,"Helemaal mee eens",TRUE,"Mee eens",TRUE,TRUE,TRUE,FALSE,TRUE,TRUE
3043,78,"75 jaar of ouder",FALSE,TRUE,"Mee eens",TRUE,"Niet mee eens, niet mee oneens",FALSE,TRUE,TRUE,TRUE,TRUE,TRUE
3044,20,"18 tot 25 jaar",FALSE,TRUE,"Mee eens",TRUE,"Niet mee eens, niet mee oneens",FALSE,TRUE,FALSE,TRUE,FALSE,FALSE
3045,60,"55 tot 65 jaar",TRUE,TRUE,"Helemaal mee eens",TRUE,"Mee eens",TRUE,TRUE,TRUE,TRUE,TRUE,FALSE
3046,36,"35 tot 45 jaar",FALSE,TRUE,"Mee eens",TRUE,"Mee eens",TRUE,FALSE,TRUE,TRUE,TRUE,FALSE
3047,81,"75 jaar of ouder",FALSE,FALSE,"Helemaal mee eens",TRUE,"Helemaal mee eens",TRUE,TRUE,TRUE,TRUE,TRUE,TRUE
3048,72,"65 tot 75 jaar",TRUE,TRUE,"Helemaal mee eens",TRUE,"Mee eens",TRUE,TRUE,TRUE,TRUE,TRUE,TRUE
3049,32,"25 tot 35 jaar",FALSE,TRUE,"Mee eens",TRUE,"Mee eens",TRUE,TRUE,TRUE,TRUE,TRUE,TRUE
3050,34,"25 tot 35 jaar",TRUE,TRUE,"Niet mee eens, niet mee oneens",FALSE,"Mee oneens",FALSE,FALSE,FALSE,FALSE,FALSE,FALSE
3051,45,"45 tot 55 jaar",FALSE,TRUE,"Mee eens",TRUE,"Niet mee eens, niet mee oneens",FALSE,TRUE,TRUE,TRUE,FALSE,TRUE
3052,57,"55 tot 65 jaar",TRUE,TRUE,"Mee eens",TRUE,"Mee eens",TRUE,TRUE,TRUE,TRUE,TRUE,TRUE
3053,40,"35 tot 45 jaar",TRUE,TRUE,"Helemaal mee eens",TRUE,"Helemaal mee eens",TRUE,TRUE,TRUE,TRUE,TRUE,TRUE
3054,18,"18 tot 25 jaar",TRUE,TRUE,"Mee eens",TRUE,"Mee eens",TRUE,TRUE,TRUE,FALSE,TRUE,TRUE
3055,47,"45 tot 55 jaar",TRUE,TRUE,"Mee eens",TRUE,"Mee eens",TRUE,TRUE,TRUE,TRUE,TRUE,FALSE
3056,82,"75 jaar of ouder",FALSE,TRUE,"Helemaal mee eens",TRUE,"Helemaal mee eens",TRUE,TRUE,TRUE,TRUE,TRUE,TRUE
3057,84,"75 jaar of ouder",FALSE,TRUE,"Helemaal mee eens",TRUE,"Mee eens",TRUE,TRUE,TRUE,TRUE,TRUE,TRUE
3058,60,"55 tot 65 jaar",TRUE,TRUE,"Niet mee eens, niet mee oneens",FALSE,"Niet mee eens, niet mee oneens",FALSE,FALSE,FALSE,FALSE,FALSE,FALSE
3059,78,"75 jaar of ouder",TRUE,TRUE,"Mee eens",TRUE,"Mee eens",TRUE,TRUE,FALSE,FALSE,TRUE,TRUE
3060,57,"55 tot 65 jaar",TRUE,TRUE,"Helemaal mee eens",TRUE,"Mee eens",TRUE,TRUE,TRUE,TRUE,TRUE,TRUE
3061,54,"45 tot 55 jaar",FALSE,TRUE,"Mee eens",TRUE,"Mee eens",TRUE,TRUE,TRUE,TRUE,TRUE,TRUE
3062,20,"18 tot 25 jaar",FALSE,TRUE,"Helemaal mee eens",TRUE,"Mee eens",TRUE,TRUE,TRUE,TRUE,TRUE,TRUE
3063,80,"75 jaar of ouder",TRUE,TRUE,"Mee eens",TRUE,"Mee oneens",FALSE,TRUE,FALSE,FALSE,FALSE,FALSE
3064,73,"65 tot 75 jaar",TRUE,TRUE,"Niet mee eens, niet mee oneens",FALSE,"Niet mee eens, niet mee oneens",FALSE,TRUE,FALSE,FALSE,TRUE,FALSE
3065,79,"75 jaar of ouder",TRUE,TRUE,"Mee eens",TRUE,"Niet mee eens, niet mee oneens",FALSE,TRUE,TRUE,TRUE,FALSE,FALSE
3066,40,"35 tot 45 jaar",FALSE,TRUE,"Helemaal mee eens",TRUE,"Mee eens",TRUE,TRUE,TRUE,TRUE,TRUE,FALSE
3067,57,"55 tot 65 jaar",TRUE,TRUE,"Helemaal mee eens",TRUE,"Mee eens",TRUE,TRUE,TRUE,TRUE,TRUE,TRUE
3068,18,"18 tot 25 jaar",FALSE,TRUE,"Mee eens",TRUE,"Mee eens",TRUE,TRUE,TRUE,FALSE,TRUE,TRUE
3069,24,"18 tot 25 jaar",FALSE,TRUE,"Niet mee eens, niet mee oneens",FALSE,"Mee eens",TRUE,TRUE,TRUE,TRUE,TRUE,FALSE
3070,18,"18 tot 25 jaar",FALSE,TRUE,"Helemaal mee eens",TRUE,"Helemaal mee eens",TRUE,TRUE,TRUE,TRUE,TRUE,TRUE
3071,76,"75 jaar of ouder",TRUE,TRUE,"Mee eens",TRUE,"Helemaal mee eens",TRUE,TRUE,TRUE,TRUE,TRUE,TRUE
3072,45,"45 tot 55 jaar",FALSE,TRUE,"Helemaal mee eens",TRUE,"Helemaal mee eens",TRUE,TRUE,TRUE,TRUE,TRUE,TRUE
3073,23,"18 tot 25 jaar",FALSE,TRUE,"Helemaal mee eens",TRUE,"Niet mee eens, niet mee oneens",FALSE,TRUE,TRUE,FALSE,TRUE,FALSE
3074,33,"25 tot 35 jaar",FALSE,TRUE,"Helemaal mee eens",TRUE,"Helemaal mee eens",TRUE,TRUE,TRUE,TRUE,TRUE,TRUE
3075,55,"55 tot 65 jaar",TRUE,TRUE,"Helemaal mee eens",TRUE,"Mee eens",TRUE,TRUE,TRUE,TRUE,TRUE,TRUE
3076,43,"35 tot 45 jaar",FALSE,TRUE,"Mee eens",TRUE,"Niet mee eens, niet mee oneens",FALSE,TRUE,TRUE,TRUE,TRUE,TRUE
3077,33,"25 tot 35 jaar",FALSE,TRUE,"Mee oneens",FALSE,"Helemaal mee oneens",FALSE,FALSE,FALSE,TRUE,FALSE,FALSE
3078,59,"55 tot 65 jaar",TRUE,TRUE,"Helemaal mee eens",TRUE,"Helemaal mee eens",TRUE,TRUE,TRUE,TRUE,TRUE,TRUE
3079,62,"55 tot 65 jaar",TRUE,TRUE,"Helemaal mee eens",TRUE,"Mee eens",TRUE,FALSE,TRUE,TRUE,TRUE,TRUE
3080,56,"55 tot 65 jaar",FALSE,TRUE,"Helemaal mee eens",TRUE,"Mee eens",TRUE,TRUE,TRUE,TRUE,TRUE,TRUE
3081,66,"65 tot 75 jaar",FALSE,FALSE,"Helemaal mee eens",TRUE,"Helemaal mee eens",TRUE,TRUE,TRUE,TRUE,TRUE,TRUE
3082,29,"25 tot 35 jaar",TRUE,TRUE,"Mee eens",TRUE,"Niet mee eens, niet mee oneens",FALSE,TRUE,FALSE,TRUE,FALSE,FALSE
3083,61,"55 tot 65 jaar",TRUE,TRUE,"Mee eens",TRUE,"Mee eens",TRUE,TRUE,TRUE,FALSE,FALSE,FALSE
3084,22,"18 tot 25 jaar",FALSE,TRUE,"Helemaal mee eens",TRUE,"Mee eens",TRUE,TRUE,TRUE,TRUE,TRUE,TRUE
3085,77,"75 jaar of ouder",TRUE,FALSE,"Niet mee eens, niet mee oneens",FALSE,"Mee eens",TRUE,FALSE,TRUE,FALSE,TRUE,TRUE
3086,51,"45 tot 55 jaar",FALSE,TRUE,"Mee eens",TRUE,"Mee oneens",FALSE,TRUE,TRUE,TRUE,TRUE,FALSE
3087,88,"75 jaar of ouder",FALSE,TRUE,"Helemaal mee eens",TRUE,"Niet mee eens, niet mee oneens",FALSE,TRUE,FALSE,TRUE,FALSE,FALSE
3088,88,"75 jaar of ouder",TRUE,TRUE,"Helemaal mee eens",TRUE,"Helemaal mee eens",TRUE,TRUE,TRUE,TRUE,TRUE,TRUE
3089,42,"35 tot 45 jaar",TRUE,TRUE,"Mee eens",TRUE,"Mee eens",TRUE,TRUE,TRUE,FALSE,TRUE,FALSE
3090,36,"35 tot 45 jaar",FALSE,TRUE,"Niet mee eens, niet mee oneens",FALSE,"Mee oneens",FALSE,FALSE,FALSE,FALSE,FALSE,FALSE
3091,66,"65 tot 75 jaar",FALSE,TRUE,"Niet mee eens, niet mee oneens",FALSE,"Mee oneens",FALSE,TRUE,TRUE,FALSE,FALSE,FALSE
3092,52,"45 tot 55 jaar",FALSE,TRUE,"Helemaal mee eens",TRUE,"Helemaal mee eens",TRUE,TRUE,TRUE,TRUE,TRUE,TRUE
3093,24,"18 tot 25 jaar",FALSE,TRUE,"Mee eens",TRUE,"Mee eens",TRUE,FALSE,TRUE,TRUE,TRUE,TRUE
3094,70,"65 tot 75 jaar",FALSE,TRUE,"Mee eens",TRUE,"Mee eens",TRUE,TRUE,TRUE,TRUE,FALSE,FALSE
3095,76,"75 jaar of ouder",TRUE,TRUE,"Helemaal mee eens",TRUE,"Helemaal mee eens",TRUE,TRUE,TRUE,TRUE,TRUE,TRUE
3096,63,"55 tot 65 jaar",TRUE,TRUE,"Helemaal mee eens",TRUE,"Mee eens",TRUE,TRUE,TRUE,TRUE,TRUE,TRUE
3097,70,"65 tot 75 jaar",TRUE,TRUE,"Mee eens",TRUE,"Niet mee eens, niet mee oneens",FALSE,TRUE,TRUE,FALSE,FALSE,TRUE
3098,68,"65 tot 75 jaar",FALSE,TRUE,"Helemaal mee eens",TRUE,"Helemaal mee eens",TRUE,TRUE,TRUE,TRUE,TRUE,TRUE
3099,76,"75 jaar of ouder",TRUE,TRUE,"Mee eens",TRUE,"Helemaal mee eens",TRUE,TRUE,TRUE,TRUE,TRUE,TRUE
3100,57,"55 tot 65 jaar",FALSE,TRUE,"Mee eens",TRUE,"Mee eens",TRUE,TRUE,TRUE,TRUE,TRUE,FALSE
3101,24,"18 tot 25 jaar",TRUE,TRUE,"Mee eens",TRUE,"Niet mee eens, niet mee oneens",FALSE,TRUE,TRUE,FALSE,TRUE,TRUE
3102,88,"75 jaar of ouder",TRUE,TRUE,"Mee eens",TRUE,"Mee eens",TRUE,TRUE,TRUE,TRUE,TRUE,TRUE
3103,42,"35 tot 45 jaar",TRUE,TRUE,"Mee eens",TRUE,"Mee eens",TRUE,TRUE,TRUE,TRUE,TRUE,TRUE
3104,40,"35 tot 45 jaar",TRUE,TRUE,"Helemaal mee eens",TRUE,"Mee eens",TRUE,TRUE,TRUE,TRUE,TRUE,TRUE
3105,57,"55 tot 65 jaar",TRUE,TRUE,"Helemaal mee eens",TRUE,"Helemaal mee eens",TRUE,TRUE,TRUE,FALSE,TRUE,TRUE
3106,64,"55 tot 65 jaar",FALSE,TRUE,"Mee eens",TRUE,"Mee eens",TRUE,TRUE,TRUE,TRUE,TRUE,TRUE
3107,65,"65 tot 75 jaar",TRUE,FALSE,"Helemaal mee eens",TRUE,"Helemaal mee eens",TRUE,TRUE,TRUE,TRUE,TRUE,FALSE
3108,67,"65 tot 75 jaar",FALSE,TRUE,"Mee eens",TRUE,"Niet mee eens, niet mee oneens",FALSE,TRUE,TRUE,FALSE,FALSE,FALSE
3109,35,"35 tot 45 jaar",FALSE,TRUE,"Mee eens",TRUE,"Mee eens",TRUE,FALSE,TRUE,FALSE,FALSE,FALSE
3110,28,"25 tot 35 jaar",FALSE,TRUE,"Mee eens",TRUE,"Niet mee eens, niet mee oneens",FALSE,TRUE,TRUE,TRUE,TRUE,FALSE
3111,42,"35 tot 45 jaar",TRUE,TRUE,"Helemaal mee eens",TRUE,"Helemaal mee eens",TRUE,TRUE,FALSE,TRUE,TRUE,TRUE
3112,51,"45 tot 55 jaar",FALSE,TRUE,"Mee eens",TRUE,"Mee oneens",FALSE,TRUE,FALSE,FALSE,TRUE,TRUE
3113,63,"55 tot 65 jaar",FALSE,TRUE,"Helemaal mee eens",TRUE,"Helemaal mee eens",TRUE,TRUE,TRUE,TRUE,TRUE,TRUE
3114,86,"75 jaar of ouder",FALSE,TRUE,"Helemaal mee eens",TRUE,"Niet mee eens, niet mee oneens",FALSE,TRUE,TRUE,TRUE,TRUE,TRUE
3115,31,"25 tot 35 jaar",TRUE,TRUE,"Mee eens",TRUE,"Mee eens",TRUE,TRUE,TRUE,TRUE,TRUE,TRUE
3116,34,"25 tot 35 jaar",TRUE,TRUE,"Helemaal mee eens",TRUE,"Helemaal mee eens",TRUE,TRUE,TRUE,TRUE,TRUE,TRUE
3117,32,"25 tot 35 jaar",TRUE,FALSE,"Mee eens",TRUE,"Niet mee eens, niet mee oneens",FALSE,TRUE,TRUE,TRUE,FALSE,FALSE
3118,19,"18 tot 25 jaar",TRUE,TRUE,"Helemaal mee eens",TRUE,"Mee eens",TRUE,TRUE,TRUE,TRUE,TRUE,FALSE
3119,53,"45 tot 55 jaar",FALSE,TRUE,"Mee eens",TRUE,"Mee eens",TRUE,TRUE,TRUE,FALSE,TRUE,TRUE
3120,40,"35 tot 45 jaar",FALSE,TRUE,"Helemaal mee eens",TRUE,"Helemaal mee eens",TRUE,TRUE,TRUE,TRUE,TRUE,TRUE
3121,73,"65 tot 75 jaar",FALSE,TRUE,"Mee eens",TRUE,"Niet mee eens, niet mee oneens",FALSE,TRUE,TRUE,TRUE,TRUE,FALSE
3122,68,"65 tot 75 jaar",FALSE,TRUE,"Helemaal mee eens",TRUE,"Helemaal mee eens",TRUE,TRUE,TRUE,TRUE,TRUE,TRUE
3123,37,"35 tot 45 jaar",TRUE,TRUE,"Helemaal mee eens",TRUE,"Helemaal mee eens",TRUE,TRUE,TRUE,TRUE,TRUE,TRUE
3124,24,"18 tot 25 jaar",FALSE,TRUE,"Mee eens",TRUE,"Niet mee eens, niet mee oneens",FALSE,TRUE,TRUE,TRUE,TRUE,TRUE
3125,46,"45 tot 55 jaar",FALSE,TRUE,"Niet mee eens, niet mee oneens",FALSE,"Mee eens",TRUE,TRUE,TRUE,TRUE,TRUE,FALSE
3126,30,"25 tot 35 jaar",TRUE,TRUE,"Helemaal mee eens",TRUE,"Mee eens",TRUE,TRUE,TRUE,TRUE,TRUE,TRUE
3127,58,"55 tot 65 jaar",TRUE,TRUE,"Helemaal mee eens",TRUE,"Mee eens",TRUE,TRUE,TRUE,TRUE,TRUE,TRUE
3128,83,"75 jaar of ouder",FALSE,TRUE,"Niet mee eens, niet mee oneens",FALSE,"Helemaal mee oneens",FALSE,FALSE,FALSE,FALSE,FALSE,FALSE
3129,28,"25 tot 35 jaar",TRUE,TRUE,"Helemaal mee eens",TRUE,"Helemaal mee eens",TRUE,TRUE,TRUE,TRUE,TRUE,TRUE
3130,48,"45 tot 55 jaar",FALSE,TRUE,"Niet mee eens, niet mee oneens",FALSE,"Niet mee eens, niet mee oneens",FALSE,FALSE,TRUE,FALSE,FALSE,FALSE
3131,61,"55 tot 65 jaar",FALSE,TRUE,"Helemaal mee eens",TRUE,"Mee eens",TRUE,TRUE,TRUE,TRUE,TRUE,TRUE
3132,69,"65 tot 75 jaar",FALSE,TRUE,"Mee eens",TRUE,"Niet mee eens, niet mee oneens",FALSE,TRUE,FALSE,TRUE,FALSE,TRUE
3133,22,"18 tot 25 jaar",FALSE,TRUE,"Niet mee eens, niet mee oneens",FALSE,"Niet mee eens, niet mee oneens",FALSE,TRUE,TRUE,TRUE,FALSE,FALSE
3134,67,"65 tot 75 jaar",TRUE,TRUE,"Mee eens",TRUE,"Mee eens",TRUE,FALSE,TRUE,FALSE,FALSE,TRUE
3135,62,"55 tot 65 jaar",TRUE,TRUE,"Helemaal mee eens",TRUE,"Mee eens",TRUE,TRUE,TRUE,TRUE,TRUE,TRUE
3136,83,"75 jaar of ouder",FALSE,TRUE,"Helemaal mee eens",TRUE,"Niet mee eens, niet mee oneens",FALSE,TRUE,TRUE,TRUE,TRUE,TRUE
3137,67,"65 tot 75 jaar",TRUE,TRUE,"Helemaal mee eens",TRUE,"Mee eens",TRUE,TRUE,TRUE,TRUE,TRUE,TRUE
3138,67,"65 tot 75 jaar",TRUE,TRUE,"Mee eens",TRUE,"Mee eens",TRUE,FALSE,TRUE,TRUE,TRUE,TRUE
3139,61,"55 tot 65 jaar",FALSE,TRUE,"Niet mee eens, niet mee oneens",FALSE,"Niet mee eens, niet mee oneens",FALSE,FALSE,FALSE,FALSE,FALSE,FALSE
3140,22,"18 tot 25 jaar",FALSE,TRUE,"Mee eens",TRUE,"Niet mee eens, niet mee oneens",FALSE,TRUE,TRUE,TRUE,TRUE,TRUE
3141,58,"55 tot 65 jaar",TRUE,TRUE,"Mee eens",TRUE,"Mee eens",TRUE,TRUE,TRUE,TRUE,TRUE,TRUE
3142,20,"18 tot 25 jaar",FALSE,TRUE,"Mee eens",TRUE,"Mee eens",TRUE,TRUE,TRUE,TRUE,TRUE,TRUE
3143,63,"55 tot 65 jaar",TRUE,TRUE,"Mee eens",TRUE,"Mee eens",TRUE,TRUE,TRUE,TRUE,TRUE,TRUE
3144,43,"35 tot 45 jaar",FALSE,TRUE,"Niet mee eens, niet mee oneens",FALSE,"Niet mee eens, niet mee oneens",FALSE,TRUE,TRUE,TRUE,FALSE,FALSE
3145,85,"75 jaar of ouder",FALSE,FALSE,"Helemaal mee eens",TRUE,"Mee eens",TRUE,TRUE,TRUE,TRUE,TRUE,TRUE
3146,59,"55 tot 65 jaar",FALSE,TRUE,"Mee eens",TRUE,"Niet mee eens, niet mee oneens",FALSE,TRUE,TRUE,TRUE,TRUE,FALSE
3147,67,"65 tot 75 jaar",FALSE,TRUE,"Mee eens",TRUE,"Mee eens",TRUE,TRUE,TRUE,TRUE,TRUE,FALSE
3148,87,"75 jaar of ouder",FALSE,TRUE,"Mee eens",TRUE,"Niet mee eens, niet mee oneens",FALSE,TRUE,TRUE,TRUE,FALSE,FALSE
3149,19,"18 tot 25 jaar",FALSE,TRUE,"Niet mee eens, niet mee oneens",FALSE,"Mee oneens",FALSE,TRUE,TRUE,TRUE,FALSE,TRUE
3150,50,"45 tot 55 jaar",FALSE,TRUE,"Helemaal mee eens",TRUE,"Mee eens",TRUE,TRUE,TRUE,TRUE,TRUE,TRUE
3151,74,"65 tot 75 jaar",FALSE,FALSE,"Mee eens",TRUE,"Niet mee eens, niet mee oneens",FALSE,FALSE,TRUE,FALSE,FALSE,FALSE
3152,26,"25 tot 35 jaar",FALSE,TRUE,"Helemaal mee eens",TRUE,"Mee eens",TRUE,TRUE,TRUE,TRUE,TRUE,TRUE
3153,53,"45 tot 55 jaar",FALSE,FALSE,"Niet mee eens, niet mee oneens",FALSE,"Niet mee eens, niet mee oneens",FALSE,TRUE,FALSE,FALSE,FALSE,TRUE
3154,73,"65 tot 75 jaar",TRUE,TRUE,"Helemaal mee eens",TRUE,"Mee eens",TRUE,TRUE,TRUE,FALSE,TRUE,FALSE
3155,27,"25 tot 35 jaar",FALSE,TRUE,"Mee eens",TRUE,"Niet mee eens, niet mee oneens",FALSE,FALSE,TRUE,TRUE,TRUE,FALSE
3156,44,"35 tot 45 jaar",FALSE,TRUE,"Helemaal mee eens",TRUE,"Helemaal mee eens",TRUE,TRUE,TRUE,TRUE,TRUE,TRUE
3157,23,"18 tot 25 jaar",TRUE,TRUE,"Helemaal mee eens",TRUE,"Helemaal mee eens",TRUE,TRUE,TRUE,TRUE,TRUE,TRUE
3158,19,"18 tot 25 jaar",TRUE,TRUE,"Mee eens",TRUE,"Mee eens",TRUE,TRUE,FALSE,TRUE,TRUE,FALSE
3159,64,"55 tot 65 jaar",TRUE,TRUE,"Mee eens",TRUE,"Mee eens",TRUE,FALSE,TRUE,TRUE,TRUE,TRUE
3160,20,"18 tot 25 jaar",TRUE,TRUE,"Helemaal mee eens",TRUE,"Helemaal mee eens",TRUE,TRUE,TRUE,TRUE,TRUE,TRUE
3161,60,"55 tot 65 jaar",FALSE,TRUE,"Helemaal mee eens",TRUE,"Mee eens",TRUE,TRUE,TRUE,TRUE,TRUE,FALSE
3162,41,"35 tot 45 jaar",FALSE,TRUE,"Helemaal mee eens",TRUE,"Helemaal mee eens",TRUE,TRUE,TRUE,TRUE,TRUE,TRUE
3163,74,"65 tot 75 jaar",TRUE,TRUE,"Mee eens",TRUE,"Niet mee eens, niet mee oneens",FALSE,TRUE,TRUE,TRUE,TRUE,TRUE
3164,25,"25 tot 35 jaar",TRUE,TRUE,"Helemaal mee eens",TRUE,"Mee eens",TRUE,TRUE,TRUE,TRUE,TRUE,TRUE
3165,64,"55 tot 65 jaar",FALSE,TRUE,"Mee eens",TRUE,"Niet mee eens, niet mee oneens",FALSE,TRUE,TRUE,TRUE,TRUE,TRUE
3166,62,"55 tot 65 jaar",FALSE,TRUE,"Helemaal mee eens",TRUE,"Mee eens",TRUE,TRUE,TRUE,TRUE,TRUE,TRUE
3167,37,"35 tot 45 jaar",TRUE,TRUE,"Helemaal mee eens",TRUE,"Helemaal mee eens",TRUE,TRUE,TRUE,TRUE,TRUE,TRUE
3168,47,"45 tot 55 jaar",FALSE,TRUE,"Helemaal mee eens",TRUE,"Mee eens",TRUE,TRUE,FALSE,TRUE,TRUE,TRUE
3169,89,"75 jaar of ouder",TRUE,TRUE,"Mee eens",TRUE,"Niet mee eens, niet mee oneens",FALSE,FALSE,TRUE,FALSE,FALSE,FALSE
3170,43,"35 tot 45 jaar",TRUE,TRUE,"Mee eens",TRUE,"Mee eens",TRUE,TRUE,FALSE,TRUE,FALSE,FALSE
3171,67,"65 tot 75 jaar",TRUE,TRUE,"Helemaal mee eens",TRUE,"Helemaal mee eens",TRUE,TRUE,TRUE,TRUE,TRUE,TRUE
3172,31,"25 tot 35 jaar",FALSE,TRUE,"Niet mee eens, niet mee oneens",FALSE,"Niet mee eens, niet mee oneens",FALSE,FALSE,TRUE,FALSE,FALSE,FALSE
3173,86,"75 jaar of ouder",FALSE,TRUE,"Mee eens",TRUE,"Helemaal mee eens",TRUE,TRUE,TRUE,TRUE,TRUE,TRUE
3174,53,"45 tot 55 jaar",FALSE,TRUE,"Mee eens",TRUE,"Niet mee eens, niet mee oneens",FALSE,TRUE,TRUE,FALSE,TRUE,FALSE
3175,20,"18 tot 25 jaar",TRUE,TRUE,"Mee eens",TRUE,"Mee eens",TRUE,TRUE,TRUE,TRUE,FALSE,FALSE
3176,52,"45 tot 55 jaar",TRUE,TRUE,"Helemaal mee eens",TRUE,"Mee eens",TRUE,TRUE,TRUE,TRUE,TRUE,TRUE
3177,29,"25 tot 35 jaar",FALSE,TRUE,"Niet mee eens, niet mee oneens",FALSE,"Niet mee eens, niet mee oneens",FALSE,TRUE,TRUE,TRUE,FALSE,FALSE
3178,35,"35 tot 45 jaar",FALSE,TRUE,"Helemaal mee eens",TRUE,"Mee eens",TRUE,TRUE,TRUE,TRUE,TRUE,TRUE
3179,19,"18 tot 25 jaar",TRUE,TRUE,"Niet mee eens, niet mee oneens",FALSE,"Mee eens",TRUE,TRUE,TRUE,TRUE,TRUE,FALSE
3180,84,"75 jaar of ouder",FALSE,TRUE,"Helemaal mee eens",TRUE,"Helemaal mee eens",TRUE,TRUE,FALSE,TRUE,TRUE,TRUE
3181,53,"45 tot 55 jaar",TRUE,TRUE,"Niet mee eens, niet mee oneens",FALSE,"Mee eens",TRUE,TRUE,TRUE,FALSE,FALSE,FALSE
3182,64,"55 tot 65 jaar",TRUE,TRUE,"Helemaal mee eens",TRUE,"Mee eens",TRUE,TRUE,FALSE,FALSE,TRUE,FALSE
3183,57,"55 tot 65 jaar",FALSE,TRUE,"Niet mee eens, niet mee oneens",FALSE,"Mee eens",TRUE,TRUE,TRUE,TRUE,TRUE,TRUE
3184,40,"35 tot 45 jaar",FALSE,FALSE,"Helemaal mee eens",TRUE,"Mee eens",TRUE,TRUE,TRUE,TRUE,TRUE,TRUE
3185,21,"18 tot 25 jaar",FALSE,FALSE,"Mee eens",TRUE,"Mee oneens",FALSE,FALSE,TRUE,TRUE,TRUE,FALSE
3186,79,"75 jaar of ouder",FALSE,TRUE,"Mee eens",TRUE,"Niet mee eens, niet mee oneens",FALSE,TRUE,TRUE,TRUE,TRUE,TRUE
3187,79,"75 jaar of ouder",FALSE,TRUE,"Mee eens",TRUE,"Niet mee eens, niet mee oneens",FALSE,TRUE,TRUE,FALSE,TRUE,FALSE
3188,25,"25 tot 35 jaar",FALSE,TRUE,"Helemaal mee eens",TRUE,"Mee eens",TRUE,TRUE,TRUE,TRUE,TRUE,TRUE
3189,39,"35 tot 45 jaar",FALSE,TRUE,"Helemaal mee eens",TRUE,"Helemaal mee eens",TRUE,TRUE,TRUE,TRUE,TRUE,TRUE
3190,20,"18 tot 25 jaar",TRUE,TRUE,"Helemaal mee eens",TRUE,"Mee eens",TRUE,TRUE,TRUE,TRUE,TRUE,TRUE
3191,47,"45 tot 55 jaar",TRUE,TRUE,"Helemaal mee eens",TRUE,"Mee eens",TRUE,TRUE,TRUE,TRUE,FALSE,TRUE
3192,45,"45 tot 55 jaar",TRUE,TRUE,"Helemaal mee eens",TRUE,"Helemaal mee eens",TRUE,TRUE,TRUE,TRUE,TRUE,TRUE
3193,47,"45 tot 55 jaar",TRUE,TRUE,"Mee eens",TRUE,"Mee eens",TRUE,TRUE,TRUE,FALSE,FALSE,FALSE
3194,63,"55 tot 65 jaar",TRUE,TRUE,"Helemaal mee eens",TRUE,"Helemaal mee eens",TRUE,TRUE,TRUE,FALSE,TRUE,TRUE
3195,33,"25 tot 35 jaar",TRUE,TRUE,"Helemaal mee eens",TRUE,"Mee eens",TRUE,TRUE,TRUE,TRUE,TRUE,TRUE
3196,82,"75 jaar of ouder",FALSE,TRUE,"Mee eens",TRUE,"Mee eens",TRUE,TRUE,TRUE,TRUE,TRUE,FALSE
3197,33,"25 tot 35 jaar",FALSE,TRUE,"Mee eens",TRUE,"Mee eens",TRUE,TRUE,FALSE,FALSE,TRUE,TRUE
3198,28,"25 tot 35 jaar",FALSE,TRUE,"Mee eens",TRUE,"Mee oneens",FALSE,TRUE,TRUE,FALSE,TRUE,FALSE
3199,57,"55 tot 65 jaar",TRUE,TRUE,"Helemaal mee eens",TRUE,"Mee eens",TRUE,TRUE,TRUE,TRUE,TRUE,TRUE
3200,68,"65 tot 75 jaar",FALSE,TRUE,"Helemaal mee eens",TRUE,"Mee eens",TRUE,TRUE,TRUE,TRUE,TRUE,TRUE
3201,43,"35 tot 45 jaar",TRUE,TRUE,"Mee eens",TRUE,"Mee oneens",FALSE,FALSE,TRUE,FALSE,FALSE,FALSE
3202,63,"55 tot 65 jaar",TRUE,TRUE,"Helemaal mee eens",TRUE,"Mee eens",TRUE,TRUE,TRUE,TRUE,TRUE,FALSE
3203,80,"75 jaar of ouder",FALSE,TRUE,"Helemaal mee eens",TRUE,"Mee eens",TRUE,TRUE,TRUE,TRUE,TRUE,TRUE
3204,70,"65 tot 75 jaar",TRUE,TRUE,"Helemaal mee eens",TRUE,"Mee eens",TRUE,TRUE,TRUE,TRUE,TRUE,TRUE
3205,54,"45 tot 55 jaar",TRUE,TRUE,"Helemaal mee eens",TRUE,"Mee eens",TRUE,TRUE,TRUE,TRUE,TRUE,TRUE
3206,40,"35 tot 45 jaar",FALSE,TRUE,"Mee eens",TRUE,"Niet mee eens, niet mee oneens",FALSE,TRUE,TRUE,TRUE,TRUE,TRUE
3207,35,"35 tot 45 jaar",FALSE,TRUE,"Helemaal mee eens",TRUE,"Mee eens",TRUE,TRUE,TRUE,TRUE,TRUE,TRUE
3208,71,"65 tot 75 jaar",TRUE,TRUE,"Mee eens",TRUE,"Helemaal mee eens",TRUE,TRUE,FALSE,TRUE,FALSE,TRUE
3209,44,"35 tot 45 jaar",FALSE,TRUE,"Mee eens",TRUE,"Mee eens",TRUE,TRUE,TRUE,FALSE,TRUE,FALSE
3210,37,"35 tot 45 jaar",FALSE,TRUE,"Helemaal mee eens",TRUE,"Mee eens",TRUE,TRUE,TRUE,TRUE,TRUE,TRUE
3211,34,"25 tot 35 jaar",FALSE,TRUE,"Helemaal mee eens",TRUE,"Helemaal mee eens",TRUE,TRUE,TRUE,TRUE,TRUE,TRUE
3212,81,"75 jaar of ouder",FALSE,TRUE,"Niet mee eens, niet mee oneens",FALSE,"Niet mee eens, niet mee oneens",FALSE,TRUE,FALSE,TRUE,TRUE,FALSE
3213,50,"45 tot 55 jaar",TRUE,TRUE,"Mee eens",TRUE,"Mee eens",TRUE,TRUE,TRUE,FALSE,TRUE,FALSE
3214,31,"25 tot 35 jaar",TRUE,TRUE,"Helemaal mee eens",TRUE,"Mee eens",TRUE,TRUE,TRUE,TRUE,TRUE,TRUE
3215,70,"65 tot 75 jaar",TRUE,TRUE,"Mee eens",TRUE,"Mee oneens",FALSE,FALSE,TRUE,TRUE,FALSE,FALSE
3216,42,"35 tot 45 jaar",FALSE,TRUE,"Mee eens",TRUE,"Mee eens",TRUE,TRUE,TRUE,TRUE,TRUE,TRUE
3217,81,"75 jaar of ouder",FALSE,TRUE,"Mee eens",TRUE,"Niet mee eens, niet mee oneens",FALSE,FALSE,TRUE,TRUE,FALSE,TRUE
3218,64,"55 tot 65 jaar",FALSE,FALSE,"Helemaal mee eens",TRUE,"Helemaal mee eens",TRUE,TRUE,TRUE,TRUE,TRUE,TRUE
3219,39,"35 tot 45 jaar",TRUE,TRUE,"Helemaal mee eens",TRUE,"Helemaal mee eens",TRUE,TRUE,TRUE,TRUE,TRUE,TRUE
3220,45,"45 tot 55 jaar",FALSE,TRUE,"Helemaal mee oneens",FALSE,"Mee oneens",FALSE,FALSE,TRUE,FALSE,FALSE,FALSE
3221,26,"25 tot 35 jaar",TRUE,TRUE,"Mee eens",TRUE,"Mee eens",TRUE,TRUE,TRUE,TRUE,TRUE,TRUE
3222,28,"25 tot 35 jaar",TRUE,TRUE,"Mee oneens",FALSE,"Mee oneens",FALSE,FALSE,TRUE,FALSE,FALSE,FALSE
3223,29,"25 tot 35 jaar",TRUE,TRUE,"Helemaal mee eens",TRUE,"Mee eens",TRUE,TRUE,TRUE,TRUE,TRUE,TRUE
3224,60,"55 tot 65 jaar",FALSE,TRUE,"Helemaal mee eens",TRUE,"Helemaal mee eens",TRUE,TRUE,TRUE,TRUE,TRUE,TRUE
3225,27,"25 tot 35 jaar",TRUE,TRUE,"Helemaal mee eens",TRUE,"Mee eens",TRUE,TRUE,FALSE,FALSE,TRUE,FALSE
3226,79,"75 jaar of ouder",TRUE,TRUE,"Helemaal mee eens",TRUE,"Helemaal mee eens",TRUE,TRUE,TRUE,TRUE,TRUE,TRUE
3227,21,"18 tot 25 jaar",TRUE,TRUE,"Helemaal mee eens",TRUE,"Niet mee eens, niet mee oneens",FALSE,TRUE,TRUE,TRUE,TRUE,TRUE
3228,25,"25 tot 35 jaar",TRUE,TRUE,"Helemaal mee eens",TRUE,"Mee eens",TRUE,FALSE,TRUE,FALSE,TRUE,FALSE
3229,63,"55 tot 65 jaar",TRUE,TRUE,"Mee eens",TRUE,"Mee eens",TRUE,TRUE,TRUE,TRUE,TRUE,FALSE
3230,37,"35 tot 45 jaar",TRUE,TRUE,"Niet mee eens, niet mee oneens",FALSE,"Mee oneens",FALSE,TRUE,TRUE,FALSE,FALSE,TRUE
3231,52,"45 tot 55 jaar",FALSE,TRUE,"Helemaal mee eens",TRUE,"Helemaal mee eens",TRUE,TRUE,TRUE,TRUE,TRUE,TRUE
3232,81,"75 jaar of ouder",TRUE,TRUE,"Mee eens",TRUE,"Mee eens",TRUE,TRUE,FALSE,TRUE,FALSE,TRUE
3233,81,"75 jaar of ouder",FALSE,TRUE,"Helemaal mee eens",TRUE,"Helemaal mee eens",TRUE,TRUE,TRUE,TRUE,TRUE,TRUE
3234,60,"55 tot 65 jaar",TRUE,TRUE,"Mee eens",TRUE,"Helemaal mee eens",TRUE,TRUE,TRUE,TRUE,TRUE,TRUE
3235,78,"75 jaar of ouder",TRUE,TRUE,"Helemaal mee eens",TRUE,"Niet mee eens, niet mee oneens",FALSE,TRUE,TRUE,TRUE,TRUE,TRUE
3236,28,"25 tot 35 jaar",TRUE,TRUE,"Mee eens",TRUE,"Mee eens",TRUE,TRUE,FALSE,TRUE,FALSE,FALSE
3237,35,"35 tot 45 jaar",FALSE,TRUE,"Helemaal mee eens",TRUE,"Helemaal mee eens",TRUE,TRUE,TRUE,TRUE,TRUE,TRUE
3238,54,"45 tot 55 jaar",TRUE,TRUE,"Mee eens",TRUE,"Helemaal mee eens",TRUE,TRUE,TRUE,TRUE,TRUE,TRUE
3239,64,"55 tot 65 jaar",TRUE,TRUE,"Helemaal mee eens",TRUE,"Mee eens",TRUE,TRUE,TRUE,TRUE,TRUE,TRUE
3240,61,"55 tot 65 jaar",FALSE,TRUE,"Niet mee eens, niet mee oneens",FALSE,"Niet mee eens, niet mee oneens",FALSE,TRUE,FALSE,TRUE,FALSE,TRUE
3241,53,"45 tot 55 jaar",TRUE,FALSE,"Niet mee eens, niet mee oneens",FALSE,"Niet mee eens, niet mee oneens",FALSE,TRUE,FALSE,TRUE,TRUE,TRUE
3242,70,"65 tot 75 jaar",FALSE,TRUE,"Helemaal mee eens",TRUE,"Mee eens",TRUE,TRUE,FALSE,TRUE,TRUE,TRUE
3243,78,"75 jaar of ouder",TRUE,TRUE,"Helemaal mee eens",TRUE,"Niet mee eens, niet mee oneens",FALSE,TRUE,FALSE,FALSE,TRUE,TRUE
3244,20,"18 tot 25 jaar",FALSE,FALSE,"Niet mee eens, niet mee oneens",FALSE,"Niet mee eens, niet mee oneens",FALSE,FALSE,TRUE,TRUE,FALSE,TRUE
3245,48,"45 tot 55 jaar",TRUE,TRUE,"Mee eens",TRUE,"Mee eens",TRUE,TRUE,FALSE,FALSE,FALSE,TRUE
3246,35,"35 tot 45 jaar",FALSE,FALSE,"Helemaal mee eens",TRUE,"Mee eens",TRUE,TRUE,TRUE,TRUE,TRUE,TRUE
3247,63,"55 tot 65 jaar",TRUE,TRUE,"Mee eens",TRUE,"Mee eens",TRUE,TRUE,TRUE,TRUE,TRUE,TRUE
3248,33,"25 tot 35 jaar",FALSE,TRUE,"Helemaal mee eens",TRUE,"Helemaal mee eens",TRUE,TRUE,TRUE,TRUE,TRUE,TRUE
3249,49,"45 tot 55 jaar",FALSE,TRUE,"Helemaal mee eens",TRUE,"Helemaal mee eens",TRUE,TRUE,TRUE,TRUE,TRUE,TRUE
3250,69,"65 tot 75 jaar",TRUE,TRUE,"Mee eens",TRUE,"Mee eens",TRUE,TRUE,TRUE,TRUE,TRUE,TRUE
3251,72,"65 tot 75 jaar",FALSE,TRUE,"Mee eens",TRUE,"Mee eens",TRUE,FALSE,TRUE,TRUE,TRUE,TRUE
3252,41,"35 tot 45 jaar",TRUE,TRUE,"Helemaal mee eens",TRUE,"Helemaal mee eens",TRUE,TRUE,TRUE,TRUE,TRUE,TRUE
3253,49,"45 tot 55 jaar",TRUE,TRUE,"Mee eens",TRUE,"Mee eens",TRUE,TRUE,TRUE,FALSE,TRUE,TRUE
3254,33,"25 tot 35 jaar",FALSE,TRUE,"Mee eens",TRUE,"Niet mee eens, niet mee oneens",FALSE,TRUE,FALSE,TRUE,FALSE,TRUE
3255,76,"75 jaar of ouder",FALSE,TRUE,"Mee eens",TRUE,"Niet mee eens, niet mee oneens",FALSE,TRUE,TRUE,TRUE,TRUE,TRUE
3256,69,"65 tot 75 jaar",FALSE,TRUE,"Helemaal mee eens",TRUE,"Helemaal mee eens",TRUE,FALSE,TRUE,TRUE,TRUE,FALSE
3257,21,"18 tot 25 jaar",TRUE,TRUE,"Mee eens",TRUE,"Mee oneens",FALSE,TRUE,TRUE,FALSE,FALSE,TRUE
3258,51,"45 tot 55 jaar",TRUE,TRUE,"Helemaal mee eens",TRUE,"Mee eens",TRUE,TRUE,TRUE,TRUE,TRUE,TRUE
3259,68,"65 tot 75 jaar",TRUE,TRUE,"Helemaal mee eens",TRUE,"Mee eens",TRUE,TRUE,FALSE,TRUE,TRUE,TRUE
3260,32,"25 tot 35 jaar",FALSE,TRUE,"Mee eens",TRUE,"Mee eens",TRUE,TRUE,FALSE,TRUE,TRUE,TRUE
3261,75,"75 jaar of ouder",TRUE,TRUE,"Helemaal mee eens",TRUE,"Helemaal mee eens",TRUE,TRUE,TRUE,TRUE,TRUE,TRUE
3262,61,"55 tot 65 jaar",FALSE,TRUE,"Helemaal mee eens",TRUE,"Niet mee eens, niet mee oneens",FALSE,TRUE,TRUE,TRUE,FALSE,FALSE
3263,42,"35 tot 45 jaar",TRUE,TRUE,"Helemaal mee eens",TRUE,"Mee eens",TRUE,TRUE,TRUE,TRUE,TRUE,TRUE
3264,37,"35 tot 45 jaar",TRUE,TRUE,"Helemaal mee eens",TRUE,"Mee eens",TRUE,TRUE,TRUE,TRUE,TRUE,FALSE
3265,88,"75 jaar of ouder",FALSE,TRUE,"Niet mee eens, niet mee oneens",FALSE,"Niet mee eens, niet mee oneens",FALSE,TRUE,TRUE,TRUE,FALSE,FALSE
3266,50,"45 tot 55 jaar",TRUE,TRUE,"Mee eens",TRUE,"Helemaal mee eens",TRUE,TRUE,TRUE,TRUE,TRUE,TRUE
3267,78,"75 jaar of ouder",FALSE,TRUE,"Helemaal mee eens",TRUE,"Helemaal mee eens",TRUE,TRUE,TRUE,TRUE,TRUE,TRUE
3268,20,"18 tot 25 jaar",FALSE,TRUE,"Mee eens",TRUE,"Mee oneens",FALSE,TRUE,FALSE,TRUE,TRUE,FALSE
3269,52,"45 tot 55 jaar",TRUE,TRUE,"Helemaal mee eens",TRUE,"Mee eens",TRUE,TRUE,FALSE,TRUE,TRUE,TRUE
3270,47,"45 tot 55 jaar",FALSE,TRUE,"Helemaal mee eens",TRUE,"Helemaal mee eens",TRUE,TRUE,TRUE,TRUE,TRUE,TRUE
3271,24,"18 tot 25 jaar",FALSE,TRUE,"Mee eens",TRUE,"Niet mee eens, niet mee oneens",FALSE,TRUE,TRUE,FALSE,TRUE,TRUE
3272,71,"65 tot 75 jaar",FALSE,TRUE,"Helemaal mee eens",TRUE,"Mee eens",TRUE,FALSE,FALSE,TRUE,TRUE,TRUE
3273,39,"35 tot 45 jaar",TRUE,TRUE,"Mee eens",TRUE,"Mee eens",TRUE,TRUE,FALSE,TRUE,TRUE,TRUE
3274,35,"35 tot 45 jaar",FALSE,TRUE,"Mee eens",TRUE,"Helemaal mee eens",TRUE,TRUE,TRUE,TRUE,TRUE,TRUE
3275,49,"45 tot 55 jaar",TRUE,TRUE,"Mee oneens",FALSE,"Mee oneens",FALSE,TRUE,TRUE,FALSE,FALSE,FALSE
3276,68,"65 tot 75 jaar",TRUE,TRUE,"Helemaal mee eens",TRUE,"Niet mee eens, niet mee oneens",FALSE,TRUE,TRUE,TRUE,TRUE,TRUE
3277,22,"18 tot 25 jaar",TRUE,TRUE,"Mee eens",TRUE,"Mee eens",TRUE,TRUE,TRUE,TRUE,FALSE,FALSE
3278,46,"45 tot 55 jaar",TRUE,TRUE,"Helemaal mee eens",TRUE,"Mee eens",TRUE,TRUE,TRUE,TRUE,TRUE,TRUE
3279,50,"45 tot 55 jaar",TRUE,TRUE,"Helemaal mee eens",TRUE,"Mee eens",TRUE,TRUE,TRUE,TRUE,TRUE,TRUE
3280,21,"18 tot 25 jaar",TRUE,TRUE,"Helemaal mee eens",TRUE,"Helemaal mee eens",TRUE,TRUE,TRUE,TRUE,TRUE,TRUE
3281,36,"35 tot 45 jaar",TRUE,TRUE,"Helemaal mee eens",TRUE,"Helemaal mee eens",TRUE,TRUE,TRUE,TRUE,TRUE,TRUE
3282,61,"55 tot 65 jaar",FALSE,TRUE,"Helemaal mee eens",TRUE,"Mee eens",TRUE,TRUE,TRUE,TRUE,TRUE,TRUE
3283,47,"45 tot 55 jaar",TRUE,FALSE,"Helemaal mee eens",TRUE,"Helemaal mee eens",TRUE,TRUE,TRUE,TRUE,TRUE,TRUE
3284,60,"55 tot 65 jaar",FALSE,TRUE,"Helemaal mee eens",TRUE,"Helemaal mee eens",TRUE,TRUE,TRUE,TRUE,TRUE,TRUE
3285,61,"55 tot 65 jaar",FALSE,TRUE,"Helemaal mee eens",TRUE,"Niet mee eens, niet mee oneens",FALSE,TRUE,FALSE,TRUE,TRUE,TRUE
3286,65,"65 tot 75 jaar",FALSE,TRUE,"Mee eens",TRUE,"Mee eens",TRUE,TRUE,TRUE,TRUE,TRUE,TRUE
3287,71,"65 tot 75 jaar",FALSE,TRUE,"Helemaal mee eens",TRUE,"Helemaal mee eens",TRUE,TRUE,TRUE,TRUE,TRUE,TRUE
3288,47,"45 tot 55 jaar",FALSE,TRUE,"Helemaal mee eens",TRUE,"Mee eens",TRUE,TRUE,TRUE,TRUE,TRUE,TRUE
3289,51,"45 tot 55 jaar",TRUE,TRUE,"Helemaal mee eens",TRUE,"Helemaal mee eens",TRUE,TRUE,TRUE,TRUE,TRUE,TRUE
3290,64,"55 tot 65 jaar",TRUE,TRUE,"Mee eens",TRUE,"Mee eens",TRUE,TRUE,FALSE,FALSE,TRUE,FALSE
3291,28,"25 tot 35 jaar",FALSE,TRUE,"Helemaal mee eens",TRUE,"Mee eens",TRUE,TRUE,TRUE,TRUE,TRUE,TRUE
3292,52,"45 tot 55 jaar",FALSE,TRUE,"Helemaal mee eens",TRUE,"Mee eens",TRUE,TRUE,TRUE,TRUE,TRUE,TRUE
3293,60,"55 tot 65 jaar",TRUE,TRUE,"Mee eens",TRUE,"Niet mee eens, niet mee oneens",FALSE,TRUE,TRUE,TRUE,TRUE,FALSE
3294,78,"75 jaar of ouder",FALSE,TRUE,"Helemaal mee eens",TRUE,"Mee eens",TRUE,TRUE,TRUE,TRUE,TRUE,TRUE
3295,48,"45 tot 55 jaar",FALSE,TRUE,"Mee eens",TRUE,"Mee eens",TRUE,TRUE,TRUE,TRUE,TRUE,TRUE
3296,45,"45 tot 55 jaar",FALSE,TRUE,"Mee eens",TRUE,"Helemaal mee eens",TRUE,TRUE,TRUE,TRUE,TRUE,TRUE
3297,54,"45 tot 55 jaar",TRUE,TRUE,"Helemaal mee eens",TRUE,"Helemaal mee eens",TRUE,TRUE,TRUE,TRUE,TRUE,TRUE
3298,74,"65 tot 75 jaar",TRUE,FALSE,"Niet mee eens, niet mee oneens",FALSE,"Niet mee eens, niet mee oneens",FALSE,FALSE,TRUE,FALSE,FALSE,FALSE
3299,44,"35 tot 45 jaar",FALSE,TRUE,"Mee eens",TRUE,"Niet mee eens, niet mee oneens",FALSE,TRUE,TRUE,TRUE,TRUE,FALSE
3300,68,"65 tot 75 jaar",TRUE,TRUE,"Helemaal mee eens",TRUE,"Mee eens",TRUE,FALSE,TRUE,TRUE,TRUE,TRUE
3301,66,"65 tot 75 jaar",FALSE,TRUE,"Helemaal mee eens",TRUE,"Niet mee eens, niet mee oneens",FALSE,TRUE,TRUE,FALSE,TRUE,TRUE
3302,80,"75 jaar of ouder",TRUE,TRUE,"Mee eens",TRUE,"Mee eens",TRUE,TRUE,TRUE,TRUE,TRUE,TRUE
3303,46,"45 tot 55 jaar",FALSE,TRUE,"Helemaal mee eens",TRUE,"Mee eens",TRUE,TRUE,TRUE,FALSE,TRUE,TRUE
3304,84,"75 jaar of ouder",TRUE,TRUE,"Helemaal mee eens",TRUE,"Mee eens",TRUE,TRUE,TRUE,FALSE,TRUE,TRUE
3305,82,"75 jaar of ouder",TRUE,TRUE,"Mee eens",TRUE,"Mee oneens",FALSE,TRUE,FALSE,TRUE,FALSE,FALSE
3306,75,"75 jaar of ouder",TRUE,TRUE,"Helemaal mee eens",TRUE,"Mee eens",TRUE,FALSE,TRUE,TRUE,TRUE,TRUE
3307,35,"35 tot 45 jaar",TRUE,TRUE,"Helemaal mee eens",TRUE,"Helemaal mee eens",TRUE,TRUE,TRUE,TRUE,TRUE,TRUE
3308,28,"25 tot 35 jaar",FALSE,TRUE,"Mee eens",TRUE,"Mee eens",TRUE,FALSE,FALSE,TRUE,TRUE,TRUE
3309,65,"65 tot 75 jaar",TRUE,TRUE,"Helemaal mee eens",TRUE,"Mee eens",TRUE,TRUE,TRUE,TRUE,TRUE,TRUE
3310,49,"45 tot 55 jaar",FALSE,TRUE,"Mee eens",TRUE,"Niet mee eens, niet mee oneens",FALSE,TRUE,TRUE,TRUE,TRUE,FALSE
3311,23,"18 tot 25 jaar",FALSE,TRUE,"Mee eens",TRUE,"Niet mee eens, niet mee oneens",FALSE,TRUE,TRUE,TRUE,TRUE,TRUE
3312,52,"45 tot 55 jaar",FALSE,TRUE,"Niet mee eens, niet mee oneens",FALSE,"Niet mee eens, niet mee oneens",FALSE,TRUE,TRUE,TRUE,TRUE,TRUE
3313,57,"55 tot 65 jaar",TRUE,TRUE,"Niet mee eens, niet mee oneens",FALSE,"Niet mee eens, niet mee oneens",FALSE,TRUE,TRUE,FALSE,FALSE,TRUE
3314,35,"35 tot 45 jaar",FALSE,TRUE,"Mee eens",TRUE,"Niet mee eens, niet mee oneens",FALSE,TRUE,TRUE,TRUE,TRUE,TRUE
3315,48,"45 tot 55 jaar",TRUE,TRUE,"Mee oneens",FALSE,"Mee oneens",FALSE,FALSE,TRUE,FALSE,FALSE,FALSE
3316,85,"75 jaar of ouder",FALSE,TRUE,"Mee eens",TRUE,"Mee oneens",FALSE,FALSE,TRUE,FALSE,TRUE,TRUE
3317,37,"35 tot 45 jaar",FALSE,FALSE,"Helemaal mee eens",TRUE,"Mee eens",TRUE,TRUE,TRUE,FALSE,TRUE,TRUE
3318,54,"45 tot 55 jaar",FALSE,TRUE,"Helemaal mee eens",TRUE,"Helemaal mee eens",TRUE,TRUE,TRUE,TRUE,TRUE,TRUE
3319,35,"35 tot 45 jaar",TRUE,TRUE,"Niet mee eens, niet mee oneens",FALSE,"Mee eens",TRUE,FALSE,FALSE,TRUE,TRUE,TRUE
3320,24,"18 tot 25 jaar",TRUE,TRUE,"Helemaal mee eens",TRUE,"Helemaal mee eens",TRUE,TRUE,FALSE,TRUE,TRUE,TRUE
3321,44,"35 tot 45 jaar",FALSE,TRUE,"Mee eens",TRUE,"Niet mee eens, niet mee oneens",FALSE,TRUE,FALSE,TRUE,FALSE,FALSE
3322,33,"25 tot 35 jaar",TRUE,TRUE,"Helemaal mee eens",TRUE,"Helemaal mee eens",TRUE,TRUE,TRUE,TRUE,TRUE,TRUE
3323,73,"65 tot 75 jaar",FALSE,TRUE,"Mee eens",TRUE,"Mee eens",TRUE,TRUE,TRUE,TRUE,TRUE,TRUE
3324,65,"65 tot 75 jaar",FALSE,TRUE,"Mee eens",TRUE,"Helemaal mee eens",TRUE,TRUE,TRUE,TRUE,TRUE,TRUE
3325,34,"25 tot 35 jaar",TRUE,TRUE,"Helemaal mee eens",TRUE,"Mee eens",TRUE,FALSE,TRUE,TRUE,TRUE,FALSE
3326,38,"35 tot 45 jaar",TRUE,TRUE,"Helemaal mee eens",TRUE,"Mee eens",TRUE,TRUE,TRUE,TRUE,TRUE,TRUE
3327,45,"45 tot 55 jaar",TRUE,FALSE,"Niet mee eens, niet mee oneens",FALSE,"Niet mee eens, niet mee oneens",FALSE,TRUE,TRUE,TRUE,TRUE,FALSE
3328,56,"55 tot 65 jaar",TRUE,TRUE,"Mee eens",TRUE,"Mee eens",TRUE,TRUE,FALSE,TRUE,FALSE,TRUE
3329,68,"65 tot 75 jaar",FALSE,TRUE,"Niet mee eens, niet mee oneens",FALSE,"Mee eens",TRUE,TRUE,TRUE,TRUE,TRUE,TRUE
3330,59,"55 tot 65 jaar",TRUE,TRUE,"Helemaal mee eens",TRUE,"Mee eens",TRUE,TRUE,TRUE,TRUE,TRUE,TRUE
3331,19,"18 tot 25 jaar",FALSE,TRUE,"Niet mee eens, niet mee oneens",FALSE,"Mee oneens",FALSE,TRUE,FALSE,FALSE,FALSE,FALSE
3332,24,"18 tot 25 jaar",FALSE,TRUE,"Helemaal mee eens",TRUE,"Niet mee eens, niet mee oneens",FALSE,TRUE,TRUE,TRUE,TRUE,FALSE
3333,65,"65 tot 75 jaar",FALSE,TRUE,"Helemaal mee eens",TRUE,"Mee eens",TRUE,TRUE,FALSE,TRUE,TRUE,TRUE
3334,60,"55 tot 65 jaar",FALSE,TRUE,"Mee eens",TRUE,"Mee eens",TRUE,TRUE,TRUE,TRUE,TRUE,TRUE
3335,56,"55 tot 65 jaar",TRUE,TRUE,"Helemaal mee eens",TRUE,"Niet mee eens, niet mee oneens",FALSE,TRUE,TRUE,TRUE,TRUE,TRUE
3336,65,"65 tot 75 jaar",FALSE,TRUE,"Mee eens",TRUE,"Niet mee eens, niet mee oneens",FALSE,TRUE,TRUE,FALSE,FALSE,TRUE
3337,21,"18 tot 25 jaar",FALSE,TRUE,"Helemaal mee eens",TRUE,"Mee eens",TRUE,TRUE,FALSE,TRUE,TRUE,FALSE
3338,58,"55 tot 65 jaar",TRUE,TRUE,"Helemaal mee eens",TRUE,"Helemaal mee eens",TRUE,TRUE,TRUE,FALSE,TRUE,TRUE
3339,81,"75 jaar of ouder",FALSE,TRUE,"Mee eens",TRUE,"Niet mee eens, niet mee oneens",FALSE,FALSE,FALSE,FALSE,TRUE,TRUE
3340,39,"35 tot 45 jaar",FALSE,TRUE,"Mee oneens",FALSE,"Mee oneens",FALSE,FALSE,FALSE,FALSE,FALSE,FALSE
3341,40,"35 tot 45 jaar",TRUE,TRUE,"Niet mee eens, niet mee oneens",FALSE,"Mee eens",TRUE,TRUE,TRUE,TRUE,FALSE,FALSE
3342,39,"35 tot 45 jaar",FALSE,TRUE,"Helemaal mee eens",TRUE,"Mee eens",TRUE,TRUE,TRUE,TRUE,TRUE,TRUE
3343,74,"65 tot 75 jaar",TRUE,TRUE,"Mee eens",TRUE,"Mee eens",TRUE,TRUE,TRUE,TRUE,TRUE,FALSE
3344,87,"75 jaar of ouder",TRUE,TRUE,"Helemaal mee eens",TRUE,"Niet mee eens, niet mee oneens",FALSE,TRUE,TRUE,TRUE,TRUE,TRUE
3345,31,"25 tot 35 jaar",FALSE,TRUE,"Mee eens",TRUE,"Niet mee eens, niet mee oneens",FALSE,TRUE,TRUE,TRUE,FALSE,FALSE
3346,62,"55 tot 65 jaar",FALSE,TRUE,"Helemaal mee eens",TRUE,"Helemaal mee eens",TRUE,TRUE,TRUE,TRUE,TRUE,TRUE
3347,30,"25 tot 35 jaar",FALSE,TRUE,"Helemaal mee eens",TRUE,"Mee eens",TRUE,TRUE,TRUE,FALSE,TRUE,FALSE
3348,40,"35 tot 45 jaar",FALSE,TRUE,"Helemaal mee eens",TRUE,"Helemaal mee eens",TRUE,TRUE,TRUE,TRUE,TRUE,TRUE
3349,73,"65 tot 75 jaar",TRUE,TRUE,"Mee oneens",FALSE,"Mee oneens",FALSE,TRUE,TRUE,FALSE,FALSE,FALSE
3350,56,"55 tot 65 jaar",TRUE,TRUE,"Helemaal mee eens",TRUE,"Mee eens",TRUE,TRUE,TRUE,TRUE,TRUE,TRUE
3351,77,"75 jaar of ouder",FALSE,TRUE,"Mee eens",TRUE,"Niet mee eens, niet mee oneens",FALSE,FALSE,FALSE,FALSE,FALSE,TRUE
3352,78,"75 jaar of ouder",FALSE,TRUE,"Mee eens",TRUE,"Mee oneens",FALSE,TRUE,TRUE,TRUE,FALSE,FALSE
3353,25,"25 tot 35 jaar",FALSE,FALSE,"Niet mee eens, niet mee oneens",FALSE,"Niet mee eens, niet mee oneens",FALSE,FALSE,TRUE,TRUE,TRUE,FALSE
3354,59,"55 tot 65 jaar",FALSE,TRUE,"Helemaal mee eens",TRUE,"Mee eens",TRUE,TRUE,TRUE,TRUE,FALSE,TRUE
3355,69,"65 tot 75 jaar",FALSE,TRUE,"Helemaal mee eens",TRUE,"Helemaal mee eens",TRUE,TRUE,TRUE,TRUE,TRUE,TRUE
3356,71,"65 tot 75 jaar",FALSE,TRUE,"Mee eens",TRUE,"Mee eens",TRUE,TRUE,TRUE,TRUE,TRUE,TRUE
3357,37,"35 tot 45 jaar",TRUE,TRUE,"Helemaal mee eens",TRUE,"Mee eens",TRUE,TRUE,TRUE,TRUE,TRUE,TRUE
3358,45,"45 tot 55 jaar",FALSE,TRUE,"Mee eens",TRUE,"Mee eens",TRUE,TRUE,TRUE,TRUE,TRUE,TRUE
3359,32,"25 tot 35 jaar",FALSE,TRUE,"Niet mee eens, niet mee oneens",FALSE,"Helemaal mee oneens",FALSE,FALSE,FALSE,FALSE,FALSE,FALSE
3360,64,"55 tot 65 jaar",FALSE,TRUE,"Helemaal mee eens",TRUE,"Niet mee eens, niet mee oneens",FALSE,TRUE,TRUE,FALSE,TRUE,TRUE
3361,33,"25 tot 35 jaar",FALSE,TRUE,"Mee eens",TRUE,"Mee eens",TRUE,TRUE,TRUE,TRUE,TRUE,FALSE
3362,46,"45 tot 55 jaar",FALSE,TRUE,"Helemaal mee eens",TRUE,"Mee eens",TRUE,FALSE,TRUE,TRUE,TRUE,TRUE
3363,65,"65 tot 75 jaar",TRUE,TRUE,"Helemaal mee eens",TRUE,"Mee eens",TRUE,TRUE,TRUE,TRUE,TRUE,TRUE
3364,67,"65 tot 75 jaar",FALSE,TRUE,"Niet mee eens, niet mee oneens",FALSE,"Mee oneens",FALSE,FALSE,TRUE,FALSE,FALSE,FALSE
3365,74,"65 tot 75 jaar",TRUE,TRUE,"Mee eens",TRUE,"Niet mee eens, niet mee oneens",FALSE,FALSE,TRUE,TRUE,FALSE,TRUE
3366,20,"18 tot 25 jaar",FALSE,TRUE,"Helemaal mee eens",TRUE,"Mee eens",TRUE,TRUE,TRUE,TRUE,TRUE,TRUE
3367,26,"25 tot 35 jaar",TRUE,TRUE,"Helemaal mee eens",TRUE,"Helemaal mee eens",TRUE,TRUE,TRUE,TRUE,TRUE,TRUE
3368,30,"25 tot 35 jaar",FALSE,TRUE,"Niet mee eens, niet mee oneens",FALSE,"Niet mee eens, niet mee oneens",FALSE,TRUE,FALSE,FALSE,TRUE,TRUE
3369,69,"65 tot 75 jaar",FALSE,TRUE,"Mee eens",TRUE,"Helemaal mee eens",TRUE,TRUE,TRUE,TRUE,TRUE,TRUE
3370,33,"25 tot 35 jaar",TRUE,TRUE,"Mee eens",TRUE,"Niet mee eens, niet mee oneens",FALSE,TRUE,TRUE,TRUE,FALSE,TRUE
3371,64,"55 tot 65 jaar",FALSE,TRUE,"Helemaal mee eens",TRUE,"Niet mee eens, niet mee oneens",FALSE,TRUE,FALSE,TRUE,TRUE,TRUE
3372,58,"55 tot 65 jaar",FALSE,TRUE,"Helemaal mee eens",TRUE,"Helemaal mee eens",TRUE,TRUE,TRUE,TRUE,TRUE,TRUE
3373,67,"65 tot 75 jaar",FALSE,TRUE,"Mee eens",TRUE,"Niet mee eens, niet mee oneens",FALSE,TRUE,TRUE,TRUE,TRUE,FALSE
3374,52,"45 tot 55 jaar",TRUE,TRUE,"Helemaal mee eens",TRUE,"Helemaal mee eens",TRUE,TRUE,TRUE,TRUE,TRUE,TRUE
3375,70,"65 tot 75 jaar",TRUE,TRUE,"Helemaal mee eens",TRUE,"Mee eens",TRUE,TRUE,TRUE,TRUE,FALSE,TRUE
3376,38,"35 tot 45 jaar",FALSE,FALSE,"Helemaal mee eens",TRUE,"Niet mee eens, niet mee oneens",FALSE,TRUE,TRUE,TRUE,FALSE,TRUE
3377,52,"45 tot 55 jaar",TRUE,TRUE,"Mee eens",TRUE,"Mee oneens",FALSE,FALSE,TRUE,FALSE,FALSE,FALSE
3378,45,"45 tot 55 jaar",TRUE,TRUE,"Helemaal mee eens",TRUE,"Mee eens",TRUE,TRUE,TRUE,TRUE,TRUE,TRUE
3379,85,"75 jaar of ouder",FALSE,TRUE,"Helemaal mee eens",TRUE,"Niet mee eens, niet mee oneens",FALSE,TRUE,TRUE,TRUE,TRUE,FALSE
3380,31,"25 tot 35 jaar",TRUE,TRUE,"Helemaal mee eens",TRUE,"Mee eens",TRUE,TRUE,TRUE,TRUE,TRUE,TRUE
3381,76,"75 jaar of ouder",TRUE,TRUE,"Mee eens",TRUE,"Mee eens",TRUE,TRUE,FALSE,TRUE,TRUE,FALSE
3382,66,"65 tot 75 jaar",TRUE,TRUE,"Helemaal mee eens",TRUE,"Helemaal mee eens",TRUE,TRUE,TRUE,TRUE,TRUE,TRUE
3383,54,"45 tot 55 jaar",TRUE,TRUE,"Helemaal mee eens",TRUE,"Mee eens",TRUE,TRUE,TRUE,TRUE,TRUE,TRUE
3384,36,"35 tot 45 jaar",TRUE,TRUE,"Mee eens",TRUE,"Niet mee eens, niet mee oneens",FALSE,TRUE,TRUE,TRUE,FALSE,FALSE
3385,88,"75 jaar of ouder",TRUE,FALSE,"Niet mee eens, niet mee oneens",FALSE,"Niet mee eens, niet mee oneens",FALSE,TRUE,TRUE,FALSE,TRUE,FALSE
3386,63,"55 tot 65 jaar",FALSE,TRUE,"Helemaal mee eens",TRUE,"Mee eens",TRUE,TRUE,TRUE,TRUE,TRUE,TRUE
3387,62,"55 tot 65 jaar",TRUE,TRUE,"Mee eens",TRUE,"Mee eens",TRUE,TRUE,TRUE,TRUE,FALSE,TRUE
3388,35,"35 tot 45 jaar",TRUE,TRUE,"Helemaal mee eens",TRUE,"Helemaal mee eens",TRUE,TRUE,TRUE,TRUE,TRUE,TRUE
3389,33,"25 tot 35 jaar",TRUE,TRUE,"Niet mee eens, niet mee oneens",FALSE,"Mee oneens",FALSE,FALSE,TRUE,TRUE,FALSE,FALSE
3390,74,"65 tot 75 jaar",FALSE,TRUE,"Mee eens",TRUE,"Helemaal mee eens",TRUE,TRUE,TRUE,TRUE,TRUE,FALSE
3391,58,"55 tot 65 jaar",FALSE,TRUE,"Helemaal mee eens",TRUE,"Helemaal mee eens",TRUE,TRUE,TRUE,TRUE,TRUE,TRUE
3392,77,"75 jaar of ouder",FALSE,TRUE,"Helemaal mee eens",TRUE,"Mee eens",TRUE,TRUE,TRUE,TRUE,TRUE,TRUE
3393,62,"55 tot 65 jaar",TRUE,TRUE,"Mee eens",TRUE,"Mee eens",TRUE,TRUE,FALSE,TRUE,FALSE,FALSE
3394,51,"45 tot 55 jaar",FALSE,TRUE,"Mee eens",TRUE,"Mee eens",TRUE,TRUE,TRUE,TRUE,TRUE,TRUE
3395,27,"25 tot 35 jaar",TRUE,TRUE,"Mee eens",TRUE,"Mee eens",TRUE,TRUE,FALSE,TRUE,TRUE,FALSE
3396,81,"75 jaar of ouder",FALSE,TRUE,"Mee eens",TRUE,"Niet mee eens, niet mee oneens",FALSE,FALSE,TRUE,FALSE,FALSE,TRUE
3397,64,"55 tot 65 jaar",TRUE,TRUE,"Mee eens",TRUE,"Helemaal mee eens",TRUE,TRUE,TRUE,TRUE,TRUE,TRUE
3398,47,"45 tot 55 jaar",TRUE,TRUE,"Mee eens",TRUE,"Niet mee eens, niet mee oneens",FALSE,TRUE,TRUE,TRUE,TRUE,TRUE
3399,64,"55 tot 65 jaar",FALSE,TRUE,"Mee eens",TRUE,"Mee oneens",FALSE,TRUE,TRUE,TRUE,FALSE,TRUE
3400,43,"35 tot 45 jaar",TRUE,FALSE,"Helemaal mee eens",TRUE,"Niet mee eens, niet mee oneens",FALSE,TRUE,TRUE,TRUE,TRUE,TRUE
3401,39,"35 tot 45 jaar",TRUE,TRUE,"Helemaal mee eens",TRUE,"Helemaal mee eens",TRUE,TRUE,TRUE,TRUE,TRUE,TRUE
3402,48,"45 tot 55 jaar",TRUE,TRUE,"Helemaal mee eens",TRUE,"Mee eens",TRUE,TRUE,TRUE,TRUE,TRUE,TRUE
3403,28,"25 tot 35 jaar",TRUE,TRUE,"Mee eens",TRUE,"Mee eens",TRUE,TRUE,TRUE,TRUE,TRUE,TRUE
3404,60,"55 tot 65 jaar",FALSE,TRUE,"Mee eens",TRUE,"Mee eens",TRUE,TRUE,TRUE,TRUE,TRUE,TRUE
3405,54,"45 tot 55 jaar",TRUE,TRUE,"Mee eens",TRUE,"Mee eens",TRUE,TRUE,TRUE,FALSE,TRUE,TRUE
3406,37,"35 tot 45 jaar",TRUE,TRUE,"Mee eens",TRUE,"Helemaal mee eens",TRUE,TRUE,TRUE,TRUE,FALSE,TRUE
3407,30,"25 tot 35 jaar",TRUE,TRUE,"Helemaal mee eens",TRUE,"Mee eens",TRUE,TRUE,TRUE,TRUE,TRUE,FALSE
3408,38,"35 tot 45 jaar",TRUE,TRUE,"Mee eens",TRUE,"Mee eens",TRUE,FALSE,TRUE,TRUE,TRUE,FALSE
3409,71,"65 tot 75 jaar",FALSE,TRUE,"Helemaal mee eens",TRUE,"Helemaal mee eens",TRUE,TRUE,TRUE,TRUE,TRUE,TRUE
3410,72,"65 tot 75 jaar",FALSE,TRUE,"Mee eens",TRUE,"Mee eens",TRUE,TRUE,TRUE,TRUE,TRUE,TRUE
3411,21,"18 tot 25 jaar",TRUE,FALSE,"Mee eens",TRUE,"Mee eens",TRUE,TRUE,TRUE,TRUE,TRUE,TRUE
3412,53,"45 tot 55 jaar",FALSE,TRUE,"Helemaal mee eens",TRUE,"Helemaal mee eens",TRUE,TRUE,TRUE,TRUE,TRUE,TRUE
3413,62,"55 tot 65 jaar",TRUE,TRUE,"Mee eens",TRUE,"Niet mee eens, niet mee oneens",FALSE,TRUE,TRUE,TRUE,FALSE,FALSE
3414,51,"45 tot 55 jaar",FALSE,TRUE,"Mee eens",TRUE,"Helemaal mee eens",TRUE,TRUE,TRUE,TRUE,TRUE,TRUE
3415,73,"65 tot 75 jaar",FALSE,TRUE,"Helemaal mee eens",TRUE,"Mee eens",TRUE,TRUE,TRUE,TRUE,TRUE,TRUE
3416,58,"55 tot 65 jaar",TRUE,TRUE,"Niet mee eens, niet mee oneens",FALSE,"Mee eens",TRUE,TRUE,TRUE,TRUE,FALSE,TRUE
3417,41,"35 tot 45 jaar",FALSE,TRUE,"Mee eens",TRUE,"Mee eens",TRUE,FALSE,TRUE,TRUE,TRUE,TRUE
3418,50,"45 tot 55 jaar",FALSE,TRUE,"Mee eens",TRUE,"Helemaal mee oneens",FALSE,FALSE,FALSE,FALSE,FALSE,FALSE
3419,87,"75 jaar of ouder",FALSE,TRUE,"Helemaal mee eens",TRUE,"Helemaal mee eens",TRUE,TRUE,TRUE,TRUE,TRUE,TRUE
3420,34,"25 tot 35 jaar",FALSE,FALSE,"Helemaal mee eens",TRUE,"Mee eens",TRUE,TRUE,TRUE,TRUE,TRUE,FALSE
3421,30,"25 tot 35 jaar",TRUE,TRUE,"Helemaal mee eens",TRUE,"Mee eens",TRUE,TRUE,TRUE,TRUE,TRUE,TRUE
3422,41,"35 tot 45 jaar",FALSE,TRUE,"Mee eens",TRUE,"Mee eens",TRUE,TRUE,TRUE,TRUE,TRUE,FALSE
3423,75,"75 jaar of ouder",TRUE,TRUE,"Mee eens",TRUE,"Mee eens",TRUE,TRUE,TRUE,FALSE,FALSE,TRUE
3424,39,"35 tot 45 jaar",TRUE,TRUE,"Mee eens",TRUE,"Mee eens",TRUE,TRUE,TRUE,TRUE,TRUE,TRUE
3425,19,"18 tot 25 jaar",FALSE,TRUE,"Mee eens",TRUE,"Mee eens",TRUE,TRUE,TRUE,TRUE,TRUE,TRUE
3426,36,"35 tot 45 jaar",TRUE,TRUE,"Helemaal mee eens",TRUE,"Helemaal mee eens",TRUE,TRUE,TRUE,TRUE,TRUE,TRUE
3427,29,"25 tot 35 jaar",FALSE,TRUE,"Helemaal mee eens",TRUE,"Helemaal mee eens",TRUE,TRUE,TRUE,TRUE,TRUE,TRUE
3428,55,"55 tot 65 jaar",TRUE,TRUE,"Mee eens",TRUE,"Mee eens",TRUE,TRUE,FALSE,TRUE,TRUE,FALSE
3429,66,"65 tot 75 jaar",FALSE,TRUE,"Mee eens",TRUE,"Niet mee eens, niet mee oneens",FALSE,TRUE,TRUE,FALSE,TRUE,TRUE
3430,63,"55 tot 65 jaar",TRUE,TRUE,"Mee eens",TRUE,"Niet mee eens, niet mee oneens",FALSE,TRUE,TRUE,FALSE,TRUE,FALSE
3431,26,"25 tot 35 jaar",FALSE,TRUE,"Mee eens",TRUE,"Mee eens",TRUE,TRUE,TRUE,TRUE,TRUE,TRUE
3432,44,"35 tot 45 jaar",FALSE,TRUE,"Mee eens",TRUE,"Helemaal mee eens",TRUE,TRUE,TRUE,TRUE,TRUE,TRUE
3433,90,"75 jaar of ouder",FALSE,TRUE,"Helemaal mee eens",TRUE,"Mee eens",TRUE,TRUE,TRUE,TRUE,TRUE,FALSE
3434,55,"55 tot 65 jaar",FALSE,TRUE,"Helemaal mee eens",TRUE,"Helemaal mee eens",TRUE,TRUE,TRUE,TRUE,TRUE,TRUE
3435,64,"55 tot 65 jaar",TRUE,TRUE,"Mee eens",TRUE,"Mee eens",TRUE,TRUE,TRUE,TRUE,TRUE,FALSE
3436,48,"45 tot 55 jaar",TRUE,TRUE,"Mee eens",TRUE,"Mee eens",TRUE,TRUE,TRUE,TRUE,TRUE,TRUE
3437,83,"75 jaar of ouder",FALSE,TRUE,"Helemaal mee eens",TRUE,"Niet mee eens, niet mee oneens",FALSE,TRUE,TRUE,TRUE,TRUE,TRUE
3438,56,"55 tot 65 jaar",FALSE,TRUE,"Niet mee eens, niet mee oneens",FALSE,"Niet mee eens, niet mee oneens",FALSE,TRUE,TRUE,FALSE,TRUE,FALSE
3439,39,"35 tot 45 jaar",FALSE,TRUE,"Niet mee eens, niet mee oneens",FALSE,"Niet mee eens, niet mee oneens",FALSE,FALSE,FALSE,FALSE,FALSE,TRUE
3440,25,"25 tot 35 jaar",FALSE,TRUE,"Mee eens",TRUE,"Mee eens",TRUE,TRUE,TRUE,FALSE,TRUE,TRUE
3441,66,"65 tot 75 jaar",TRUE,TRUE,"Helemaal mee eens",TRUE,"Helemaal mee eens",TRUE,TRUE,TRUE,TRUE,TRUE,TRUE
3442,54,"45 tot 55 jaar",TRUE,TRUE,"Mee eens",TRUE,"Mee eens",TRUE,TRUE,TRUE,TRUE,TRUE,FALSE
3443,84,"75 jaar of ouder",TRUE,TRUE,"Niet mee eens, niet mee oneens",FALSE,"Niet mee eens, niet mee oneens",FALSE,TRUE,TRUE,TRUE,TRUE,TRUE
3444,41,"35 tot 45 jaar",TRUE,TRUE,"Mee eens",TRUE,"Mee eens",TRUE,TRUE,TRUE,FALSE,TRUE,TRUE
3445,40,"35 tot 45 jaar",TRUE,TRUE,"Mee eens",TRUE,"Mee eens",TRUE,TRUE,TRUE,TRUE,TRUE,FALSE
3446,83,"75 jaar of ouder",FALSE,TRUE,"Helemaal mee eens",TRUE,"Mee eens",TRUE,TRUE,TRUE,TRUE,TRUE,FALSE
3447,46,"45 tot 55 jaar",FALSE,TRUE,"Helemaal mee eens",TRUE,"Helemaal mee eens",TRUE,TRUE,TRUE,TRUE,TRUE,TRUE
3448,84,"75 jaar of ouder",TRUE,TRUE,"Mee eens",TRUE,"Mee eens",TRUE,TRUE,TRUE,TRUE,TRUE,TRUE
3449,28,"25 tot 35 jaar",FALSE,TRUE,"Mee eens",TRUE,"Mee eens",TRUE,TRUE,FALSE,TRUE,FALSE,TRUE
3450,29,"25 tot 35 jaar",TRUE,TRUE,"Helemaal mee eens",TRUE,"Mee eens",TRUE,TRUE,TRUE,TRUE,TRUE,TRUE
3451,51,"45 tot 55 jaar",TRUE,TRUE,"Mee eens",TRUE,"Mee eens",TRUE,TRUE,TRUE,FALSE,TRUE,FALSE
3452,49,"45 tot 55 jaar",FALSE,TRUE,"Mee eens",TRUE,"Mee eens",TRUE,TRUE,TRUE,TRUE,TRUE,TRUE
3453,26,"25 tot 35 jaar",FALSE,TRUE,"Helemaal mee eens",TRUE,"Niet mee eens, niet mee oneens",FALSE,TRUE,TRUE,TRUE,TRUE,TRUE
3454,35,"35 tot 45 jaar",FALSE,FALSE,"Mee eens",TRUE,"Mee eens",TRUE,TRUE,TRUE,TRUE,TRUE,TRUE
3455,32,"25 tot 35 jaar",TRUE,TRUE,"Niet mee eens, niet mee oneens",FALSE,"Mee eens",TRUE,TRUE,TRUE,TRUE,FALSE,FALSE
3456,28,"25 tot 35 jaar",TRUE,TRUE,"Helemaal mee eens",TRUE,"Mee eens",TRUE,TRUE,TRUE,TRUE,TRUE,TRUE
3457,60,"55 tot 65 jaar",FALSE,FALSE,"Helemaal mee eens",TRUE,"Niet mee eens, niet mee oneens",FALSE,TRUE,TRUE,TRUE,TRUE,FALSE
3458,34,"25 tot 35 jaar",TRUE,TRUE,"Mee eens",TRUE,"Helemaal mee eens",TRUE,TRUE,TRUE,FALSE,TRUE,TRUE
3459,84,"75 jaar of ouder",TRUE,TRUE,"Helemaal mee eens",TRUE,"Niet mee eens, niet mee oneens",FALSE,TRUE,TRUE,TRUE,TRUE,FALSE
3460,72,"65 tot 75 jaar",TRUE,TRUE,"Helemaal mee eens",TRUE,"Helemaal mee eens",TRUE,TRUE,TRUE,TRUE,TRUE,TRUE
3461,47,"45 tot 55 jaar",FALSE,TRUE,"Helemaal mee oneens",FALSE,"Mee oneens",FALSE,FALSE,FALSE,FALSE,FALSE,FALSE
3462,47,"45 tot 55 jaar",TRUE,TRUE,"Helemaal mee eens",TRUE,"Helemaal mee eens",TRUE,TRUE,TRUE,TRUE,TRUE,TRUE
3463,18,"18 tot 25 jaar",FALSE,TRUE,"Mee eens",TRUE,"Niet mee eens, niet mee oneens",FALSE,TRUE,TRUE,TRUE,TRUE,FALSE
3464,47,"45 tot 55 jaar",TRUE,TRUE,"Mee eens",TRUE,"Mee oneens",FALSE,TRUE,FALSE,TRUE,TRUE,TRUE
3465,72,"65 tot 75 jaar",TRUE,TRUE,"Mee eens",TRUE,"Mee eens",TRUE,TRUE,TRUE,TRUE,TRUE,TRUE
3466,78,"75 jaar of ouder",TRUE,TRUE,"Mee eens",TRUE,"Helemaal mee oneens",FALSE,TRUE,TRUE,FALSE,FALSE,FALSE
3467,51,"45 tot 55 jaar",TRUE,TRUE,"Helemaal mee eens",TRUE,"Helemaal mee eens",TRUE,TRUE,TRUE,TRUE,TRUE,TRUE
3468,31,"25 tot 35 jaar",FALSE,FALSE,"Mee eens",TRUE,"Niet mee eens, niet mee oneens",FALSE,TRUE,TRUE,TRUE,FALSE,FALSE
3469,44,"35 tot 45 jaar",FALSE,TRUE,"Mee eens",TRUE,"Mee eens",TRUE,TRUE,TRUE,TRUE,TRUE,FALSE
3470,19,"18 tot 25 jaar",TRUE,TRUE,"Helemaal mee eens",TRUE,"Mee eens",TRUE,FALSE,TRUE,TRUE,FALSE,TRUE
3471,59,"55 tot 65 jaar",FALSE,TRUE,"Helemaal mee eens",TRUE,"Niet mee eens, niet mee oneens",FALSE,TRUE,TRUE,TRUE,TRUE,TRUE
3472,58,"55 tot 65 jaar",TRUE,TRUE,"Helemaal mee eens",TRUE,"Niet mee eens, niet mee oneens",FALSE,TRUE,TRUE,TRUE,TRUE,TRUE
3473,68,"65 tot 75 jaar",TRUE,TRUE,"Helemaal mee eens",TRUE,"Niet mee eens, niet mee oneens",FALSE,TRUE,TRUE,TRUE,FALSE,FALSE
3474,68,"65 tot 75 jaar",TRUE,TRUE,"Helemaal mee eens",TRUE,"Helemaal mee eens",TRUE,TRUE,TRUE,TRUE,TRUE,TRUE
3475,47,"45 tot 55 jaar",TRUE,TRUE,"Helemaal mee eens",TRUE,"Mee eens",TRUE,TRUE,TRUE,TRUE,TRUE,TRUE
3476,28,"25 tot 35 jaar",TRUE,TRUE,"Mee eens",TRUE,"Mee eens",TRUE,TRUE,TRUE,TRUE,TRUE,TRUE
3477,34,"25 tot 35 jaar",TRUE,TRUE,"Helemaal mee eens",TRUE,"Mee eens",TRUE,TRUE,TRUE,TRUE,TRUE,TRUE
3478,38,"35 tot 45 jaar",FALSE,TRUE,"Helemaal mee eens",TRUE,"Helemaal mee eens",TRUE,TRUE,TRUE,TRUE,TRUE,TRUE
3479,49,"45 tot 55 jaar",TRUE,TRUE,"Helemaal mee eens",TRUE,"Helemaal mee eens",TRUE,TRUE,TRUE,TRUE,TRUE,TRUE
3480,33,"25 tot 35 jaar",FALSE,FALSE,"Mee eens",TRUE,"Mee eens",TRUE,TRUE,TRUE,FALSE,TRUE,TRUE
3481,46,"45 tot 55 jaar",TRUE,TRUE,"Mee eens",TRUE,"Mee eens",TRUE,TRUE,TRUE,TRUE,FALSE,TRUE
3482,81,"75 jaar of ouder",FALSE,TRUE,"Mee eens",TRUE,"Helemaal mee eens",TRUE,TRUE,TRUE,TRUE,TRUE,TRUE
3483,42,"35 tot 45 jaar",TRUE,TRUE,"Helemaal mee eens",TRUE,"Mee eens",TRUE,TRUE,TRUE,TRUE,TRUE,TRUE
3484,66,"65 tot 75 jaar",TRUE,TRUE,"Mee eens",TRUE,"Mee eens",TRUE,TRUE,TRUE,TRUE,TRUE,TRUE
3485,89,"75 jaar of ouder",TRUE,TRUE,"Mee eens",TRUE,"Mee eens",TRUE,FALSE,TRUE,TRUE,FALSE,TRUE
3486,63,"55 tot 65 jaar",FALSE,TRUE,"Mee eens",TRUE,"Mee eens",TRUE,TRUE,TRUE,TRUE,TRUE,TRUE
3487,20,"18 tot 25 jaar",TRUE,TRUE,"Mee eens",TRUE,"Mee eens",TRUE,TRUE,TRUE,FALSE,TRUE,TRUE
3488,53,"45 tot 55 jaar",TRUE,TRUE,"Mee eens",TRUE,"Mee eens",TRUE,TRUE,FALSE,TRUE,TRUE,FALSE
3489,87,"75 jaar of ouder",TRUE,TRUE,"Mee eens",TRUE,"Mee eens",TRUE,TRUE,TRUE,TRUE,TRUE,FALSE
3490,41,"35 tot 45 jaar",TRUE,TRUE,"Mee eens",TRUE,"Niet mee eens, niet mee oneens",FALSE,FALSE,FALSE,FALSE,FALSE,FALSE
3491,79,"75 jaar of ouder",TRUE,TRUE,"Mee eens",TRUE,"Niet mee eens, niet mee oneens",FALSE,FALSE,TRUE,TRUE,FALSE,FALSE
3492,46,"45 tot 55 jaar",TRUE,TRUE,"Helemaal mee eens",TRUE,"Mee eens",TRUE,TRUE,TRUE,TRUE,TRUE,TRUE
3493,32,"25 tot 35 jaar",TRUE,FALSE,"Mee eens",TRUE,"Helemaal mee eens",TRUE,TRUE,TRUE,TRUE,TRUE,FALSE
3494,33,"25 tot 35 jaar",FALSE,TRUE,"Mee eens",TRUE,"Niet mee eens, niet mee oneens",FALSE,TRUE,TRUE,FALSE,TRUE,TRUE
3495,59,"55 tot 65 jaar",FALSE,TRUE,"Helemaal mee eens",TRUE,"Mee eens",TRUE,TRUE,TRUE,TRUE,TRUE,TRUE
3496,48,"45 tot 55 jaar",TRUE,TRUE,"Mee eens",TRUE,"Mee eens",TRUE,FALSE,FALSE,FALSE,FALSE,FALSE
3497,51,"45 tot 55 jaar",TRUE,TRUE,"Mee eens",TRUE,"Mee oneens",FALSE,TRUE,FALSE,FALSE,FALSE,FALSE
3498,60,"55 tot 65 jaar",TRUE,TRUE,"Helemaal mee eens",TRUE,"Mee eens",TRUE,TRUE,TRUE,TRUE,TRUE,TRUE
3499,45,"45 tot 55 jaar",FALSE,TRUE,"Mee eens",TRUE,"Niet mee eens, niet mee oneens",FALSE,TRUE,FALSE,TRUE,FALSE,FALSE
3500,73,"65 tot 75 jaar",FALSE,TRUE,"Helemaal mee eens",TRUE,"Helemaal mee eens",TRUE,TRUE,TRUE,TRUE,TRUE,TRUE
3501,70,"65 tot 75 jaar",TRUE,TRUE,"Helemaal mee eens",TRUE,"Mee eens",TRUE,TRUE,TRUE,TRUE,TRUE,FALSE
3502,35,"35 tot 45 jaar",FALSE,TRUE,"Mee eens",TRUE,"Niet mee eens, niet mee oneens",FALSE,TRUE,TRUE,TRUE,TRUE,TRUE
3503,39,"35 tot 45 jaar",FALSE,TRUE,"Helemaal mee eens",TRUE,"Mee eens",TRUE,TRUE,TRUE,TRUE,TRUE,TRUE
3504,36,"35 tot 45 jaar",TRUE,TRUE,"Helemaal mee eens",TRUE,"Mee eens",TRUE,TRUE,TRUE,TRUE,TRUE,TRUE
3505,87,"75 jaar of ouder",FALSE,TRUE,"Mee eens",TRUE,"Mee eens",TRUE,TRUE,TRUE,FALSE,TRUE,TRUE
3506,25,"25 tot 35 jaar",FALSE,TRUE,"Helemaal mee eens",TRUE,"Helemaal mee eens",TRUE,TRUE,TRUE,TRUE,TRUE,TRUE
3507,29,"25 tot 35 jaar",FALSE,TRUE,"Helemaal mee eens",TRUE,"Mee eens",TRUE,TRUE,TRUE,TRUE,TRUE,TRUE
3508,74,"65 tot 75 jaar",TRUE,TRUE,"Mee eens",TRUE,"Mee oneens",FALSE,TRUE,TRUE,FALSE,FALSE,TRUE
3509,52,"45 tot 55 jaar",TRUE,TRUE,"Helemaal mee eens",TRUE,"Helemaal mee eens",TRUE,TRUE,TRUE,TRUE,TRUE,TRUE
3510,68,"65 tot 75 jaar",TRUE,TRUE,"Mee eens",TRUE,"Niet mee eens, niet mee oneens",FALSE,TRUE,TRUE,TRUE,TRUE,TRUE
3511,58,"55 tot 65 jaar",FALSE,TRUE,"Mee eens",TRUE,"Niet mee eens, niet mee oneens",FALSE,TRUE,TRUE,FALSE,FALSE,FALSE
3512,75,"75 jaar of ouder",TRUE,TRUE,"Mee eens",TRUE,"Mee eens",TRUE,TRUE,TRUE,TRUE,TRUE,TRUE
3513,51,"45 tot 55 jaar",TRUE,TRUE,"Helemaal mee eens",TRUE,"Mee eens",TRUE,TRUE,TRUE,TRUE,TRUE,TRUE
3514,29,"25 tot 35 jaar",FALSE,TRUE,"Mee eens",TRUE,"Mee eens",TRUE,TRUE,TRUE,FALSE,TRUE,TRUE
3515,90,"75 jaar of ouder",TRUE,TRUE,"Helemaal mee eens",TRUE,"Niet mee eens, niet mee oneens",FALSE,TRUE,TRUE,TRUE,FALSE,FALSE
3516,36,"35 tot 45 jaar",TRUE,TRUE,"Mee eens",TRUE,"Mee eens",TRUE,TRUE,TRUE,TRUE,TRUE,FALSE
3517,18,"18 tot 25 jaar",TRUE,TRUE,"Helemaal mee eens",TRUE,"Mee eens",TRUE,TRUE,TRUE,TRUE,TRUE,TRUE
3518,76,"75 jaar of ouder",FALSE,TRUE,"Helemaal mee eens",TRUE,"Helemaal mee eens",TRUE,TRUE,TRUE,TRUE,TRUE,TRUE
3519,44,"35 tot 45 jaar",FALSE,TRUE,"Mee eens",TRUE,"Niet mee eens, niet mee oneens",FALSE,TRUE,TRUE,FALSE,TRUE,FALSE
3520,26,"25 tot 35 jaar",TRUE,TRUE,"Helemaal mee eens",TRUE,"Helemaal mee eens",TRUE,TRUE,TRUE,TRUE,TRUE,TRUE
3521,47,"45 tot 55 jaar",FALSE,TRUE,"Mee eens",TRUE,"Niet mee eens, niet mee oneens",FALSE,TRUE,TRUE,FALSE,FALSE,TRUE
3522,18,"18 tot 25 jaar",FALSE,TRUE,"Helemaal mee eens",TRUE,"Helemaal mee eens",TRUE,TRUE,TRUE,TRUE,TRUE,TRUE
3523,38,"35 tot 45 jaar",TRUE,TRUE,"Mee eens",TRUE,"Mee eens",TRUE,TRUE,TRUE,TRUE,TRUE,FALSE
3524,51,"45 tot 55 jaar",TRUE,TRUE,"Helemaal mee eens",TRUE,"Helemaal mee eens",TRUE,TRUE,FALSE,TRUE,TRUE,TRUE
3525,63,"55 tot 65 jaar",TRUE,TRUE,"Mee eens",TRUE,"Mee eens",TRUE,TRUE,TRUE,FALSE,FALSE,TRUE
3526,47,"45 tot 55 jaar",FALSE,TRUE,"Mee eens",TRUE,"Mee eens",TRUE,TRUE,TRUE,TRUE,TRUE,TRUE
3527,43,"35 tot 45 jaar",FALSE,TRUE,"Mee eens",TRUE,"Helemaal mee eens",TRUE,TRUE,TRUE,TRUE,TRUE,FALSE
3528,57,"55 tot 65 jaar",TRUE,TRUE,"Mee eens",TRUE,"Mee eens",TRUE,TRUE,FALSE,FALSE,TRUE,FALSE
3529,49,"45 tot 55 jaar",TRUE,TRUE,"Helemaal mee eens",TRUE,"Mee eens",TRUE,TRUE,TRUE,TRUE,TRUE,TRUE
3530,61,"55 tot 65 jaar",TRUE,TRUE,"Mee eens",TRUE,"Niet mee eens, niet mee oneens",FALSE,TRUE,FALSE,FALSE,FALSE,FALSE
3531,40,"35 tot 45 jaar",FALSE,TRUE,"Helemaal mee eens",TRUE,"Helemaal mee eens",TRUE,TRUE,TRUE,TRUE,TRUE,TRUE
3532,44,"35 tot 45 jaar",TRUE,TRUE,"Mee eens",TRUE,"Mee eens",TRUE,TRUE,TRUE,TRUE,TRUE,FALSE
3533,53,"45 tot 55 jaar",FALSE,TRUE,"Helemaal mee eens",TRUE,"Helemaal mee eens",TRUE,TRUE,TRUE,TRUE,TRUE,TRUE
3534,44,"35 tot 45 jaar",FALSE,TRUE,"Helemaal mee eens",TRUE,"Helemaal mee eens",TRUE,TRUE,TRUE,TRUE,TRUE,TRUE
3535,79,"75 jaar of ouder",TRUE,TRUE,"Mee eens",TRUE,"Niet mee eens, niet mee oneens",FALSE,TRUE,TRUE,TRUE,TRUE,FALSE
3536,51,"45 tot 55 jaar",FALSE,TRUE,"Mee eens",TRUE,"Mee eens",TRUE,TRUE,TRUE,TRUE,TRUE,TRUE
3537,58,"55 tot 65 jaar",FALSE,TRUE,"Mee eens",TRUE,"Mee eens",TRUE,TRUE,FALSE,TRUE,FALSE,FALSE
3538,85,"75 jaar of ouder",FALSE,TRUE,"Mee eens",TRUE,"Niet mee eens, niet mee oneens",FALSE,TRUE,TRUE,TRUE,TRUE,TRUE
3539,22,"18 tot 25 jaar",FALSE,TRUE,"Helemaal mee eens",TRUE,"Helemaal mee eens",TRUE,TRUE,TRUE,TRUE,TRUE,TRUE
3540,74,"65 tot 75 jaar",TRUE,TRUE,"Mee eens",TRUE,"Mee eens",TRUE,TRUE,TRUE,TRUE,TRUE,FALSE
3541,71,"65 tot 75 jaar",FALSE,TRUE,"Niet mee eens, niet mee oneens",FALSE,"Niet mee eens, niet mee oneens",FALSE,TRUE,TRUE,FALSE,FALSE,FALSE
3542,18,"18 tot 25 jaar",FALSE,TRUE,"Helemaal mee eens",TRUE,"Mee eens",TRUE,TRUE,TRUE,TRUE,TRUE,TRUE
3543,60,"55 tot 65 jaar",FALSE,TRUE,"Niet mee eens, niet mee oneens",FALSE,"Mee eens",TRUE,TRUE,TRUE,TRUE,TRUE,FALSE
3544,63,"55 tot 65 jaar",TRUE,TRUE,"Helemaal mee eens",TRUE,"Helemaal mee eens",TRUE,TRUE,FALSE,TRUE,TRUE,TRUE
3545,71,"65 tot 75 jaar",TRUE,TRUE,"Mee eens",TRUE,"Mee eens",TRUE,TRUE,FALSE,FALSE,FALSE,TRUE
3546,39,"35 tot 45 jaar",TRUE,TRUE,"Mee eens",TRUE,"Mee eens",TRUE,TRUE,TRUE,TRUE,TRUE,TRUE
3547,55,"55 tot 65 jaar",FALSE,TRUE,"Mee oneens",FALSE,"Mee oneens",FALSE,FALSE,FALSE,FALSE,FALSE,FALSE
3548,20,"18 tot 25 jaar",TRUE,TRUE,"Mee eens",TRUE,"Niet mee eens, niet mee oneens",FALSE,TRUE,FALSE,TRUE,TRUE,TRUE
3549,64,"55 tot 65 jaar",TRUE,TRUE,"Mee eens",TRUE,"Niet mee eens, niet mee oneens",FALSE,TRUE,FALSE,TRUE,FALSE,TRUE
3550,43,"35 tot 45 jaar",FALSE,TRUE,"Mee eens",TRUE,"Niet mee eens, niet mee oneens",FALSE,TRUE,FALSE,FALSE,TRUE,TRUE
3551,28,"25 tot 35 jaar",FALSE,TRUE,"Mee eens",TRUE,"Helemaal mee eens",TRUE,TRUE,TRUE,TRUE,TRUE,TRUE
3552,64,"55 tot 65 jaar",FALSE,TRUE,"Niet mee eens, niet mee oneens",FALSE,"Niet mee eens, niet mee oneens",FALSE,TRUE,TRUE,TRUE,FALSE,TRUE
3553,88,"75 jaar of ouder",TRUE,TRUE,"Helemaal mee eens",TRUE,"Mee eens",TRUE,TRUE,TRUE,TRUE,TRUE,TRUE
3554,38,"35 tot 45 jaar",FALSE,TRUE,"Mee eens",TRUE,"Niet mee eens, niet mee oneens",FALSE,TRUE,TRUE,TRUE,FALSE,TRUE
3555,46,"45 tot 55 jaar",TRUE,TRUE,"Helemaal mee eens",TRUE,"Mee eens",TRUE,TRUE,FALSE,TRUE,TRUE,TRUE
3556,83,"75 jaar of ouder",FALSE,TRUE,"Helemaal mee eens",TRUE,"Mee eens",TRUE,TRUE,TRUE,TRUE,TRUE,FALSE
3557,79,"75 jaar of ouder",TRUE,TRUE,"Helemaal mee eens",TRUE,"Mee eens",TRUE,TRUE,TRUE,FALSE,TRUE,TRUE
3558,67,"65 tot 75 jaar",FALSE,TRUE,"Mee eens",TRUE,"Mee eens",TRUE,TRUE,TRUE,TRUE,TRUE,TRUE
3559,89,"75 jaar of ouder",FALSE,TRUE,"Helemaal mee eens",TRUE,"Niet mee eens, niet mee oneens",FALSE,TRUE,FALSE,TRUE,TRUE,TRUE
3560,63,"55 tot 65 jaar",FALSE,TRUE,"Helemaal mee eens",TRUE,"Helemaal mee eens",TRUE,TRUE,TRUE,TRUE,TRUE,TRUE
3561,89,"75 jaar of ouder",TRUE,TRUE,"Helemaal mee eens",TRUE,"Niet mee eens, niet mee oneens",FALSE,TRUE,TRUE,TRUE,TRUE,FALSE
3562,23,"18 tot 25 jaar",TRUE,TRUE,"Helemaal mee eens",TRUE,"Mee eens",TRUE,TRUE,FALSE,TRUE,TRUE,TRUE
3563,52,"45 tot 55 jaar",TRUE,TRUE,"Helemaal mee eens",TRUE,"Mee oneens",FALSE,TRUE,FALSE,TRUE,TRUE,FALSE
3564,23,"18 tot 25 jaar",TRUE,TRUE,"Helemaal mee eens",TRUE,"Helemaal mee eens",TRUE,TRUE,TRUE,TRUE,TRUE,TRUE
3565,69,"65 tot 75 jaar",FALSE,TRUE,"Niet mee eens, niet mee oneens",FALSE,"Niet mee eens, niet mee oneens",FALSE,TRUE,TRUE,TRUE,FALSE,TRUE
3566,47,"45 tot 55 jaar",TRUE,TRUE,"Mee eens",TRUE,"Mee eens",TRUE,TRUE,TRUE,TRUE,TRUE,FALSE
3567,53,"45 tot 55 jaar",TRUE,TRUE,"Niet mee eens, niet mee oneens",FALSE,"Mee eens",TRUE,FALSE,TRUE,FALSE,FALSE,TRUE
3568,25,"25 tot 35 jaar",FALSE,TRUE,"Helemaal mee eens",TRUE,"Mee eens",TRUE,TRUE,TRUE,TRUE,TRUE,TRUE
3569,89,"75 jaar of ouder",FALSE,TRUE,"Mee eens",TRUE,"Mee eens",TRUE,FALSE,TRUE,TRUE,FALSE,FALSE
3570,69,"65 tot 75 jaar",FALSE,TRUE,"Mee eens",TRUE,"Mee oneens",FALSE,TRUE,TRUE,TRUE,FALSE,TRUE
3571,22,"18 tot 25 jaar",TRUE,TRUE,"Helemaal mee eens",TRUE,"Mee eens",TRUE,TRUE,FALSE,TRUE,TRUE,TRUE
3572,63,"55 tot 65 jaar",TRUE,TRUE,"Mee eens",TRUE,"Mee eens",TRUE,FALSE,TRUE,TRUE,FALSE,FALSE
3573,18,"18 tot 25 jaar",FALSE,TRUE,"Helemaal mee eens",TRUE,"Niet mee eens, niet mee oneens",FALSE,TRUE,TRUE,TRUE,TRUE,TRUE
3574,61,"55 tot 65 jaar",TRUE,TRUE,"Helemaal mee eens",TRUE,"Helemaal mee eens",TRUE,TRUE,TRUE,TRUE,TRUE,TRUE
3575,64,"55 tot 65 jaar",TRUE,TRUE,"Helemaal mee eens",TRUE,"Helemaal mee eens",TRUE,TRUE,FALSE,TRUE,TRUE,TRUE
3576,85,"75 jaar of ouder",FALSE,TRUE,"Helemaal mee oneens",FALSE,"Helemaal mee oneens",FALSE,TRUE,TRUE,FALSE,FALSE,FALSE
3577,49,"45 tot 55 jaar",FALSE,TRUE,"Helemaal mee eens",TRUE,"Mee eens",TRUE,TRUE,TRUE,TRUE,TRUE,TRUE
3578,73,"65 tot 75 jaar",TRUE,TRUE,"Niet mee eens, niet mee oneens",FALSE,"Mee eens",TRUE,FALSE,FALSE,FALSE,FALSE,FALSE
3579,63,"55 tot 65 jaar",FALSE,TRUE,"Mee eens",TRUE,"Niet mee eens, niet mee oneens",FALSE,TRUE,FALSE,TRUE,FALSE,TRUE
3580,27,"25 tot 35 jaar",FALSE,TRUE,"Helemaal mee eens",TRUE,"Helemaal mee eens",TRUE,TRUE,TRUE,TRUE,TRUE,FALSE
3581,77,"75 jaar of ouder",FALSE,TRUE,"Mee eens",TRUE,"Mee eens",TRUE,FALSE,FALSE,TRUE,TRUE,FALSE
3582,79,"75 jaar of ouder",TRUE,TRUE,"Mee eens",TRUE,"Mee eens",TRUE,TRUE,TRUE,TRUE,FALSE,TRUE
3583,67,"65 tot 75 jaar",TRUE,TRUE,"Niet mee eens, niet mee oneens",FALSE,"Helemaal mee oneens",FALSE,TRUE,TRUE,FALSE,FALSE,FALSE
3584,28,"25 tot 35 jaar",TRUE,TRUE,"Mee eens",TRUE,"Mee eens",TRUE,TRUE,TRUE,FALSE,FALSE,FALSE
3585,86,"75 jaar of ouder",FALSE,FALSE,"Mee eens",TRUE,"Mee eens",TRUE,TRUE,FALSE,TRUE,TRUE,TRUE
3586,40,"35 tot 45 jaar",FALSE,TRUE,"Mee eens",TRUE,"Mee oneens",FALSE,TRUE,FALSE,TRUE,TRUE,TRUE
3587,19,"18 tot 25 jaar",TRUE,TRUE,"Helemaal mee eens",TRUE,"Mee eens",TRUE,TRUE,TRUE,TRUE,TRUE,TRUE
3588,45,"45 tot 55 jaar",TRUE,TRUE,"Helemaal mee eens",TRUE,"Mee eens",TRUE,FALSE,TRUE,TRUE,FALSE,FALSE
3589,75,"75 jaar of ouder",FALSE,TRUE,"Mee eens",TRUE,"Niet mee eens, niet mee oneens",FALSE,TRUE,FALSE,TRUE,FALSE,FALSE
3590,52,"45 tot 55 jaar",TRUE,TRUE,"Mee eens",TRUE,"Mee eens",TRUE,TRUE,TRUE,TRUE,TRUE,TRUE
3591,19,"18 tot 25 jaar",TRUE,TRUE,"Helemaal mee eens",TRUE,"Mee eens",TRUE,TRUE,TRUE,TRUE,TRUE,TRUE
3592,72,"65 tot 75 jaar",FALSE,TRUE,"Niet mee eens, niet mee oneens",FALSE,"Niet mee eens, niet mee oneens",FALSE,TRUE,TRUE,FALSE,FALSE,FALSE
3593,43,"35 tot 45 jaar",FALSE,TRUE,"Mee eens",TRUE,"Mee eens",TRUE,TRUE,TRUE,TRUE,TRUE,TRUE
3594,57,"55 tot 65 jaar",TRUE,TRUE,"Helemaal mee eens",TRUE,"Helemaal mee eens",TRUE,TRUE,TRUE,TRUE,TRUE,TRUE
3595,53,"45 tot 55 jaar",FALSE,TRUE,"Niet mee eens, niet mee oneens",FALSE,"Mee eens",TRUE,FALSE,TRUE,TRUE,TRUE,TRUE
3596,74,"65 tot 75 jaar",TRUE,TRUE,"Helemaal mee eens",TRUE,"Mee eens",TRUE,TRUE,TRUE,TRUE,TRUE,TRUE
3597,61,"55 tot 65 jaar",FALSE,TRUE,"Niet mee eens, niet mee oneens",FALSE,"Mee oneens",FALSE,FALSE,FALSE,FALSE,FALSE,FALSE
3598,38,"35 tot 45 jaar",FALSE,TRUE,"Mee eens",TRUE,"Mee eens",TRUE,TRUE,TRUE,TRUE,TRUE,TRUE
3599,21,"18 tot 25 jaar",TRUE,TRUE,"Mee eens",TRUE,"Niet mee eens, niet mee oneens",FALSE,TRUE,FALSE,TRUE,TRUE,TRUE
3600,79,"75 jaar of ouder",TRUE,TRUE,"Mee eens",TRUE,"Mee eens",TRUE,TRUE,TRUE,TRUE,TRUE,FALSE
3601,26,"25 tot 35 jaar",TRUE,TRUE,"Helemaal mee eens",TRUE,"Helemaal mee eens",TRUE,TRUE,TRUE,TRUE,TRUE,TRUE
3602,57,"55 tot 65 jaar",TRUE,TRUE,"Mee eens",TRUE,"Niet mee eens, niet mee oneens",FALSE,TRUE,TRUE,TRUE,TRUE,TRUE
3603,68,"65 tot 75 jaar",FALSE,FALSE,"Helemaal mee eens",TRUE,"Helemaal mee eens",TRUE,TRUE,TRUE,TRUE,TRUE,TRUE
3604,35,"35 tot 45 jaar",TRUE,TRUE,"Mee eens",TRUE,"Niet mee eens, niet mee oneens",FALSE,TRUE,TRUE,FALSE,FALSE,FALSE
3605,73,"65 tot 75 jaar",TRUE,TRUE,"Helemaal mee eens",TRUE,"Helemaal mee eens",TRUE,TRUE,TRUE,TRUE,TRUE,TRUE
3606,39,"35 tot 45 jaar",FALSE,TRUE,"Niet mee eens, niet mee oneens",FALSE,"Mee eens",TRUE,TRUE,TRUE,TRUE,FALSE,FALSE
3607,77,"75 jaar of ouder",FALSE,TRUE,"Helemaal mee eens",TRUE,"Mee eens",TRUE,TRUE,TRUE,TRUE,TRUE,TRUE
3608,57,"55 tot 65 jaar",FALSE,TRUE,"Helemaal mee eens",TRUE,"Mee eens",TRUE,TRUE,TRUE,TRUE,TRUE,TRUE
3609,32,"25 tot 35 jaar",TRUE,TRUE,"Mee eens",TRUE,"Helemaal mee eens",TRUE,TRUE,TRUE,TRUE,TRUE,TRUE
3610,35,"35 tot 45 jaar",FALSE,TRUE,"Mee eens",TRUE,"Helemaal mee eens",TRUE,TRUE,FALSE,TRUE,TRUE,TRUE
3611,76,"75 jaar of ouder",FALSE,FALSE,"Helemaal mee eens",TRUE,"Helemaal mee eens",TRUE,TRUE,TRUE,TRUE,TRUE,TRUE
3612,22,"18 tot 25 jaar",TRUE,TRUE,"Mee eens",TRUE,"Mee eens",TRUE,FALSE,TRUE,TRUE,TRUE,TRUE
3613,27,"25 tot 35 jaar",TRUE,TRUE,"Helemaal mee eens",TRUE,"Helemaal mee eens",TRUE,TRUE,TRUE,TRUE,TRUE,TRUE
3614,56,"55 tot 65 jaar",FALSE,TRUE,"Helemaal mee eens",TRUE,"Helemaal mee eens",TRUE,TRUE,TRUE,TRUE,TRUE,TRUE
3615,30,"25 tot 35 jaar",TRUE,TRUE,"Mee eens",TRUE,"Niet mee eens, niet mee oneens",FALSE,TRUE,TRUE,FALSE,FALSE,TRUE
3616,33,"25 tot 35 jaar",FALSE,TRUE,"Helemaal mee eens",TRUE,"Helemaal mee eens",TRUE,TRUE,TRUE,TRUE,TRUE,TRUE
3617,74,"65 tot 75 jaar",FALSE,TRUE,"Helemaal mee eens",TRUE,"Mee eens",TRUE,TRUE,TRUE,TRUE,TRUE,TRUE
3618,21,"18 tot 25 jaar",FALSE,TRUE,"Helemaal mee eens",TRUE,"Mee eens",TRUE,TRUE,TRUE,TRUE,TRUE,TRUE
3619,41,"35 tot 45 jaar",TRUE,TRUE,"Mee eens",TRUE,"Mee eens",TRUE,TRUE,TRUE,TRUE,TRUE,FALSE
3620,24,"18 tot 25 jaar",FALSE,TRUE,"Mee eens",TRUE,"Niet mee eens, niet mee oneens",FALSE,TRUE,TRUE,TRUE,FALSE,FALSE
3621,43,"35 tot 45 jaar",FALSE,TRUE,"Helemaal mee eens",TRUE,"Mee eens",TRUE,TRUE,TRUE,TRUE,TRUE,TRUE
3622,48,"45 tot 55 jaar",TRUE,FALSE,"Helemaal mee eens",TRUE,"Helemaal mee eens",TRUE,TRUE,TRUE,TRUE,TRUE,TRUE
3623,58,"55 tot 65 jaar",TRUE,TRUE,"Mee eens",TRUE,"Mee eens",TRUE,TRUE,TRUE,TRUE,TRUE,TRUE
3624,44,"35 tot 45 jaar",FALSE,TRUE,"Mee eens",TRUE,"Mee eens",TRUE,TRUE,TRUE,FALSE,TRUE,FALSE
3625,35,"35 tot 45 jaar",FALSE,TRUE,"Helemaal mee eens",TRUE,"Helemaal mee eens",TRUE,TRUE,TRUE,TRUE,TRUE,TRUE
3626,32,"25 tot 35 jaar",FALSE,TRUE,"Helemaal mee eens",TRUE,"Helemaal mee eens",TRUE,TRUE,TRUE,TRUE,TRUE,TRUE
3627,47,"45 tot 55 jaar",FALSE,TRUE,"Niet mee eens, niet mee oneens",FALSE,"Niet mee eens, niet mee oneens",FALSE,TRUE,FALSE,TRUE,TRUE,FALSE
3628,86,"75 jaar of ouder",FALSE,TRUE,"Helemaal mee eens",TRUE,"Helemaal mee eens",TRUE,TRUE,FALSE,TRUE,TRUE,TRUE
3629,39,"35 tot 45 jaar",TRUE,TRUE,"Mee eens",TRUE,"Mee eens",TRUE,TRUE,FALSE,TRUE,TRUE,TRUE
3630,29,"25 tot 35 jaar",TRUE,TRUE,"Mee eens",TRUE,"Mee eens",TRUE,FALSE,TRUE,FALSE,FALSE,FALSE
3631,60,"55 tot 65 jaar",FALSE,TRUE,"Mee eens",TRUE,"Niet mee eens, niet mee oneens",FALSE,TRUE,TRUE,TRUE,TRUE,FALSE
3632,62,"55 tot 65 jaar",TRUE,TRUE,"Helemaal mee eens",TRUE,"Helemaal mee eens",TRUE,TRUE,TRUE,TRUE,TRUE,TRUE
3633,53,"45 tot 55 jaar",FALSE,TRUE,"Helemaal mee eens",TRUE,"Mee eens",TRUE,TRUE,TRUE,FALSE,TRUE,TRUE
3634,41,"35 tot 45 jaar",TRUE,TRUE,"Helemaal mee eens",TRUE,"Helemaal mee eens",TRUE,TRUE,TRUE,TRUE,TRUE,TRUE
3635,66,"65 tot 75 jaar",FALSE,TRUE,"Mee eens",TRUE,"Niet mee eens, niet mee oneens",FALSE,TRUE,FALSE,TRUE,FALSE,TRUE
3636,24,"18 tot 25 jaar",FALSE,TRUE,"Helemaal mee eens",TRUE,"Niet mee eens, niet mee oneens",FALSE,TRUE,TRUE,TRUE,TRUE,TRUE
3637,44,"35 tot 45 jaar",FALSE,FALSE,"Helemaal mee eens",TRUE,"Mee eens",TRUE,TRUE,TRUE,TRUE,TRUE,FALSE
3638,40,"35 tot 45 jaar",TRUE,TRUE,"Helemaal mee eens",TRUE,"Helemaal mee eens",TRUE,TRUE,TRUE,TRUE,TRUE,TRUE
3639,35,"35 tot 45 jaar",TRUE,TRUE,"Helemaal mee eens",TRUE,"Mee eens",TRUE,TRUE,FALSE,TRUE,TRUE,FALSE
3640,61,"55 tot 65 jaar",FALSE,TRUE,"Mee eens",TRUE,"Niet mee eens, niet mee oneens",FALSE,TRUE,TRUE,TRUE,FALSE,FALSE
3641,68,"65 tot 75 jaar",TRUE,TRUE,"Helemaal mee eens",TRUE,"Mee eens",TRUE,TRUE,TRUE,TRUE,TRUE,TRUE
3642,48,"45 tot 55 jaar",FALSE,TRUE,"Helemaal mee eens",TRUE,"Helemaal mee eens",TRUE,TRUE,TRUE,TRUE,TRUE,TRUE
3643,32,"25 tot 35 jaar",TRUE,TRUE,"Mee eens",TRUE,"Mee eens",TRUE,TRUE,TRUE,TRUE,TRUE,TRUE
3644,24,"18 tot 25 jaar",FALSE,TRUE,"Helemaal mee eens",TRUE,"Mee eens",TRUE,TRUE,TRUE,TRUE,TRUE,TRUE
3645,42,"35 tot 45 jaar",TRUE,TRUE,"Helemaal mee eens",TRUE,"Mee eens",TRUE,TRUE,TRUE,TRUE,TRUE,TRUE
3646,44,"35 tot 45 jaar",FALSE,TRUE,"Mee eens",TRUE,"Mee eens",TRUE,TRUE,TRUE,FALSE,TRUE,TRUE
3647,37,"35 tot 45 jaar",TRUE,TRUE,"Helemaal mee eens",TRUE,"Mee eens",TRUE,TRUE,TRUE,TRUE,TRUE,FALSE
3648,42,"35 tot 45 jaar",FALSE,TRUE,"Helemaal mee eens",TRUE,"Helemaal mee eens",TRUE,TRUE,TRUE,TRUE,TRUE,TRUE
3649,18,"18 tot 25 jaar",FALSE,TRUE,"Helemaal mee eens",TRUE,"Helemaal mee eens",TRUE,TRUE,TRUE,TRUE,TRUE,TRUE
3650,38,"35 tot 45 jaar",FALSE,TRUE,"Mee eens",TRUE,"Mee eens",TRUE,TRUE,TRUE,TRUE,TRUE,FALSE
3651,83,"75 jaar of ouder",FALSE,TRUE,"Mee eens",TRUE,"Niet mee eens, niet mee oneens",FALSE,TRUE,FALSE,TRUE,TRUE,TRUE
3652,86,"75 jaar of ouder",TRUE,TRUE,"Helemaal mee eens",TRUE,"Helemaal mee eens",TRUE,TRUE,TRUE,TRUE,TRUE,TRUE
3653,50,"45 tot 55 jaar",TRUE,TRUE,"Helemaal mee eens",TRUE,"Helemaal mee eens",TRUE,TRUE,TRUE,TRUE,TRUE,TRUE
3654,32,"25 tot 35 jaar",FALSE,TRUE,"Helemaal mee eens",TRUE,"Niet mee eens, niet mee oneens",FALSE,TRUE,TRUE,TRUE,TRUE,TRUE
3655,62,"55 tot 65 jaar",TRUE,TRUE,"Helemaal mee eens",TRUE,"Helemaal mee eens",TRUE,TRUE,TRUE,TRUE,TRUE,TRUE
3656,41,"35 tot 45 jaar",FALSE,TRUE,"Mee eens",TRUE,"Mee eens",TRUE,TRUE,FALSE,TRUE,TRUE,TRUE
3657,40,"35 tot 45 jaar",TRUE,TRUE,"Helemaal mee eens",TRUE,"Mee eens",TRUE,TRUE,TRUE,TRUE,TRUE,TRUE
3658,32,"25 tot 35 jaar",TRUE,TRUE,"Mee eens",TRUE,"Mee eens",TRUE,TRUE,TRUE,TRUE,TRUE,TRUE
3659,38,"35 tot 45 jaar",TRUE,TRUE,"Helemaal mee eens",TRUE,"Mee eens",TRUE,TRUE,TRUE,TRUE,TRUE,FALSE
3660,64,"55 tot 65 jaar",TRUE,TRUE,"Mee eens",TRUE,"Mee eens",TRUE,TRUE,TRUE,TRUE,TRUE,FALSE
3661,41,"35 tot 45 jaar",FALSE,TRUE,"Mee eens",TRUE,"Niet mee eens, niet mee oneens",FALSE,TRUE,TRUE,TRUE,TRUE,FALSE
3662,67,"65 tot 75 jaar",FALSE,TRUE,"Helemaal mee eens",TRUE,"Mee eens",TRUE,TRUE,TRUE,TRUE,TRUE,TRUE
3663,25,"25 tot 35 jaar",TRUE,TRUE,"Mee eens",TRUE,"Mee eens",TRUE,TRUE,TRUE,TRUE,TRUE,TRUE
3664,34,"25 tot 35 jaar",FALSE,TRUE,"Mee eens",TRUE,"Niet mee eens, niet mee oneens",FALSE,TRUE,TRUE,TRUE,TRUE,FALSE
3665,71,"65 tot 75 jaar",FALSE,TRUE,"Mee eens",TRUE,"Mee eens",TRUE,TRUE,TRUE,TRUE,TRUE,TRUE
3666,29,"25 tot 35 jaar",FALSE,TRUE,"Helemaal mee eens",TRUE,"Mee eens",TRUE,TRUE,TRUE,TRUE,TRUE,TRUE
3667,74,"65 tot 75 jaar",FALSE,TRUE,"Niet mee eens, niet mee oneens",FALSE,"Niet mee eens, niet mee oneens",FALSE,TRUE,TRUE,TRUE,TRUE,TRUE
3668,62,"55 tot 65 jaar",TRUE,TRUE,"Mee eens",TRUE,"Niet mee eens, niet mee oneens",FALSE,TRUE,TRUE,FALSE,FALSE,TRUE
3669,56,"55 tot 65 jaar",TRUE,TRUE,"Mee eens",TRUE,"Mee eens",TRUE,TRUE,TRUE,FALSE,TRUE,TRUE
3670,51,"45 tot 55 jaar",FALSE,TRUE,"Mee eens",TRUE,"Mee eens",TRUE,TRUE,TRUE,TRUE,TRUE,TRUE
3671,21,"18 tot 25 jaar",TRUE,TRUE,"Mee eens",TRUE,"Niet mee eens, niet mee oneens",FALSE,TRUE,TRUE,TRUE,FALSE,FALSE
3672,65,"65 tot 75 jaar",TRUE,TRUE,"Mee eens",TRUE,"Helemaal mee eens",TRUE,TRUE,TRUE,TRUE,TRUE,TRUE
3673,43,"35 tot 45 jaar",TRUE,TRUE,"Helemaal mee eens",TRUE,"Mee eens",TRUE,TRUE,TRUE,TRUE,TRUE,TRUE
3674,44,"35 tot 45 jaar",TRUE,FALSE,"Mee eens",TRUE,"Mee eens",TRUE,TRUE,FALSE,TRUE,TRUE,TRUE
3675,58,"55 tot 65 jaar",FALSE,TRUE,"Helemaal mee eens",TRUE,"Mee eens",TRUE,FALSE,TRUE,TRUE,TRUE,TRUE
3676,86,"75 jaar of ouder",FALSE,TRUE,"Helemaal mee eens",TRUE,"Helemaal mee eens",TRUE,TRUE,TRUE,TRUE,TRUE,TRUE
3677,37,"35 tot 45 jaar",TRUE,TRUE,"Mee eens",TRUE,"Mee eens",TRUE,TRUE,TRUE,FALSE,TRUE,FALSE
3678,67,"65 tot 75 jaar",TRUE,TRUE,"Mee eens",TRUE,"Mee eens",TRUE,TRUE,TRUE,TRUE,TRUE,TRUE
3679,54,"45 tot 55 jaar",TRUE,TRUE,"Mee eens",TRUE,"Mee oneens",FALSE,TRUE,FALSE,TRUE,TRUE,FALSE
3680,52,"45 tot 55 jaar",FALSE,TRUE,"Helemaal mee eens",TRUE,"Helemaal mee eens",TRUE,TRUE,FALSE,TRUE,TRUE,TRUE
3681,63,"55 tot 65 jaar",TRUE,TRUE,"Helemaal mee eens",TRUE,"Mee eens",TRUE,TRUE,TRUE,TRUE,TRUE,TRUE
3682,55,"55 tot 65 jaar",TRUE,TRUE,"Niet mee eens, niet mee oneens",FALSE,"Mee oneens",FALSE,TRUE,TRUE,FALSE,FALSE,TRUE
3683,53,"45 tot 55 jaar",FALSE,TRUE,"Helemaal mee eens",TRUE,"Helemaal mee eens",TRUE,TRUE,TRUE,TRUE,TRUE,TRUE
3684,61,"55 tot 65 jaar",TRUE,TRUE,"Mee eens",TRUE,"Mee oneens",FALSE,TRUE,TRUE,FALSE,FALSE,FALSE
3685,26,"25 tot 35 jaar",FALSE,TRUE,"Helemaal mee eens",TRUE,"Mee eens",TRUE,TRUE,TRUE,TRUE,TRUE,TRUE
3686,18,"18 tot 25 jaar",FALSE,TRUE,"Helemaal mee eens",TRUE,"Mee eens",TRUE,TRUE,TRUE,TRUE,TRUE,TRUE
3687,44,"35 tot 45 jaar",FALSE,TRUE,"Helemaal mee eens",TRUE,"Helemaal mee eens",TRUE,TRUE,TRUE,TRUE,TRUE,TRUE
3688,78,"75 jaar of ouder",TRUE,TRUE,"Helemaal mee eens",TRUE,"Helemaal mee eens",TRUE,TRUE,TRUE,TRUE,TRUE,TRUE
3689,50,"45 tot 55 jaar",TRUE,TRUE,"Mee eens",TRUE,"Mee eens",TRUE,TRUE,TRUE,TRUE,TRUE,FALSE
3690,38,"35 tot 45 jaar",TRUE,TRUE,"Helemaal mee eens",TRUE,"Helemaal mee eens",TRUE,TRUE,TRUE,TRUE,TRUE,TRUE
3691,18,"18 tot 25 jaar",FALSE,FALSE,"Mee eens",TRUE,"Mee eens",TRUE,TRUE,TRUE,FALSE,TRUE,FALSE
3692,56,"55 tot 65 jaar",FALSE,TRUE,"Mee eens",TRUE,"Mee eens",TRUE,TRUE,TRUE,TRUE,TRUE,TRUE
3693,72,"65 tot 75 jaar",TRUE,TRUE,"Mee eens",TRUE,"Niet mee eens, niet mee oneens",FALSE,TRUE,TRUE,TRUE,TRUE,TRUE
3694,83,"75 jaar of ouder",TRUE,TRUE,"Mee eens",TRUE,"Niet mee eens, niet mee oneens",FALSE,TRUE,TRUE,FALSE,TRUE,FALSE
3695,44,"35 tot 45 jaar",TRUE,FALSE,"Niet mee eens, niet mee oneens",FALSE,"Niet mee eens, niet mee oneens",FALSE,FALSE,TRUE,FALSE,TRUE,TRUE
3696,31,"25 tot 35 jaar",FALSE,TRUE,"Helemaal mee eens",TRUE,"Helemaal mee eens",TRUE,TRUE,TRUE,TRUE,TRUE,TRUE
3697,73,"65 tot 75 jaar",FALSE,TRUE,"Mee eens",TRUE,"Niet mee eens, niet mee oneens",FALSE,TRUE,FALSE,TRUE,FALSE,FALSE
3698,63,"55 tot 65 jaar",TRUE,FALSE,"Helemaal mee eens",TRUE,"Helemaal mee eens",TRUE,TRUE,TRUE,TRUE,TRUE,TRUE
3699,64,"55 tot 65 jaar",TRUE,TRUE,"Helemaal mee eens",TRUE,"Mee eens",TRUE,TRUE,TRUE,TRUE,TRUE,TRUE
3700,65,"65 tot 75 jaar",TRUE,TRUE,"Helemaal mee eens",TRUE,"Mee eens",TRUE,TRUE,TRUE,TRUE,TRUE,FALSE
3701,69,"65 tot 75 jaar",TRUE,TRUE,"Mee eens",TRUE,"Mee eens",TRUE,TRUE,TRUE,TRUE,TRUE,FALSE
3702,34,"25 tot 35 jaar",FALSE,TRUE,"Helemaal mee eens",TRUE,"Mee eens",TRUE,TRUE,TRUE,TRUE,TRUE,TRUE
3703,26,"25 tot 35 jaar",TRUE,TRUE,"Mee eens",TRUE,"Helemaal mee oneens",FALSE,FALSE,TRUE,FALSE,FALSE,FALSE
3704,51,"45 tot 55 jaar",FALSE,FALSE,"Mee eens",TRUE,"Niet mee eens, niet mee oneens",FALSE,TRUE,TRUE,TRUE,TRUE,TRUE
3705,61,"55 tot 65 jaar",TRUE,TRUE,"Helemaal mee eens",TRUE,"Mee eens",TRUE,TRUE,TRUE,TRUE,TRUE,TRUE
3706,78,"75 jaar of ouder",TRUE,TRUE,"Helemaal mee eens",TRUE,"Helemaal mee eens",TRUE,TRUE,TRUE,TRUE,TRUE,TRUE
3707,67,"65 tot 75 jaar",TRUE,TRUE,"Helemaal mee eens",TRUE,"Helemaal mee eens",TRUE,TRUE,TRUE,TRUE,TRUE,TRUE
3708,30,"25 tot 35 jaar",FALSE,TRUE,"Niet mee eens, niet mee oneens",FALSE,"Mee oneens",FALSE,FALSE,FALSE,FALSE,FALSE,FALSE
3709,44,"35 tot 45 jaar",FALSE,TRUE,"Helemaal mee eens",TRUE,"Helemaal mee eens",TRUE,TRUE,TRUE,TRUE,TRUE,TRUE
3710,69,"65 tot 75 jaar",TRUE,TRUE,"Helemaal mee eens",TRUE,"Mee eens",TRUE,TRUE,TRUE,TRUE,TRUE,TRUE
3711,22,"18 tot 25 jaar",FALSE,TRUE,"Helemaal mee eens",TRUE,"Niet mee eens, niet mee oneens",FALSE,FALSE,TRUE,TRUE,FALSE,FALSE
3712,60,"55 tot 65 jaar",FALSE,FALSE,"Niet mee eens, niet mee oneens",FALSE,"Mee eens",TRUE,TRUE,FALSE,TRUE,TRUE,TRUE
3713,44,"35 tot 45 jaar",FALSE,TRUE,"Mee eens",TRUE,"Mee eens",TRUE,TRUE,FALSE,TRUE,TRUE,FALSE
3714,89,"75 jaar of ouder",FALSE,TRUE,"Helemaal mee eens",TRUE,"Niet mee eens, niet mee oneens",FALSE,TRUE,TRUE,TRUE,TRUE,TRUE
3715,62,"55 tot 65 jaar",TRUE,TRUE,"Helemaal mee eens",TRUE,"Mee eens",TRUE,TRUE,TRUE,TRUE,TRUE,TRUE
3716,79,"75 jaar of ouder",FALSE,TRUE,"Mee eens",TRUE,"Mee eens",TRUE,TRUE,TRUE,FALSE,TRUE,FALSE
3717,50,"45 tot 55 jaar",TRUE,TRUE,"Mee eens",TRUE,"Helemaal mee eens",TRUE,TRUE,TRUE,FALSE,TRUE,TRUE
3718,73,"65 tot 75 jaar",FALSE,TRUE,"Niet mee eens, niet mee oneens",FALSE,"Mee oneens",FALSE,FALSE,FALSE,FALSE,FALSE,FALSE
3719,62,"55 tot 65 jaar",FALSE,TRUE,"Helemaal mee eens",TRUE,"Helemaal mee eens",TRUE,TRUE,TRUE,TRUE,TRUE,TRUE
3720,23,"18 tot 25 jaar",FALSE,TRUE,"Mee eens",TRUE,"Mee oneens",FALSE,FALSE,FALSE,FALSE,FALSE,FALSE
3721,30,"25 tot 35 jaar",FALSE,TRUE,"Mee eens",TRUE,"Niet mee eens, niet mee oneens",FALSE,TRUE,TRUE,TRUE,TRUE,FALSE
3722,46,"45 tot 55 jaar",TRUE,TRUE,"Mee eens",TRUE,"Helemaal mee eens",TRUE,TRUE,TRUE,TRUE,TRUE,TRUE
3723,25,"25 tot 35 jaar",FALSE,TRUE,"Mee eens",TRUE,"Niet mee eens, niet mee oneens",FALSE,TRUE,TRUE,TRUE,FALSE,TRUE
3724,55,"55 tot 65 jaar",TRUE,TRUE,"Helemaal mee eens",TRUE,"Mee eens",TRUE,TRUE,TRUE,TRUE,TRUE,TRUE
3725,87,"75 jaar of ouder",TRUE,TRUE,"Mee eens",TRUE,"Mee eens",TRUE,FALSE,TRUE,TRUE,TRUE,FALSE
3726,39,"35 tot 45 jaar",FALSE,TRUE,"Helemaal mee eens",TRUE,"Niet mee eens, niet mee oneens",FALSE,TRUE,FALSE,TRUE,TRUE,TRUE
3727,22,"18 tot 25 jaar",FALSE,TRUE,"Helemaal mee eens",TRUE,"Mee eens",TRUE,TRUE,TRUE,FALSE,TRUE,TRUE
3728,69,"65 tot 75 jaar",FALSE,TRUE,"Mee eens",TRUE,"Mee eens",TRUE,TRUE,TRUE,TRUE,FALSE,FALSE
3729,58,"55 tot 65 jaar",FALSE,TRUE,"Mee eens",TRUE,"Mee eens",TRUE,TRUE,FALSE,TRUE,TRUE,TRUE
3730,33,"25 tot 35 jaar",TRUE,TRUE,"Mee eens",TRUE,"Helemaal mee eens",TRUE,TRUE,TRUE,TRUE,TRUE,TRUE
3731,70,"65 tot 75 jaar",TRUE,TRUE,"Mee eens",TRUE,"Mee eens",TRUE,FALSE,FALSE,FALSE,FALSE,FALSE
3732,61,"55 tot 65 jaar",FALSE,TRUE,"Mee eens",TRUE,"Helemaal mee eens",TRUE,TRUE,TRUE,TRUE,TRUE,TRUE
3733,22,"18 tot 25 jaar",TRUE,TRUE,"Mee eens",TRUE,"Niet mee eens, niet mee oneens",FALSE,TRUE,TRUE,TRUE,TRUE,TRUE
3734,18,"18 tot 25 jaar",TRUE,TRUE,"Mee eens",TRUE,"Mee eens",TRUE,TRUE,TRUE,TRUE,TRUE,TRUE
3735,24,"18 tot 25 jaar",FALSE,TRUE,"Niet mee eens, niet mee oneens",FALSE,"Niet mee eens, niet mee oneens",FALSE,FALSE,TRUE,FALSE,FALSE,FALSE
3736,24,"18 tot 25 jaar",TRUE,TRUE,"Helemaal mee eens",TRUE,"Mee eens",TRUE,TRUE,TRUE,TRUE,TRUE,TRUE
3737,36,"35 tot 45 jaar",TRUE,TRUE,"Mee eens",TRUE,"Mee eens",TRUE,FALSE,TRUE,FALSE,FALSE,TRUE
3738,82,"75 jaar of ouder",FALSE,TRUE,"Mee eens",TRUE,"Niet mee eens, niet mee oneens",FALSE,TRUE,TRUE,TRUE,TRUE,FALSE
3739,31,"25 tot 35 jaar",FALSE,TRUE,"Mee eens",TRUE,"Mee eens",TRUE,FALSE,TRUE,TRUE,FALSE,TRUE
3740,31,"25 tot 35 jaar",TRUE,TRUE,"Mee eens",TRUE,"Mee eens",TRUE,TRUE,TRUE,TRUE,TRUE,FALSE
3741,26,"25 tot 35 jaar",TRUE,TRUE,"Helemaal mee eens",TRUE,"Mee eens",TRUE,TRUE,TRUE,TRUE,TRUE,TRUE
3742,27,"25 tot 35 jaar",FALSE,TRUE,"Niet mee eens, niet mee oneens",FALSE,"Mee oneens",FALSE,FALSE,TRUE,TRUE,FALSE,FALSE
3743,41,"35 tot 45 jaar",FALSE,TRUE,"Helemaal mee eens",TRUE,"Helemaal mee eens",TRUE,TRUE,TRUE,TRUE,TRUE,TRUE
3744,38,"35 tot 45 jaar",FALSE,TRUE,"Helemaal mee eens",TRUE,"Helemaal mee eens",TRUE,TRUE,TRUE,TRUE,TRUE,TRUE
3745,43,"35 tot 45 jaar",TRUE,TRUE,"Mee eens",TRUE,"Mee eens",TRUE,TRUE,TRUE,TRUE,TRUE,TRUE
3746,27,"25 tot 35 jaar",TRUE,TRUE,"Helemaal mee eens",TRUE,"Mee eens",TRUE,TRUE,TRUE,TRUE,TRUE,TRUE
3747,89,"75 jaar of ouder",FALSE,TRUE,"Mee eens",TRUE,"Mee eens",TRUE,FALSE,TRUE,TRUE,TRUE,TRUE
3748,33,"25 tot 35 jaar",FALSE,TRUE,"Mee eens",TRUE,"Mee eens",TRUE,TRUE,TRUE,TRUE,TRUE,TRUE
3749,66,"65 tot 75 jaar",FALSE,TRUE,"Mee oneens",FALSE,"Niet mee eens, niet mee oneens",FALSE,FALSE,FALSE,FALSE,FALSE,FALSE
3750,32,"25 tot 35 jaar",FALSE,TRUE,"Mee eens",TRUE,"Helemaal mee eens",TRUE,TRUE,TRUE,TRUE,TRUE,TRUE
3751,66,"65 tot 75 jaar",FALSE,TRUE,"Helemaal mee eens",TRUE,"Mee eens",TRUE,TRUE,TRUE,TRUE,TRUE,TRUE
3752,41,"35 tot 45 jaar",TRUE,TRUE,"Helemaal mee eens",TRUE,"Mee eens",TRUE,TRUE,FALSE,TRUE,TRUE,TRUE
3753,80,"75 jaar of ouder",TRUE,TRUE,"Helemaal mee eens",TRUE,"Mee eens",TRUE,TRUE,TRUE,TRUE,TRUE,TRUE
3754,82,"75 jaar of ouder",FALSE,TRUE,"Mee eens",TRUE,"Niet mee eens, niet mee oneens",FALSE,TRUE,TRUE,TRUE,TRUE,TRUE
3755,63,"55 tot 65 jaar",TRUE,TRUE,"Mee eens",TRUE,"Niet mee eens, niet mee oneens",FALSE,TRUE,TRUE,FALSE,FALSE,FALSE
3756,71,"65 tot 75 jaar",TRUE,TRUE,"Mee eens",TRUE,"Niet mee eens, niet mee oneens",FALSE,TRUE,TRUE,FALSE,FALSE,FALSE
3757,59,"55 tot 65 jaar",TRUE,TRUE,"Helemaal mee eens",TRUE,"Helemaal mee eens",TRUE,TRUE,TRUE,TRUE,TRUE,TRUE
3758,25,"25 tot 35 jaar",FALSE,TRUE,"Mee eens",TRUE,"Niet mee eens, niet mee oneens",FALSE,TRUE,TRUE,TRUE,TRUE,TRUE
3759,19,"18 tot 25 jaar",FALSE,TRUE,"Mee eens",TRUE,"Helemaal mee eens",TRUE,TRUE,TRUE,FALSE,TRUE,TRUE
3760,54,"45 tot 55 jaar",TRUE,TRUE,"Helemaal mee eens",TRUE,"Mee eens",TRUE,TRUE,TRUE,TRUE,TRUE,TRUE
3761,58,"55 tot 65 jaar",TRUE,TRUE,"Helemaal mee eens",TRUE,"Helemaal mee eens",TRUE,TRUE,TRUE,TRUE,TRUE,TRUE
3762,65,"65 tot 75 jaar",TRUE,TRUE,"Helemaal mee oneens",FALSE,"Niet mee eens, niet mee oneens",FALSE,TRUE,TRUE,FALSE,TRUE,FALSE
3763,45,"45 tot 55 jaar",TRUE,TRUE,"Niet mee eens, niet mee oneens",FALSE,"Mee eens",TRUE,TRUE,FALSE,FALSE,TRUE,TRUE
3764,28,"25 tot 35 jaar",FALSE,TRUE,"Mee eens",TRUE,"Mee eens",TRUE,TRUE,TRUE,FALSE,FALSE,TRUE
3765,50,"45 tot 55 jaar",TRUE,TRUE,"Mee eens",TRUE,"Mee eens",TRUE,TRUE,FALSE,TRUE,TRUE,TRUE
3766,33,"25 tot 35 jaar",FALSE,TRUE,"Mee eens",TRUE,"Niet mee eens, niet mee oneens",FALSE,TRUE,TRUE,TRUE,FALSE,FALSE
3767,38,"35 tot 45 jaar",TRUE,TRUE,"Helemaal mee eens",TRUE,"Mee eens",TRUE,TRUE,TRUE,TRUE,TRUE,FALSE
3768,30,"25 tot 35 jaar",TRUE,TRUE,"Mee eens",TRUE,"Mee eens",TRUE,TRUE,TRUE,FALSE,FALSE,FALSE
3769,64,"55 tot 65 jaar",TRUE,TRUE,"Helemaal mee eens",TRUE,"Mee eens",TRUE,TRUE,TRUE,TRUE,TRUE,FALSE
3770,27,"25 tot 35 jaar",FALSE,TRUE,"Helemaal mee eens",TRUE,"Mee eens",TRUE,TRUE,TRUE,TRUE,TRUE,TRUE
3771,72,"65 tot 75 jaar",FALSE,TRUE,"Mee eens",TRUE,"Niet mee eens, niet mee oneens",FALSE,TRUE,FALSE,TRUE,TRUE,TRUE
3772,20,"18 tot 25 jaar",FALSE,TRUE,"Helemaal mee eens",TRUE,"Mee eens",TRUE,TRUE,TRUE,TRUE,TRUE,TRUE
3773,22,"18 tot 25 jaar",TRUE,TRUE,"Helemaal mee eens",TRUE,"Mee eens",TRUE,TRUE,TRUE,TRUE,FALSE,FALSE
3774,60,"55 tot 65 jaar",FALSE,TRUE,"Helemaal mee eens",TRUE,"Mee eens",TRUE,TRUE,TRUE,TRUE,TRUE,TRUE
3775,23,"18 tot 25 jaar",TRUE,TRUE,"Mee eens",TRUE,"Niet mee eens, niet mee oneens",FALSE,FALSE,FALSE,FALSE,FALSE,FALSE
3776,57,"55 tot 65 jaar",TRUE,TRUE,"Helemaal mee eens",TRUE,"Mee eens",TRUE,TRUE,TRUE,TRUE,TRUE,TRUE
3777,53,"45 tot 55 jaar",TRUE,TRUE,"Mee eens",TRUE,"Mee eens",TRUE,TRUE,FALSE,TRUE,TRUE,FALSE
3778,30,"25 tot 35 jaar",FALSE,TRUE,"Mee eens",TRUE,"Mee eens",TRUE,TRUE,FALSE,TRUE,TRUE,TRUE
3779,34,"25 tot 35 jaar",FALSE,FALSE,"Mee eens",TRUE,"Niet mee eens, niet mee oneens",FALSE,TRUE,TRUE,TRUE,TRUE,TRUE
3780,48,"45 tot 55 jaar",FALSE,FALSE,"Mee eens",TRUE,"Niet mee eens, niet mee oneens",FALSE,TRUE,FALSE,FALSE,TRUE,FALSE
3781,46,"45 tot 55 jaar",FALSE,TRUE,"Mee eens",TRUE,"Mee eens",TRUE,TRUE,FALSE,TRUE,TRUE,FALSE
3782,68,"65 tot 75 jaar",TRUE,TRUE,"Helemaal mee eens",TRUE,"Mee eens",TRUE,TRUE,TRUE,TRUE,TRUE,TRUE
3783,53,"45 tot 55 jaar",FALSE,TRUE,"Mee eens",TRUE,"Niet mee eens, niet mee oneens",FALSE,TRUE,FALSE,FALSE,FALSE,FALSE
3784,37,"35 tot 45 jaar",TRUE,TRUE,"Helemaal mee eens",TRUE,"Mee eens",TRUE,TRUE,TRUE,TRUE,TRUE,TRUE
3785,32,"25 tot 35 jaar",TRUE,TRUE,"Mee eens",TRUE,"Mee eens",TRUE,TRUE,FALSE,TRUE,TRUE,FALSE
3786,35,"35 tot 45 jaar",FALSE,TRUE,"Helemaal mee eens",TRUE,"Mee eens",TRUE,TRUE,TRUE,TRUE,TRUE,TRUE
3787,57,"55 tot 65 jaar",TRUE,TRUE,"Mee eens",TRUE,"Mee oneens",FALSE,TRUE,FALSE,TRUE,FALSE,FALSE
3788,85,"75 jaar of ouder",TRUE,TRUE,"Mee eens",TRUE,"Niet mee eens, niet mee oneens",FALSE,TRUE,TRUE,TRUE,TRUE,FALSE
3789,58,"55 tot 65 jaar",FALSE,TRUE,"Helemaal mee eens",TRUE,"Mee eens",TRUE,TRUE,TRUE,TRUE,TRUE,TRUE
3790,52,"45 tot 55 jaar",TRUE,TRUE,"Mee eens",TRUE,"Mee eens",TRUE,TRUE,FALSE,TRUE,TRUE,TRUE
3791,37,"35 tot 45 jaar",TRUE,TRUE,"Helemaal mee eens",TRUE,"Helemaal mee eens",TRUE,TRUE,TRUE,TRUE,TRUE,TRUE
3792,62,"55 tot 65 jaar",FALSE,TRUE,"Mee eens",TRUE,"Mee oneens",FALSE,TRUE,FALSE,FALSE,FALSE,FALSE
3793,32,"25 tot 35 jaar",TRUE,TRUE,"Helemaal mee eens",TRUE,"Mee eens",TRUE,FALSE,TRUE,FALSE,TRUE,TRUE
3794,21,"18 tot 25 jaar",FALSE,TRUE,"Helemaal mee eens",TRUE,"Mee eens",TRUE,TRUE,TRUE,TRUE,TRUE,TRUE
3795,51,"45 tot 55 jaar",TRUE,TRUE,"Mee eens",TRUE,"Helemaal mee eens",TRUE,TRUE,TRUE,TRUE,TRUE,TRUE
3796,74,"65 tot 75 jaar",FALSE,TRUE,"Mee eens",TRUE,"Mee eens",TRUE,TRUE,TRUE,FALSE,TRUE,FALSE
3797,46,"45 tot 55 jaar",TRUE,TRUE,"Mee eens",TRUE,"Helemaal mee eens",TRUE,TRUE,TRUE,TRUE,TRUE,TRUE
3798,51,"45 tot 55 jaar",FALSE,TRUE,"Helemaal mee eens",TRUE,"Mee eens",TRUE,TRUE,TRUE,TRUE,TRUE,TRUE
3799,18,"18 tot 25 jaar",FALSE,TRUE,"Mee eens",TRUE,"Niet mee eens, niet mee oneens",FALSE,TRUE,TRUE,FALSE,FALSE,FALSE
3800,33,"25 tot 35 jaar",FALSE,TRUE,"Mee eens",TRUE,"Mee eens",TRUE,FALSE,TRUE,TRUE,TRUE,FALSE
3801,29,"25 tot 35 jaar",FALSE,TRUE,"Mee eens",TRUE,"Mee eens",TRUE,TRUE,TRUE,TRUE,TRUE,FALSE
3802,61,"55 tot 65 jaar",TRUE,TRUE,"Helemaal mee eens",TRUE,"Mee eens",TRUE,TRUE,TRUE,FALSE,FALSE,TRUE
3803,33,"25 tot 35 jaar",FALSE,TRUE,"Mee eens",TRUE,"Niet mee eens, niet mee oneens",FALSE,TRUE,FALSE,TRUE,TRUE,FALSE
3804,42,"35 tot 45 jaar",TRUE,FALSE,"Mee eens",TRUE,"Helemaal mee eens",TRUE,TRUE,TRUE,TRUE,TRUE,TRUE
3805,58,"55 tot 65 jaar",TRUE,TRUE,"Mee eens",TRUE,"Helemaal mee oneens",FALSE,TRUE,TRUE,TRUE,FALSE,FALSE
3806,63,"55 tot 65 jaar",FALSE,TRUE,"Niet mee eens, niet mee oneens",FALSE,"Mee oneens",FALSE,TRUE,TRUE,TRUE,TRUE,FALSE
3807,56,"55 tot 65 jaar",TRUE,TRUE,"Mee eens",TRUE,"Niet mee eens, niet mee oneens",FALSE,TRUE,FALSE,FALSE,FALSE,TRUE
3808,49,"45 tot 55 jaar",TRUE,TRUE,"Helemaal mee eens",TRUE,"Mee eens",TRUE,TRUE,TRUE,TRUE,TRUE,TRUE
3809,70,"65 tot 75 jaar",TRUE,TRUE,"Helemaal mee eens",TRUE,"Mee eens",TRUE,TRUE,TRUE,TRUE,TRUE,TRUE
3810,29,"25 tot 35 jaar",FALSE,TRUE,"Mee eens",TRUE,"Mee eens",TRUE,FALSE,TRUE,FALSE,TRUE,TRUE
3811,75,"75 jaar of ouder",FALSE,TRUE,"Helemaal mee eens",TRUE,"Helemaal mee eens",TRUE,TRUE,TRUE,TRUE,TRUE,TRUE
3812,26,"25 tot 35 jaar",FALSE,TRUE,"Helemaal mee eens",TRUE,"Mee eens",TRUE,TRUE,TRUE,TRUE,TRUE,TRUE
3813,67,"65 tot 75 jaar",FALSE,TRUE,"Helemaal mee eens",TRUE,"Helemaal mee eens",TRUE,TRUE,TRUE,TRUE,TRUE,TRUE
3814,82,"75 jaar of ouder",FALSE,TRUE,"Mee eens",TRUE,"Mee oneens",FALSE,FALSE,TRUE,FALSE,FALSE,FALSE
3815,58,"55 tot 65 jaar",TRUE,TRUE,"Mee eens",TRUE,"Mee eens",TRUE,TRUE,TRUE,FALSE,TRUE,FALSE
3816,59,"55 tot 65 jaar",FALSE,FALSE,"Helemaal mee eens",TRUE,"Helemaal mee eens",TRUE,TRUE,FALSE,TRUE,TRUE,TRUE
3817,40,"35 tot 45 jaar",TRUE,TRUE,"Mee eens",TRUE,"Mee oneens",FALSE,TRUE,TRUE,TRUE,TRUE,FALSE
3818,32,"25 tot 35 jaar",TRUE,TRUE,"Mee eens",TRUE,"Mee eens",TRUE,TRUE,TRUE,TRUE,TRUE,TRUE
3819,26,"25 tot 35 jaar",FALSE,TRUE,"Mee oneens",FALSE,"Mee oneens",FALSE,FALSE,TRUE,TRUE,FALSE,FALSE
3820,33,"25 tot 35 jaar",FALSE,TRUE,"Mee eens",TRUE,"Mee eens",TRUE,TRUE,TRUE,TRUE,TRUE,FALSE
3821,40,"35 tot 45 jaar",FALSE,TRUE,"Helemaal mee eens",TRUE,"Helemaal mee eens",TRUE,TRUE,TRUE,TRUE,TRUE,TRUE
3822,62,"55 tot 65 jaar",TRUE,TRUE,"Mee eens",TRUE,"Mee eens",TRUE,TRUE,TRUE,TRUE,TRUE,FALSE
3823,38,"35 tot 45 jaar",TRUE,TRUE,"Mee eens",TRUE,"Mee eens",TRUE,TRUE,TRUE,TRUE,TRUE,FALSE
3824,64,"55 tot 65 jaar",FALSE,TRUE,"Helemaal mee eens",TRUE,"Mee eens",TRUE,FALSE,TRUE,TRUE,TRUE,TRUE
3825,27,"25 tot 35 jaar",TRUE,TRUE,"Mee eens",TRUE,"Mee eens",TRUE,TRUE,TRUE,FALSE,TRUE,FALSE
3826,29,"25 tot 35 jaar",FALSE,TRUE,"Mee eens",TRUE,"Niet mee eens, niet mee oneens",FALSE,FALSE,TRUE,FALSE,FALSE,TRUE
3827,29,"25 tot 35 jaar",TRUE,TRUE,"Mee eens",TRUE,"Mee eens",TRUE,TRUE,TRUE,TRUE,TRUE,TRUE
3828,41,"35 tot 45 jaar",FALSE,TRUE,"Mee eens",TRUE,"Mee eens",TRUE,TRUE,TRUE,TRUE,TRUE,FALSE
3829,61,"55 tot 65 jaar",FALSE,TRUE,"Mee eens",TRUE,"Mee eens",TRUE,TRUE,TRUE,TRUE,TRUE,TRUE
3830,72,"65 tot 75 jaar",TRUE,TRUE,"Mee eens",TRUE,"Niet mee eens, niet mee oneens",FALSE,TRUE,TRUE,TRUE,FALSE,FALSE
3831,56,"55 tot 65 jaar",TRUE,TRUE,"Mee eens",TRUE,"Mee eens",TRUE,FALSE,TRUE,TRUE,TRUE,TRUE
3832,34,"25 tot 35 jaar",FALSE,TRUE,"Mee eens",TRUE,"Niet mee eens, niet mee oneens",FALSE,TRUE,TRUE,FALSE,FALSE,FALSE
3833,21,"18 tot 25 jaar",TRUE,TRUE,"Mee eens",TRUE,"Mee oneens",FALSE,FALSE,TRUE,FALSE,FALSE,TRUE
3834,40,"35 tot 45 jaar",TRUE,FALSE,"Helemaal mee eens",TRUE,"Mee eens",TRUE,TRUE,TRUE,TRUE,TRUE,TRUE
3835,53,"45 tot 55 jaar",FALSE,TRUE,"Mee eens",TRUE,"Helemaal mee eens",TRUE,TRUE,TRUE,TRUE,TRUE,FALSE
3836,82,"75 jaar of ouder",FALSE,TRUE,"Helemaal mee eens",TRUE,"Helemaal mee eens",TRUE,TRUE,TRUE,TRUE,TRUE,FALSE
3837,74,"65 tot 75 jaar",FALSE,TRUE,"Helemaal mee eens",TRUE,"Mee eens",TRUE,TRUE,TRUE,TRUE,TRUE,TRUE
3838,73,"65 tot 75 jaar",FALSE,TRUE,"Mee eens",TRUE,"Niet mee eens, niet mee oneens",FALSE,TRUE,TRUE,TRUE,TRUE,TRUE
3839,34,"25 tot 35 jaar",FALSE,TRUE,"Mee eens",TRUE,"Mee eens",TRUE,TRUE,FALSE,TRUE,TRUE,TRUE
3840,45,"45 tot 55 jaar",TRUE,TRUE,"Helemaal mee eens",TRUE,"Mee eens",TRUE,TRUE,FALSE,FALSE,TRUE,TRUE
3841,90,"75 jaar of ouder",FALSE,FALSE,"Mee eens",TRUE,"Niet mee eens, niet mee oneens",FALSE,TRUE,TRUE,FALSE,TRUE,FALSE
3842,83,"75 jaar of ouder",FALSE,TRUE,"Niet mee eens, niet mee oneens",FALSE,"Niet mee eens, niet mee oneens",FALSE,TRUE,TRUE,FALSE,FALSE,FALSE
3843,72,"65 tot 75 jaar",FALSE,TRUE,"Mee eens",TRUE,"Mee eens",TRUE,TRUE,FALSE,TRUE,FALSE,FALSE
3844,74,"65 tot 75 jaar",FALSE,TRUE,"Niet mee eens, niet mee oneens",FALSE,"Niet mee eens, niet mee oneens",FALSE,TRUE,FALSE,TRUE,TRUE,FALSE
3845,70,"65 tot 75 jaar",TRUE,TRUE,"Mee eens",TRUE,"Mee eens",TRUE,TRUE,TRUE,TRUE,TRUE,TRUE
3846,26,"25 tot 35 jaar",TRUE,TRUE,"Helemaal mee eens",TRUE,"Mee eens",TRUE,TRUE,TRUE,TRUE,TRUE,TRUE
3847,48,"45 tot 55 jaar",FALSE,TRUE,"Helemaal mee eens",TRUE,"Helemaal mee eens",TRUE,TRUE,TRUE,TRUE,TRUE,TRUE
3848,57,"55 tot 65 jaar",FALSE,TRUE,"Mee eens",TRUE,"Niet mee eens, niet mee oneens",FALSE,TRUE,TRUE,TRUE,FALSE,FALSE
3849,48,"45 tot 55 jaar",FALSE,TRUE,"Mee eens",TRUE,"Mee oneens",FALSE,TRUE,TRUE,FALSE,FALSE,TRUE
3850,54,"45 tot 55 jaar",TRUE,TRUE,"Mee eens",TRUE,"Mee eens",TRUE,FALSE,TRUE,TRUE,FALSE,FALSE
3851,82,"75 jaar of ouder",TRUE,TRUE,"Niet mee eens, niet mee oneens",FALSE,"Mee oneens",FALSE,TRUE,TRUE,FALSE,FALSE,FALSE
3852,72,"65 tot 75 jaar",FALSE,TRUE,"Mee eens",TRUE,"Niet mee eens, niet mee oneens",FALSE,FALSE,TRUE,TRUE,FALSE,TRUE
3853,54,"45 tot 55 jaar",FALSE,TRUE,"Helemaal mee eens",TRUE,"Mee eens",TRUE,TRUE,TRUE,TRUE,TRUE,TRUE
3854,26,"25 tot 35 jaar",FALSE,TRUE,"Helemaal mee eens",TRUE,"Mee eens",TRUE,TRUE,TRUE,TRUE,TRUE,TRUE
3855,44,"35 tot 45 jaar",TRUE,TRUE,"Mee eens",TRUE,"Mee eens",TRUE,TRUE,TRUE,FALSE,FALSE,FALSE
3856,29,"25 tot 35 jaar",FALSE,TRUE,"Helemaal mee eens",TRUE,"Mee eens",TRUE,TRUE,FALSE,TRUE,TRUE,TRUE
3857,30,"25 tot 35 jaar",FALSE,TRUE,"Helemaal mee eens",TRUE,"Helemaal mee eens",TRUE,TRUE,TRUE,TRUE,TRUE,FALSE
3858,39,"35 tot 45 jaar",FALSE,TRUE,"Helemaal mee eens",TRUE,"Helemaal mee eens",TRUE,TRUE,TRUE,TRUE,TRUE,TRUE
3859,81,"75 jaar of ouder",TRUE,TRUE,"Helemaal mee eens",TRUE,"Helemaal mee eens",TRUE,TRUE,TRUE,TRUE,TRUE,TRUE
3860,18,"18 tot 25 jaar",FALSE,TRUE,"Helemaal mee eens",TRUE,"Helemaal mee eens",TRUE,TRUE,TRUE,TRUE,TRUE,TRUE
3861,62,"55 tot 65 jaar",FALSE,TRUE,"Mee eens",TRUE,"Niet mee eens, niet mee oneens",FALSE,TRUE,TRUE,TRUE,FALSE,FALSE
3862,61,"55 tot 65 jaar",FALSE,TRUE,"Niet mee eens, niet mee oneens",FALSE,"Niet mee eens, niet mee oneens",FALSE,FALSE,FALSE,FALSE,FALSE,FALSE
3863,65,"65 tot 75 jaar",TRUE,TRUE,"Helemaal mee oneens",FALSE,"Helemaal mee oneens",FALSE,TRUE,FALSE,FALSE,FALSE,FALSE
3864,43,"35 tot 45 jaar",TRUE,TRUE,"Helemaal mee oneens",FALSE,"Niet mee eens, niet mee oneens",FALSE,TRUE,TRUE,FALSE,FALSE,FALSE
3865,74,"65 tot 75 jaar",TRUE,TRUE,"Helemaal mee eens",TRUE,"Mee eens",TRUE,TRUE,TRUE,TRUE,TRUE,TRUE
3866,44,"35 tot 45 jaar",FALSE,FALSE,"Helemaal mee eens",TRUE,"Helemaal mee eens",TRUE,TRUE,TRUE,TRUE,TRUE,TRUE
3867,40,"35 tot 45 jaar",TRUE,TRUE,"Mee eens",TRUE,"Helemaal mee eens",TRUE,TRUE,TRUE,TRUE,TRUE,TRUE
3868,24,"18 tot 25 jaar",FALSE,TRUE,"Mee eens",TRUE,"Niet mee eens, niet mee oneens",FALSE,TRUE,TRUE,TRUE,FALSE,FALSE
3869,71,"65 tot 75 jaar",TRUE,TRUE,"Helemaal mee eens",TRUE,"Helemaal mee eens",TRUE,TRUE,TRUE,TRUE,TRUE,TRUE
3870,50,"45 tot 55 jaar",FALSE,TRUE,"Mee eens",TRUE,"Niet mee eens, niet mee oneens",FALSE,TRUE,TRUE,TRUE,TRUE,TRUE
3871,83,"75 jaar of ouder",FALSE,TRUE,"Helemaal mee eens",TRUE,"Niet mee eens, niet mee oneens",FALSE,TRUE,TRUE,TRUE,FALSE,TRUE
3872,25,"25 tot 35 jaar",FALSE,TRUE,"Helemaal mee eens",TRUE,"Mee eens",TRUE,TRUE,FALSE,FALSE,FALSE,TRUE
3873,31,"25 tot 35 jaar",TRUE,TRUE,"Mee eens",TRUE,"Mee eens",TRUE,TRUE,TRUE,TRUE,TRUE,TRUE
3874,25,"25 tot 35 jaar",FALSE,TRUE,"Helemaal mee eens",TRUE,"Helemaal mee eens",TRUE,TRUE,TRUE,TRUE,TRUE,TRUE
3875,70,"65 tot 75 jaar",FALSE,TRUE,"Mee eens",TRUE,"Mee eens",TRUE,TRUE,TRUE,TRUE,TRUE,TRUE
3876,67,"65 tot 75 jaar",TRUE,TRUE,"Mee eens",TRUE,"Mee eens",TRUE,TRUE,TRUE,FALSE,TRUE,TRUE
3877,83,"75 jaar of ouder",FALSE,TRUE,"Mee eens",TRUE,"Niet mee eens, niet mee oneens",FALSE,TRUE,TRUE,TRUE,TRUE,FALSE
3878,56,"55 tot 65 jaar",FALSE,TRUE,"Niet mee eens, niet mee oneens",FALSE,"Mee eens",TRUE,TRUE,FALSE,TRUE,TRUE,TRUE
3879,73,"65 tot 75 jaar",TRUE,TRUE,"Mee eens",TRUE,"Helemaal mee eens",TRUE,TRUE,TRUE,TRUE,TRUE,TRUE
3880,77,"75 jaar of ouder",TRUE,TRUE,"Mee eens",TRUE,"Helemaal mee eens",TRUE,TRUE,TRUE,TRUE,TRUE,TRUE
3881,54,"45 tot 55 jaar",FALSE,TRUE,"Mee eens",TRUE,"Mee oneens",FALSE,TRUE,TRUE,TRUE,FALSE,TRUE
3882,43,"35 tot 45 jaar",FALSE,TRUE,"Mee eens",TRUE,"Mee eens",TRUE,TRUE,FALSE,FALSE,TRUE,FALSE
3883,75,"75 jaar of ouder",TRUE,TRUE,"Helemaal mee eens",TRUE,"Mee eens",TRUE,TRUE,TRUE,TRUE,TRUE,TRUE
3884,18,"18 tot 25 jaar",FALSE,TRUE,"Helemaal mee eens",TRUE,"Mee eens",TRUE,TRUE,TRUE,TRUE,TRUE,TRUE
3885,62,"55 tot 65 jaar",FALSE,TRUE,"Mee eens",TRUE,"Mee eens",TRUE,TRUE,TRUE,TRUE,FALSE,TRUE
3886,70,"65 tot 75 jaar",TRUE,TRUE,"Helemaal mee eens",TRUE,"Mee eens",TRUE,TRUE,TRUE,TRUE,TRUE,TRUE
3887,35,"35 tot 45 jaar",TRUE,TRUE,"Helemaal mee eens",TRUE,"Mee eens",TRUE,TRUE,TRUE,TRUE,TRUE,TRUE
3888,44,"35 tot 45 jaar",TRUE,TRUE,"Helemaal mee eens",TRUE,"Mee eens",TRUE,TRUE,TRUE,TRUE,TRUE,TRUE
3889,31,"25 tot 35 jaar",TRUE,TRUE,"Mee eens",TRUE,"Mee eens",TRUE,TRUE,TRUE,TRUE,TRUE,FALSE
3890,48,"45 tot 55 jaar",FALSE,TRUE,"Mee eens",TRUE,"Mee eens",TRUE,TRUE,TRUE,TRUE,FALSE,FALSE
3891,78,"75 jaar of ouder",TRUE,FALSE,"Helemaal mee eens",TRUE,"Niet mee eens, niet mee oneens",FALSE,TRUE,TRUE,TRUE,FALSE,FALSE
3892,28,"25 tot 35 jaar",TRUE,TRUE,"Helemaal mee eens",TRUE,"Mee eens",TRUE,TRUE,TRUE,TRUE,TRUE,TRUE
3893,37,"35 tot 45 jaar",TRUE,TRUE,"Helemaal mee eens",TRUE,"Mee eens",TRUE,TRUE,TRUE,TRUE,TRUE,TRUE
3894,29,"25 tot 35 jaar",FALSE,TRUE,"Helemaal mee eens",TRUE,"Helemaal mee eens",TRUE,TRUE,TRUE,TRUE,TRUE,TRUE
3895,73,"65 tot 75 jaar",FALSE,TRUE,"Helemaal mee eens",TRUE,"Mee eens",TRUE,TRUE,TRUE,TRUE,TRUE,TRUE
3896,52,"45 tot 55 jaar",FALSE,TRUE,"Mee eens",TRUE,"Mee oneens",FALSE,FALSE,TRUE,FALSE,FALSE,TRUE
3897,64,"55 tot 65 jaar",FALSE,TRUE,"Helemaal mee eens",TRUE,"Helemaal mee eens",TRUE,TRUE,TRUE,TRUE,TRUE,TRUE
3898,46,"45 tot 55 jaar",FALSE,TRUE,"Helemaal mee eens",TRUE,"Mee eens",TRUE,TRUE,TRUE,TRUE,TRUE,TRUE
3899,30,"25 tot 35 jaar",FALSE,TRUE,"Mee eens",TRUE,"Niet mee eens, niet mee oneens",FALSE,TRUE,TRUE,TRUE,TRUE,FALSE
3900,34,"25 tot 35 jaar",FALSE,TRUE,"Helemaal mee eens",TRUE,"Helemaal mee eens",TRUE,TRUE,TRUE,TRUE,TRUE,TRUE
3901,56,"55 tot 65 jaar",FALSE,TRUE,"Mee eens",TRUE,"Mee eens",TRUE,TRUE,FALSE,TRUE,TRUE,TRUE
3902,54,"45 tot 55 jaar",TRUE,TRUE,"Mee eens",TRUE,"Mee oneens",FALSE,TRUE,FALSE,FALSE,FALSE,TRUE
3903,47,"45 tot 55 jaar",FALSE,TRUE,"Helemaal mee eens",TRUE,"Niet mee eens, niet mee oneens",FALSE,TRUE,TRUE,FALSE,FALSE,TRUE
3904,38,"35 tot 45 jaar",TRUE,TRUE,"Helemaal mee eens",TRUE,"Niet mee eens, niet mee oneens",FALSE,TRUE,FALSE,FALSE,FALSE,FALSE
3905,61,"55 tot 65 jaar",TRUE,TRUE,"Mee eens",TRUE,"Mee eens",TRUE,FALSE,FALSE,FALSE,FALSE,FALSE
3906,73,"65 tot 75 jaar",FALSE,TRUE,"Mee eens",TRUE,"Niet mee eens, niet mee oneens",FALSE,TRUE,TRUE,TRUE,FALSE,TRUE
3907,18,"18 tot 25 jaar",TRUE,TRUE,"Helemaal mee eens",TRUE,"Helemaal mee eens",TRUE,TRUE,TRUE,TRUE,TRUE,TRUE
3908,34,"25 tot 35 jaar",FALSE,TRUE,"Mee eens",TRUE,"Niet mee eens, niet mee oneens",FALSE,TRUE,TRUE,TRUE,FALSE,FALSE
3909,45,"45 tot 55 jaar",FALSE,TRUE,"Niet mee eens, niet mee oneens",FALSE,"Niet mee eens, niet mee oneens",FALSE,TRUE,FALSE,FALSE,FALSE,FALSE
3910,50,"45 tot 55 jaar",FALSE,TRUE,"Mee eens",TRUE,"Mee eens",TRUE,TRUE,TRUE,TRUE,TRUE,FALSE
3911,52,"45 tot 55 jaar",FALSE,TRUE,"Helemaal mee eens",TRUE,"Mee eens",TRUE,TRUE,TRUE,TRUE,TRUE,TRUE
3912,53,"45 tot 55 jaar",FALSE,TRUE,"Mee eens",TRUE,"Mee eens",TRUE,TRUE,TRUE,FALSE,TRUE,TRUE
3913,45,"45 tot 55 jaar",FALSE,TRUE,"Mee eens",TRUE,"Mee eens",TRUE,TRUE,TRUE,TRUE,TRUE,TRUE
3914,46,"45 tot 55 jaar",TRUE,TRUE,"Helemaal mee eens",TRUE,"Mee eens",TRUE,TRUE,TRUE,TRUE,TRUE,TRUE
3915,81,"75 jaar of ouder",FALSE,TRUE,"Helemaal mee eens",TRUE,"Mee eens",TRUE,TRUE,TRUE,TRUE,TRUE,TRUE
3916,79,"75 jaar of ouder",TRUE,TRUE,"Niet mee eens, niet mee oneens",FALSE,"Mee oneens",FALSE,TRUE,TRUE,FALSE,FALSE,FALSE
3917,49,"45 tot 55 jaar",FALSE,TRUE,"Mee eens",TRUE,"Niet mee eens, niet mee oneens",FALSE,TRUE,TRUE,TRUE,TRUE,TRUE
3918,74,"65 tot 75 jaar",TRUE,TRUE,"Mee eens",TRUE,"Mee oneens",FALSE,TRUE,FALSE,TRUE,TRUE,TRUE
3919,57,"55 tot 65 jaar",TRUE,TRUE,"Mee eens",TRUE,"Mee eens",TRUE,TRUE,TRUE,TRUE,TRUE,FALSE
3920,71,"65 tot 75 jaar",FALSE,TRUE,"Helemaal mee eens",TRUE,"Helemaal mee eens",TRUE,TRUE,TRUE,TRUE,TRUE,TRUE
3921,39,"35 tot 45 jaar",FALSE,TRUE,"Helemaal mee eens",TRUE,"Helemaal mee eens",TRUE,TRUE,TRUE,TRUE,TRUE,TRUE
3922,44,"35 tot 45 jaar",TRUE,TRUE,"Helemaal mee eens",TRUE,"Mee eens",TRUE,TRUE,FALSE,FALSE,TRUE,TRUE
3923,43,"35 tot 45 jaar",TRUE,TRUE,"Helemaal mee eens",TRUE,"Mee eens",TRUE,TRUE,TRUE,TRUE,TRUE,TRUE
3924,21,"18 tot 25 jaar",FALSE,TRUE,"Niet mee eens, niet mee oneens",FALSE,"Niet mee eens, niet mee oneens",FALSE,FALSE,FALSE,FALSE,FALSE,FALSE
3925,27,"25 tot 35 jaar",FALSE,TRUE,"Niet mee eens, niet mee oneens",FALSE,"Mee oneens",FALSE,TRUE,TRUE,TRUE,TRUE,TRUE
3926,18,"18 tot 25 jaar",TRUE,TRUE,"Helemaal mee eens",TRUE,"Niet mee eens, niet mee oneens",FALSE,TRUE,TRUE,TRUE,TRUE,TRUE
3927,35,"35 tot 45 jaar",FALSE,TRUE,"Helemaal mee eens",TRUE,"Helemaal mee eens",TRUE,TRUE,TRUE,TRUE,TRUE,TRUE
3928,21,"18 tot 25 jaar",TRUE,TRUE,"Helemaal mee eens",TRUE,"Mee eens",TRUE,TRUE,TRUE,FALSE,TRUE,TRUE
3929,75,"75 jaar of ouder",TRUE,FALSE,"Helemaal mee eens",TRUE,"Helemaal mee eens",TRUE,TRUE,TRUE,TRUE,TRUE,TRUE
3930,51,"45 tot 55 jaar",TRUE,TRUE,"Mee eens",TRUE,"Mee eens",TRUE,TRUE,FALSE,FALSE,TRUE,TRUE
3931,62,"55 tot 65 jaar",TRUE,TRUE,"Helemaal mee eens",TRUE,"Mee eens",TRUE,TRUE,TRUE,TRUE,TRUE,TRUE
3932,36,"35 tot 45 jaar",FALSE,TRUE,"Helemaal mee eens",TRUE,"Helemaal mee eens",TRUE,TRUE,TRUE,TRUE,TRUE,TRUE
3933,62,"55 tot 65 jaar",TRUE,TRUE,"Mee eens",TRUE,"Mee eens",TRUE,TRUE,TRUE,TRUE,TRUE,TRUE
3934,57,"55 tot 65 jaar",FALSE,TRUE,"Helemaal mee eens",TRUE,"Helemaal mee eens",TRUE,TRUE,TRUE,TRUE,TRUE,TRUE
3935,83,"75 jaar of ouder",FALSE,TRUE,"Mee eens",TRUE,"Mee eens",TRUE,TRUE,TRUE,TRUE,TRUE,FALSE
3936,24,"18 tot 25 jaar",FALSE,TRUE,"Mee eens",TRUE,"Niet mee eens, niet mee oneens",FALSE,TRUE,TRUE,TRUE,TRUE,TRUE
3937,51,"45 tot 55 jaar",TRUE,TRUE,"Mee eens",TRUE,"Mee eens",TRUE,TRUE,TRUE,TRUE,TRUE,TRUE
3938,57,"55 tot 65 jaar",TRUE,TRUE,"Helemaal mee eens",TRUE,"Helemaal mee eens",TRUE,TRUE,TRUE,FALSE,TRUE,FALSE
3939,19,"18 tot 25 jaar",TRUE,TRUE,"Helemaal mee eens",TRUE,"Helemaal mee eens",TRUE,TRUE,TRUE,TRUE,TRUE,TRUE
3940,66,"65 tot 75 jaar",TRUE,TRUE,"Mee eens",TRUE,"Mee eens",TRUE,TRUE,TRUE,TRUE,TRUE,TRUE
3941,31,"25 tot 35 jaar",TRUE,TRUE,"Mee eens",TRUE,"Mee eens",TRUE,TRUE,TRUE,TRUE,TRUE,TRUE
3942,66,"65 tot 75 jaar",FALSE,TRUE,"Helemaal mee eens",TRUE,"Mee eens",TRUE,TRUE,TRUE,TRUE,TRUE,TRUE
3943,56,"55 tot 65 jaar",FALSE,TRUE,"Mee eens",TRUE,"Niet mee eens, niet mee oneens",FALSE,TRUE,TRUE,TRUE,FALSE,TRUE
3944,67,"65 tot 75 jaar",FALSE,TRUE,"Helemaal mee eens",TRUE,"Helemaal mee eens",TRUE,TRUE,TRUE,TRUE,TRUE,TRUE
3945,63,"55 tot 65 jaar",FALSE,TRUE,"Mee eens",TRUE,"Mee eens",TRUE,TRUE,TRUE,TRUE,TRUE,TRUE
3946,62,"55 tot 65 jaar",FALSE,FALSE,"Helemaal mee eens",TRUE,"Mee eens",TRUE,TRUE,TRUE,TRUE,TRUE,TRUE
3947,86,"75 jaar of ouder",FALSE,TRUE,"Helemaal mee eens",TRUE,"Niet mee eens, niet mee oneens",FALSE,TRUE,FALSE,TRUE,FALSE,TRUE
3948,82,"75 jaar of ouder",FALSE,TRUE,"Mee eens",TRUE,"Helemaal mee eens",TRUE,TRUE,TRUE,TRUE,TRUE,FALSE
3949,26,"25 tot 35 jaar",FALSE,TRUE,"Mee eens",TRUE,"Niet mee eens, niet mee oneens",FALSE,FALSE,TRUE,TRUE,TRUE,FALSE
3950,71,"65 tot 75 jaar",TRUE,TRUE,"Mee eens",TRUE,"Mee eens",TRUE,TRUE,TRUE,TRUE,TRUE,TRUE
3951,74,"65 tot 75 jaar",TRUE,TRUE,"Mee eens",TRUE,"Niet mee eens, niet mee oneens",FALSE,TRUE,FALSE,TRUE,FALSE,TRUE
3952,41,"35 tot 45 jaar",FALSE,TRUE,"Mee eens",TRUE,"Niet mee eens, niet mee oneens",FALSE,TRUE,TRUE,TRUE,TRUE,TRUE
3953,69,"65 tot 75 jaar",FALSE,TRUE,"Mee eens",TRUE,"Mee eens",TRUE,TRUE,TRUE,TRUE,TRUE,TRUE
3954,27,"25 tot 35 jaar",TRUE,TRUE,"Helemaal mee eens",TRUE,"Helemaal mee eens",TRUE,TRUE,TRUE,TRUE,TRUE,TRUE
3955,29,"25 tot 35 jaar",FALSE,TRUE,"Mee eens",TRUE,"Mee oneens",FALSE,TRUE,TRUE,TRUE,FALSE,FALSE
3956,31,"25 tot 35 jaar",FALSE,TRUE,"Niet mee eens, niet mee oneens",FALSE,"Niet mee eens, niet mee oneens",FALSE,TRUE,TRUE,TRUE,FALSE,TRUE
3957,69,"65 tot 75 jaar",TRUE,TRUE,"Mee eens",TRUE,"Niet mee eens, niet mee oneens",FALSE,FALSE,TRUE,TRUE,TRUE,FALSE
3958,50,"45 tot 55 jaar",TRUE,TRUE,"Helemaal mee eens",TRUE,"Mee eens",TRUE,TRUE,TRUE,TRUE,FALSE,TRUE
3959,56,"55 tot 65 jaar",FALSE,TRUE,"Helemaal mee eens",TRUE,"Helemaal mee eens",TRUE,TRUE,TRUE,TRUE,TRUE,TRUE
3960,35,"35 tot 45 jaar",TRUE,TRUE,"Mee eens",TRUE,"Mee eens",TRUE,TRUE,TRUE,TRUE,TRUE,TRUE
3961,29,"25 tot 35 jaar",FALSE,TRUE,"Helemaal mee eens",TRUE,"Mee eens",TRUE,TRUE,TRUE,TRUE,TRUE,FALSE
3962,34,"25 tot 35 jaar",TRUE,TRUE,"Helemaal mee eens",TRUE,"Mee eens",TRUE,TRUE,TRUE,TRUE,TRUE,FALSE
3963,47,"45 tot 55 jaar",FALSE,TRUE,"Mee eens",TRUE,"Niet mee eens, niet mee oneens",FALSE,TRUE,TRUE,TRUE,TRUE,TRUE
3964,59,"55 tot 65 jaar",FALSE,TRUE,"Mee eens",TRUE,"Mee eens",TRUE,TRUE,TRUE,TRUE,TRUE,FALSE
3965,83,"75 jaar of ouder",FALSE,TRUE,"Mee oneens",FALSE,"Niet mee eens, niet mee oneens",FALSE,FALSE,FALSE,FALSE,FALSE,FALSE
3966,70,"65 tot 75 jaar",FALSE,TRUE,"Helemaal mee oneens",FALSE,"Mee oneens",FALSE,TRUE,FALSE,FALSE,FALSE,FALSE
3967,67,"65 tot 75 jaar",TRUE,TRUE,"Helemaal mee eens",TRUE,"Helemaal mee eens",TRUE,TRUE,TRUE,TRUE,TRUE,TRUE
3968,79,"75 jaar of ouder",FALSE,TRUE,"Mee eens",TRUE,"Niet mee eens, niet mee oneens",FALSE,TRUE,TRUE,TRUE,TRUE,FALSE
3969,20,"18 tot 25 jaar",FALSE,TRUE,"Mee eens",TRUE,"Mee eens",TRUE,TRUE,TRUE,TRUE,TRUE,FALSE
3970,47,"45 tot 55 jaar",TRUE,TRUE,"Mee eens",TRUE,"Mee eens",TRUE,TRUE,FALSE,FALSE,TRUE,FALSE
3971,34,"25 tot 35 jaar",FALSE,TRUE,"Helemaal mee eens",TRUE,"Niet mee eens, niet mee oneens",FALSE,FALSE,TRUE,TRUE,FALSE,TRUE
3972,64,"55 tot 65 jaar",TRUE,TRUE,"Mee eens",TRUE,"Mee eens",TRUE,TRUE,TRUE,TRUE,TRUE,TRUE
3973,60,"55 tot 65 jaar",FALSE,FALSE,"Helemaal mee eens",TRUE,"Niet mee eens, niet mee oneens",FALSE,TRUE,TRUE,FALSE,FALSE,TRUE
3974,33,"25 tot 35 jaar",TRUE,TRUE,"Mee eens",TRUE,"Mee oneens",FALSE,TRUE,TRUE,FALSE,TRUE,FALSE
3975,31,"25 tot 35 jaar",FALSE,TRUE,"Helemaal mee eens",TRUE,"Mee eens",TRUE,TRUE,TRUE,TRUE,TRUE,TRUE
3976,32,"25 tot 35 jaar",FALSE,TRUE,"Helemaal mee eens",TRUE,"Niet mee eens, niet mee oneens",FALSE,TRUE,TRUE,TRUE,TRUE,TRUE
3977,56,"55 tot 65 jaar",FALSE,TRUE,"Niet mee eens, niet mee oneens",FALSE,"Mee eens",TRUE,TRUE,TRUE,FALSE,TRUE,TRUE
3978,39,"35 tot 45 jaar",FALSE,TRUE,"Niet mee eens, niet mee oneens",FALSE,"Niet mee eens, niet mee oneens",FALSE,TRUE,TRUE,TRUE,FALSE,FALSE
3979,32,"25 tot 35 jaar",TRUE,TRUE,"Mee eens",TRUE,"Mee oneens",FALSE,TRUE,TRUE,FALSE,FALSE,FALSE
3980,25,"25 tot 35 jaar",FALSE,TRUE,"Niet mee eens, niet mee oneens",FALSE,"Niet mee eens, niet mee oneens",FALSE,FALSE,FALSE,FALSE,FALSE,FALSE
3981,69,"65 tot 75 jaar",TRUE,TRUE,"Mee eens",TRUE,"Mee eens",TRUE,TRUE,TRUE,TRUE,TRUE,TRUE
3982,24,"18 tot 25 jaar",FALSE,TRUE,"Niet mee eens, niet mee oneens",FALSE,"Helemaal mee eens",TRUE,TRUE,TRUE,TRUE,TRUE,TRUE
3983,48,"45 tot 55 jaar",TRUE,FALSE,"Mee eens",TRUE,"Helemaal mee eens",TRUE,TRUE,TRUE,TRUE,TRUE,TRUE
3984,37,"35 tot 45 jaar",TRUE,TRUE,"Helemaal mee eens",TRUE,"Helemaal mee eens",TRUE,TRUE,TRUE,TRUE,TRUE,TRUE
3985,68,"65 tot 75 jaar",FALSE,TRUE,"Mee eens",TRUE,"Mee eens",TRUE,TRUE,TRUE,TRUE,TRUE,TRUE
3986,59,"55 tot 65 jaar",TRUE,TRUE,"Helemaal mee eens",TRUE,"Mee eens",TRUE,TRUE,FALSE,TRUE,TRUE,TRUE
3987,83,"75 jaar of ouder",FALSE,TRUE,"Helemaal mee eens",TRUE,"Helemaal mee eens",TRUE,TRUE,TRUE,TRUE,TRUE,TRUE
3988,23,"18 tot 25 jaar",FALSE,TRUE,"Mee eens",TRUE,"Niet mee eens, niet mee oneens",FALSE,FALSE,TRUE,FALSE,TRUE,FALSE
3989,64,"55 tot 65 jaar",TRUE,TRUE,"Mee eens",TRUE,"Mee eens",TRUE,TRUE,TRUE,TRUE,TRUE,TRUE
3990,36,"35 tot 45 jaar",FALSE,TRUE,"Helemaal mee eens",TRUE,"Helemaal mee eens",TRUE,TRUE,TRUE,TRUE,TRUE,FALSE
3991,56,"55 tot 65 jaar",TRUE,TRUE,"Mee eens",TRUE,"Mee eens",TRUE,TRUE,TRUE,FALSE,TRUE,TRUE
3992,65,"65 tot 75 jaar",TRUE,FALSE,"Helemaal mee eens",TRUE,"Helemaal mee eens",TRUE,TRUE,TRUE,TRUE,TRUE,TRUE
3993,20,"18 tot 25 jaar",FALSE,TRUE,"Mee oneens",FALSE,"Niet mee eens, niet mee oneens",FALSE,FALSE,FALSE,FALSE,FALSE,FALSE
3994,28,"25 tot 35 jaar",FALSE,TRUE,"Mee eens",TRUE,"Mee eens",TRUE,TRUE,TRUE,TRUE,TRUE,FALSE
3995,50,"45 tot 55 jaar",TRUE,TRUE,"Helemaal mee eens",TRUE,"Mee eens",TRUE,TRUE,TRUE,TRUE,TRUE,TRUE
3996,32,"25 tot 35 jaar",FALSE,FALSE,"Mee eens",TRUE,"Niet mee eens, niet mee oneens",FALSE,FALSE,TRUE,TRUE,FALSE,TRUE
3997,63,"55 tot 65 jaar",TRUE,TRUE,"Helemaal mee eens",TRUE,"Mee eens",TRUE,TRUE,TRUE,TRUE,TRUE,TRUE
3998,22,"18 tot 25 jaar",FALSE,TRUE,"Helemaal mee eens",TRUE,"Mee eens",TRUE,TRUE,TRUE,TRUE,TRUE,TRUE
3999,21,"18 tot 25 jaar",FALSE,TRUE,"Helemaal mee eens",TRUE,"Mee eens",TRUE,TRUE,FALSE,TRUE,TRUE,TRUE
4000,69,"65 tot 75 jaar",TRUE,TRUE,"Mee eens",TRUE,"Mee eens",TRUE,TRUE,TRUE,TRUE,TRUE,TRUE
4001,39,"35 tot 45 jaar",FALSE,TRUE,"Mee eens",TRUE,"Mee eens",TRUE,TRUE,TRUE,TRUE,TRUE,TRUE
4002,81,"75 jaar of ouder",TRUE,TRUE,"Helemaal mee eens",TRUE,"Mee eens",TRUE,TRUE,FALSE,TRUE,TRUE,TRUE
4003,60,"55 tot 65 jaar",FALSE,TRUE,"Helemaal mee eens",TRUE,"Mee eens",TRUE,TRUE,FALSE,TRUE,TRUE,TRUE
4004,37,"35 tot 45 jaar",TRUE,TRUE,"Helemaal mee eens",TRUE,"Mee eens",TRUE,TRUE,TRUE,TRUE,TRUE,TRUE
4005,73,"65 tot 75 jaar",TRUE,TRUE,"Mee eens",TRUE,"Mee eens",TRUE,TRUE,FALSE,TRUE,TRUE,FALSE
4006,57,"55 tot 65 jaar",FALSE,TRUE,"Helemaal mee eens",TRUE,"Helemaal mee eens",TRUE,TRUE,TRUE,TRUE,TRUE,TRUE
4007,69,"65 tot 75 jaar",FALSE,TRUE,"Helemaal mee eens",TRUE,"Mee eens",TRUE,TRUE,TRUE,TRUE,TRUE,TRUE
4008,65,"65 tot 75 jaar",TRUE,TRUE,"Mee eens",TRUE,"Mee eens",TRUE,TRUE,FALSE,TRUE,TRUE,FALSE
4009,49,"45 tot 55 jaar",TRUE,TRUE,"Helemaal mee eens",TRUE,"Helemaal mee eens",TRUE,TRUE,TRUE,TRUE,TRUE,TRUE
4010,74,"65 tot 75 jaar",FALSE,TRUE,"Mee eens",TRUE,"Mee eens",TRUE,TRUE,TRUE,TRUE,TRUE,TRUE
4011,43,"35 tot 45 jaar",TRUE,TRUE,"Helemaal mee eens",TRUE,"Helemaal mee eens",TRUE,TRUE,TRUE,FALSE,TRUE,TRUE
4012,23,"18 tot 25 jaar",TRUE,TRUE,"Mee eens",TRUE,"Niet mee eens, niet mee oneens",FALSE,TRUE,TRUE,TRUE,TRUE,TRUE
4013,26,"25 tot 35 jaar",FALSE,TRUE,"Helemaal mee eens",TRUE,"Helemaal mee eens",TRUE,TRUE,TRUE,TRUE,TRUE,FALSE
4014,66,"65 tot 75 jaar",TRUE,TRUE,"Niet mee eens, niet mee oneens",FALSE,"Niet mee eens, niet mee oneens",FALSE,TRUE,FALSE,FALSE,TRUE,FALSE
4015,58,"55 tot 65 jaar",FALSE,TRUE,"Mee eens",TRUE,"Niet mee eens, niet mee oneens",FALSE,TRUE,TRUE,TRUE,FALSE,TRUE
4016,66,"65 tot 75 jaar",FALSE,TRUE,"Mee eens",TRUE,"Niet mee eens, niet mee oneens",FALSE,TRUE,TRUE,TRUE,FALSE,TRUE
4017,41,"35 tot 45 jaar",FALSE,TRUE,"Mee eens",TRUE,"Niet mee eens, niet mee oneens",FALSE,FALSE,TRUE,TRUE,TRUE,TRUE
4018,73,"65 tot 75 jaar",FALSE,TRUE,"Niet mee eens, niet mee oneens",FALSE,"Niet mee eens, niet mee oneens",FALSE,TRUE,TRUE,FALSE,TRUE,FALSE
4019,42,"35 tot 45 jaar",TRUE,TRUE,"Helemaal mee eens",TRUE,"Mee eens",TRUE,TRUE,FALSE,TRUE,TRUE,TRUE
4020,20,"18 tot 25 jaar",FALSE,TRUE,"Niet mee eens, niet mee oneens",FALSE,"Mee oneens",FALSE,TRUE,FALSE,TRUE,FALSE,FALSE
4021,59,"55 tot 65 jaar",FALSE,TRUE,"Mee eens",TRUE,"Helemaal mee eens",TRUE,TRUE,TRUE,TRUE,TRUE,TRUE
4022,41,"35 tot 45 jaar",TRUE,TRUE,"Helemaal mee eens",TRUE,"Mee eens",TRUE,TRUE,TRUE,TRUE,TRUE,FALSE
4023,32,"25 tot 35 jaar",TRUE,TRUE,"Mee eens",TRUE,"Mee eens",TRUE,TRUE,TRUE,FALSE,TRUE,TRUE
4024,71,"65 tot 75 jaar",TRUE,TRUE,"Helemaal mee eens",TRUE,"Mee eens",TRUE,TRUE,FALSE,TRUE,TRUE,FALSE
4025,73,"65 tot 75 jaar",FALSE,TRUE,"Helemaal mee eens",TRUE,"Mee eens",TRUE,TRUE,FALSE,TRUE,TRUE,FALSE
4026,87,"75 jaar of ouder",TRUE,TRUE,"Mee eens",TRUE,"Mee oneens",FALSE,TRUE,TRUE,FALSE,FALSE,TRUE
4027,49,"45 tot 55 jaar",TRUE,TRUE,"Mee eens",TRUE,"Mee eens",TRUE,TRUE,TRUE,TRUE,TRUE,TRUE
4028,41,"35 tot 45 jaar",TRUE,TRUE,"Mee eens",TRUE,"Niet mee eens, niet mee oneens",FALSE,TRUE,TRUE,FALSE,FALSE,FALSE
4029,33,"25 tot 35 jaar",TRUE,TRUE,"Mee eens",TRUE,"Mee oneens",FALSE,TRUE,TRUE,TRUE,TRUE,TRUE
4030,70,"65 tot 75 jaar",TRUE,TRUE,"Mee eens",TRUE,"Mee eens",TRUE,TRUE,TRUE,TRUE,TRUE,TRUE
4031,49,"45 tot 55 jaar",TRUE,TRUE,"Mee eens",TRUE,"Mee eens",TRUE,TRUE,TRUE,TRUE,TRUE,TRUE
4032,34,"25 tot 35 jaar",TRUE,TRUE,"Helemaal mee eens",TRUE,"Mee eens",TRUE,FALSE,TRUE,TRUE,TRUE,TRUE
4033,28,"25 tot 35 jaar",FALSE,TRUE,"Mee eens",TRUE,"Niet mee eens, niet mee oneens",FALSE,TRUE,TRUE,TRUE,TRUE,FALSE
4034,61,"55 tot 65 jaar",FALSE,TRUE,"Mee eens",TRUE,"Mee eens",TRUE,TRUE,FALSE,FALSE,FALSE,FALSE
4035,18,"18 tot 25 jaar",FALSE,FALSE,"Helemaal mee eens",TRUE,"Helemaal mee eens",TRUE,TRUE,TRUE,TRUE,TRUE,TRUE
4036,58,"55 tot 65 jaar",TRUE,TRUE,"Helemaal mee eens",TRUE,"Helemaal mee eens",TRUE,TRUE,TRUE,TRUE,TRUE,TRUE
4037,39,"35 tot 45 jaar",FALSE,TRUE,"Helemaal mee eens",TRUE,"Helemaal mee eens",TRUE,TRUE,TRUE,TRUE,TRUE,TRUE
4038,31,"25 tot 35 jaar",TRUE,TRUE,"Mee eens",TRUE,"Mee eens",TRUE,TRUE,TRUE,TRUE,TRUE,FALSE
4039,81,"75 jaar of ouder",FALSE,TRUE,"Niet mee eens, niet mee oneens",FALSE,"Niet mee eens, niet mee oneens",FALSE,TRUE,FALSE,TRUE,TRUE,TRUE
4040,27,"25 tot 35 jaar",FALSE,TRUE,"Mee eens",TRUE,"Mee eens",TRUE,TRUE,TRUE,FALSE,FALSE,FALSE
4041,47,"45 tot 55 jaar",FALSE,TRUE,"Mee eens",TRUE,"Niet mee eens, niet mee oneens",FALSE,TRUE,TRUE,FALSE,TRUE,FALSE
4042,87,"75 jaar of ouder",TRUE,TRUE,"Mee eens",TRUE,"Niet mee eens, niet mee oneens",FALSE,TRUE,TRUE,FALSE,FALSE,FALSE
4043,73,"65 tot 75 jaar",FALSE,TRUE,"Helemaal mee eens",TRUE,"Mee eens",TRUE,TRUE,TRUE,TRUE,TRUE,TRUE
4044,66,"65 tot 75 jaar",TRUE,FALSE,"Niet mee eens, niet mee oneens",FALSE,"Niet mee eens, niet mee oneens",FALSE,TRUE,TRUE,TRUE,FALSE,FALSE
4045,80,"75 jaar of ouder",TRUE,TRUE,"Helemaal mee eens",TRUE,"Helemaal mee eens",TRUE,TRUE,TRUE,TRUE,TRUE,TRUE
4046,47,"45 tot 55 jaar",FALSE,TRUE,"Helemaal mee eens",TRUE,"Helemaal mee eens",TRUE,TRUE,TRUE,TRUE,TRUE,FALSE
4047,38,"35 tot 45 jaar",FALSE,TRUE,"Helemaal mee eens",TRUE,"Niet mee eens, niet mee oneens",FALSE,TRUE,TRUE,TRUE,TRUE,TRUE
4048,66,"65 tot 75 jaar",TRUE,TRUE,"Helemaal mee eens",TRUE,"Helemaal mee eens",TRUE,TRUE,TRUE,TRUE,TRUE,TRUE
4049,67,"65 tot 75 jaar",FALSE,TRUE,"Mee eens",TRUE,"Mee eens",TRUE,TRUE,TRUE,TRUE,TRUE,TRUE
4050,56,"55 tot 65 jaar",TRUE,TRUE,"Helemaal mee eens",TRUE,"Helemaal mee eens",TRUE,TRUE,TRUE,TRUE,TRUE,TRUE
4051,63,"55 tot 65 jaar",TRUE,TRUE,"Niet mee eens, niet mee oneens",FALSE,"Niet mee eens, niet mee oneens",FALSE,TRUE,FALSE,FALSE,FALSE,FALSE
4052,29,"25 tot 35 jaar",TRUE,TRUE,"Helemaal mee eens",TRUE,"Mee eens",TRUE,TRUE,TRUE,TRUE,TRUE,TRUE
4053,28,"25 tot 35 jaar",FALSE,TRUE,"Mee eens",TRUE,"Niet mee eens, niet mee oneens",FALSE,TRUE,TRUE,TRUE,FALSE,FALSE
4054,85,"75 jaar of ouder",FALSE,TRUE,"Mee eens",TRUE,"Mee eens",TRUE,TRUE,TRUE,TRUE,TRUE,TRUE
4055,80,"75 jaar of ouder",TRUE,TRUE,"Mee eens",TRUE,"Mee eens",TRUE,TRUE,TRUE,TRUE,FALSE,TRUE
4056,68,"65 tot 75 jaar",TRUE,TRUE,"Mee eens",TRUE,"Mee eens",TRUE,TRUE,TRUE,TRUE,TRUE,TRUE
4057,61,"55 tot 65 jaar",TRUE,TRUE,"Helemaal mee eens",TRUE,"Mee eens",TRUE,TRUE,TRUE,TRUE,TRUE,TRUE
4058,45,"45 tot 55 jaar",TRUE,TRUE,"Mee eens",TRUE,"Helemaal mee eens",TRUE,TRUE,TRUE,TRUE,TRUE,TRUE
4059,21,"18 tot 25 jaar",FALSE,TRUE,"Helemaal mee eens",TRUE,"Helemaal mee eens",TRUE,TRUE,TRUE,TRUE,TRUE,TRUE
4060,61,"55 tot 65 jaar",TRUE,TRUE,"Helemaal mee eens",TRUE,"Mee eens",TRUE,FALSE,TRUE,TRUE,TRUE,FALSE
4061,46,"45 tot 55 jaar",TRUE,TRUE,"Helemaal mee eens",TRUE,"Mee eens",TRUE,TRUE,TRUE,FALSE,TRUE,TRUE
4062,46,"45 tot 55 jaar",TRUE,TRUE,"Helemaal mee eens",TRUE,"Mee eens",TRUE,TRUE,TRUE,TRUE,TRUE,TRUE
4063,57,"55 tot 65 jaar",TRUE,TRUE,"Mee eens",TRUE,"Mee oneens",FALSE,TRUE,TRUE,TRUE,FALSE,FALSE
4064,37,"35 tot 45 jaar",FALSE,TRUE,"Helemaal mee eens",TRUE,"Niet mee eens, niet mee oneens",FALSE,TRUE,TRUE,TRUE,TRUE,TRUE
4065,53,"45 tot 55 jaar",TRUE,TRUE,"Mee eens",TRUE,"Mee eens",TRUE,TRUE,TRUE,TRUE,TRUE,TRUE
4066,49,"45 tot 55 jaar",TRUE,TRUE,"Helemaal mee eens",TRUE,"Helemaal mee eens",TRUE,TRUE,TRUE,TRUE,TRUE,TRUE
4067,33,"25 tot 35 jaar",TRUE,TRUE,"Helemaal mee eens",TRUE,"Helemaal mee eens",TRUE,TRUE,TRUE,TRUE,TRUE,TRUE
4068,22,"18 tot 25 jaar",FALSE,TRUE,"Helemaal mee eens",TRUE,"Helemaal mee eens",TRUE,TRUE,TRUE,TRUE,TRUE,TRUE
4069,81,"75 jaar of ouder",FALSE,TRUE,"Mee eens",TRUE,"Mee eens",TRUE,TRUE,FALSE,TRUE,TRUE,FALSE
4070,45,"45 tot 55 jaar",FALSE,TRUE,"Helemaal mee eens",TRUE,"Helemaal mee eens",TRUE,TRUE,TRUE,TRUE,TRUE,FALSE
4071,63,"55 tot 65 jaar",FALSE,TRUE,"Mee eens",TRUE,"Mee oneens",FALSE,TRUE,TRUE,TRUE,FALSE,TRUE
4072,27,"25 tot 35 jaar",FALSE,TRUE,"Mee eens",TRUE,"Niet mee eens, niet mee oneens",FALSE,TRUE,TRUE,TRUE,TRUE,TRUE
4073,25,"25 tot 35 jaar",FALSE,TRUE,"Helemaal mee eens",TRUE,"Mee eens",TRUE,TRUE,TRUE,TRUE,TRUE,TRUE
4074,53,"45 tot 55 jaar",FALSE,TRUE,"Mee eens",TRUE,"Mee eens",TRUE,TRUE,TRUE,TRUE,TRUE,TRUE
4075,76,"75 jaar of ouder",FALSE,TRUE,"Helemaal mee eens",TRUE,"Niet mee eens, niet mee oneens",FALSE,TRUE,TRUE,TRUE,TRUE,FALSE
4076,48,"45 tot 55 jaar",TRUE,TRUE,"Mee eens",TRUE,"Mee eens",TRUE,TRUE,TRUE,TRUE,TRUE,TRUE
4077,52,"45 tot 55 jaar",FALSE,TRUE,"Mee eens",TRUE,"Niet mee eens, niet mee oneens",FALSE,TRUE,TRUE,TRUE,TRUE,TRUE
4078,67,"65 tot 75 jaar",TRUE,TRUE,"Mee eens",TRUE,"Mee eens",TRUE,TRUE,FALSE,FALSE,TRUE,TRUE
4079,64,"55 tot 65 jaar",FALSE,TRUE,"Niet mee eens, niet mee oneens",FALSE,"Niet mee eens, niet mee oneens",FALSE,TRUE,TRUE,FALSE,FALSE,FALSE
4080,26,"25 tot 35 jaar",FALSE,FALSE,"Mee eens",TRUE,"Mee eens",TRUE,TRUE,TRUE,TRUE,TRUE,FALSE
4081,32,"25 tot 35 jaar",FALSE,TRUE,"Mee eens",TRUE,"Mee eens",TRUE,TRUE,FALSE,TRUE,TRUE,FALSE
4082,31,"25 tot 35 jaar",TRUE,TRUE,"Mee eens",TRUE,"Mee eens",TRUE,TRUE,TRUE,TRUE,TRUE,TRUE
4083,26,"25 tot 35 jaar",FALSE,TRUE,"Mee eens",TRUE,"Mee oneens",FALSE,TRUE,FALSE,FALSE,TRUE,FALSE
4084,37,"35 tot 45 jaar",TRUE,TRUE,"Helemaal mee eens",TRUE,"Helemaal mee eens",TRUE,TRUE,TRUE,TRUE,TRUE,TRUE
4085,51,"45 tot 55 jaar",FALSE,TRUE,"Helemaal mee eens",TRUE,"Helemaal mee eens",TRUE,TRUE,TRUE,TRUE,TRUE,TRUE
4086,32,"25 tot 35 jaar",TRUE,TRUE,"Mee eens",TRUE,"Mee eens",TRUE,TRUE,FALSE,TRUE,TRUE,TRUE
4087,33,"25 tot 35 jaar",TRUE,TRUE,"Niet mee eens, niet mee oneens",FALSE,"Mee eens",TRUE,TRUE,TRUE,TRUE,FALSE,TRUE
4088,65,"65 tot 75 jaar",FALSE,TRUE,"Mee eens",TRUE,"Mee oneens",FALSE,TRUE,TRUE,FALSE,FALSE,TRUE
4089,37,"35 tot 45 jaar",FALSE,TRUE,"Niet mee eens, niet mee oneens",FALSE,"Niet mee eens, niet mee oneens",FALSE,FALSE,FALSE,FALSE,FALSE,FALSE
4090,41,"35 tot 45 jaar",TRUE,TRUE,"Helemaal mee eens",TRUE,"Helemaal mee eens",TRUE,TRUE,TRUE,TRUE,TRUE,TRUE
4091,53,"45 tot 55 jaar",FALSE,TRUE,"Mee eens",TRUE,"Mee eens",TRUE,TRUE,TRUE,TRUE,TRUE,TRUE
4092,24,"18 tot 25 jaar",FALSE,TRUE,"Mee eens",TRUE,"Mee eens",TRUE,TRUE,TRUE,TRUE,FALSE,TRUE
4093,57,"55 tot 65 jaar",FALSE,TRUE,"Helemaal mee eens",TRUE,"Mee eens",TRUE,TRUE,TRUE,TRUE,TRUE,TRUE
4094,76,"75 jaar of ouder",TRUE,TRUE,"Mee eens",TRUE,"Helemaal mee eens",TRUE,TRUE,TRUE,TRUE,TRUE,TRUE
4095,39,"35 tot 45 jaar",TRUE,TRUE,"Mee eens",TRUE,"Mee eens",TRUE,TRUE,TRUE,TRUE,FALSE,FALSE
4096,56,"55 tot 65 jaar",FALSE,TRUE,"Helemaal mee eens",TRUE,"Mee eens",TRUE,TRUE,TRUE,TRUE,TRUE,TRUE
4097,56,"55 tot 65 jaar",FALSE,TRUE,"Niet mee eens, niet mee oneens",FALSE,"Mee oneens",FALSE,TRUE,TRUE,TRUE,TRUE,FALSE
4098,70,"65 tot 75 jaar",FALSE,TRUE,"Helemaal mee eens",TRUE,"Helemaal mee eens",TRUE,TRUE,TRUE,TRUE,TRUE,TRUE
4099,30,"25 tot 35 jaar",TRUE,TRUE,"Mee oneens",FALSE,"Helemaal mee oneens",FALSE,FALSE,FALSE,FALSE,FALSE,FALSE
4100,50,"45 tot 55 jaar",TRUE,TRUE,"Helemaal mee eens",TRUE,"Mee eens",TRUE,TRUE,TRUE,TRUE,TRUE,TRUE
4101,31,"25 tot 35 jaar",FALSE,TRUE,"Helemaal mee eens",TRUE,"Helemaal mee eens",TRUE,TRUE,TRUE,TRUE,TRUE,TRUE
4102,66,"65 tot 75 jaar",FALSE,TRUE,"Helemaal mee eens",TRUE,"Helemaal mee eens",TRUE,TRUE,TRUE,TRUE,TRUE,TRUE
4103,21,"18 tot 25 jaar",FALSE,TRUE,"Helemaal mee eens",TRUE,"Niet mee eens, niet mee oneens",FALSE,TRUE,TRUE,TRUE,TRUE,FALSE
4104,74,"65 tot 75 jaar",FALSE,TRUE,"Helemaal mee eens",TRUE,"Niet mee eens, niet mee oneens",FALSE,TRUE,TRUE,TRUE,FALSE,TRUE
4105,19,"18 tot 25 jaar",TRUE,TRUE,"Helemaal mee eens",TRUE,"Mee eens",TRUE,TRUE,TRUE,TRUE,TRUE,TRUE
4106,57,"55 tot 65 jaar",FALSE,TRUE,"Helemaal mee eens",TRUE,"Mee eens",TRUE,TRUE,TRUE,TRUE,TRUE,TRUE
4107,72,"65 tot 75 jaar",TRUE,TRUE,"Helemaal mee eens",TRUE,"Mee eens",TRUE,TRUE,FALSE,TRUE,TRUE,TRUE
4108,23,"18 tot 25 jaar",FALSE,TRUE,"Helemaal mee eens",TRUE,"Niet mee eens, niet mee oneens",FALSE,TRUE,TRUE,TRUE,TRUE,TRUE
4109,20,"18 tot 25 jaar",FALSE,TRUE,"Helemaal mee eens",TRUE,"Helemaal mee eens",TRUE,TRUE,TRUE,TRUE,TRUE,TRUE
4110,89,"75 jaar of ouder",FALSE,FALSE,"Mee eens",TRUE,"Niet mee eens, niet mee oneens",FALSE,TRUE,TRUE,FALSE,FALSE,TRUE
4111,29,"25 tot 35 jaar",FALSE,TRUE,"Mee eens",TRUE,"Niet mee eens, niet mee oneens",FALSE,FALSE,TRUE,TRUE,TRUE,TRUE
4112,45,"45 tot 55 jaar",TRUE,TRUE,"Mee eens",TRUE,"Mee eens",TRUE,TRUE,TRUE,TRUE,FALSE,TRUE
4113,78,"75 jaar of ouder",TRUE,TRUE,"Helemaal mee eens",TRUE,"Helemaal mee eens",TRUE,TRUE,TRUE,TRUE,TRUE,TRUE
4114,66,"65 tot 75 jaar",FALSE,TRUE,"Helemaal mee eens",TRUE,"Niet mee eens, niet mee oneens",FALSE,TRUE,TRUE,TRUE,TRUE,TRUE
4115,43,"35 tot 45 jaar",TRUE,FALSE,"Niet mee eens, niet mee oneens",FALSE,"Niet mee eens, niet mee oneens",FALSE,TRUE,TRUE,TRUE,FALSE,FALSE
4116,40,"35 tot 45 jaar",TRUE,TRUE,"Mee eens",TRUE,"Mee eens",TRUE,FALSE,TRUE,FALSE,TRUE,FALSE
4117,39,"35 tot 45 jaar",TRUE,TRUE,"Mee eens",TRUE,"Helemaal mee eens",TRUE,TRUE,TRUE,TRUE,TRUE,TRUE
4118,47,"45 tot 55 jaar",TRUE,TRUE,"Mee eens",TRUE,"Mee oneens",FALSE,TRUE,TRUE,TRUE,FALSE,TRUE
4119,68,"65 tot 75 jaar",TRUE,TRUE,"Helemaal mee eens",TRUE,"Mee eens",TRUE,FALSE,TRUE,TRUE,TRUE,TRUE
4120,28,"25 tot 35 jaar",FALSE,TRUE,"Mee eens",TRUE,"Mee oneens",FALSE,FALSE,FALSE,FALSE,FALSE,FALSE
4121,35,"35 tot 45 jaar",FALSE,TRUE,"Mee eens",TRUE,"Mee eens",TRUE,TRUE,TRUE,TRUE,TRUE,FALSE
4122,84,"75 jaar of ouder",FALSE,TRUE,"Helemaal mee eens",TRUE,"Mee eens",TRUE,TRUE,TRUE,FALSE,TRUE,TRUE
4123,28,"25 tot 35 jaar",FALSE,TRUE,"Helemaal mee eens",TRUE,"Helemaal mee eens",TRUE,TRUE,TRUE,TRUE,TRUE,TRUE
4124,43,"35 tot 45 jaar",TRUE,TRUE,"Mee eens",TRUE,"Helemaal mee eens",TRUE,TRUE,TRUE,TRUE,TRUE,TRUE
4125,34,"25 tot 35 jaar",FALSE,TRUE,"Mee eens",TRUE,"Niet mee eens, niet mee oneens",FALSE,TRUE,TRUE,FALSE,TRUE,TRUE
4126,40,"35 tot 45 jaar",FALSE,TRUE,"Mee eens",TRUE,"Niet mee eens, niet mee oneens",FALSE,TRUE,TRUE,TRUE,TRUE,FALSE
4127,88,"75 jaar of ouder",TRUE,TRUE,"Mee eens",TRUE,"Mee eens",TRUE,TRUE,FALSE,TRUE,FALSE,FALSE
4128,79,"75 jaar of ouder",TRUE,TRUE,"Helemaal mee eens",TRUE,"Mee eens",TRUE,TRUE,TRUE,TRUE,TRUE,TRUE
4129,41,"35 tot 45 jaar",FALSE,TRUE,"Mee eens",TRUE,"Mee eens",TRUE,TRUE,TRUE,FALSE,TRUE,FALSE
4130,64,"55 tot 65 jaar",FALSE,TRUE,"Mee eens",TRUE,"Mee oneens",FALSE,TRUE,FALSE,TRUE,FALSE,FALSE
4131,86,"75 jaar of ouder",TRUE,TRUE,"Mee eens",TRUE,"Mee eens",TRUE,FALSE,TRUE,TRUE,TRUE,FALSE
4132,68,"65 tot 75 jaar",TRUE,TRUE,"Helemaal mee eens",TRUE,"Mee eens",TRUE,TRUE,FALSE,TRUE,TRUE,FALSE
4133,34,"25 tot 35 jaar",FALSE,TRUE,"Mee eens",TRUE,"Mee oneens",FALSE,TRUE,TRUE,TRUE,TRUE,TRUE
4134,34,"25 tot 35 jaar",TRUE,TRUE,"Niet mee eens, niet mee oneens",FALSE,"Mee eens",TRUE,TRUE,TRUE,FALSE,TRUE,FALSE
4135,46,"45 tot 55 jaar",TRUE,TRUE,"Mee eens",TRUE,"Helemaal mee eens",TRUE,TRUE,TRUE,TRUE,TRUE,FALSE
4136,34,"25 tot 35 jaar",FALSE,TRUE,"Helemaal mee eens",TRUE,"Mee eens",TRUE,TRUE,TRUE,TRUE,TRUE,TRUE
4137,23,"18 tot 25 jaar",FALSE,TRUE,"Mee eens",TRUE,"Mee eens",TRUE,TRUE,TRUE,TRUE,TRUE,TRUE
4138,43,"35 tot 45 jaar",FALSE,TRUE,"Mee eens",TRUE,"Niet mee eens, niet mee oneens",FALSE,TRUE,TRUE,TRUE,FALSE,FALSE
4139,54,"45 tot 55 jaar",FALSE,TRUE,"Helemaal mee eens",TRUE,"Helemaal mee eens",TRUE,TRUE,TRUE,TRUE,TRUE,TRUE
4140,64,"55 tot 65 jaar",FALSE,TRUE,"Mee oneens",FALSE,"Niet mee eens, niet mee oneens",FALSE,TRUE,FALSE,TRUE,FALSE,TRUE
4141,54,"45 tot 55 jaar",TRUE,TRUE,"Helemaal mee eens",TRUE,"Niet mee eens, niet mee oneens",FALSE,TRUE,TRUE,TRUE,TRUE,TRUE
4142,18,"18 tot 25 jaar",FALSE,TRUE,"Mee eens",TRUE,"Helemaal mee eens",TRUE,TRUE,TRUE,TRUE,TRUE,TRUE
4143,73,"65 tot 75 jaar",TRUE,TRUE,"Helemaal mee eens",TRUE,"Helemaal mee eens",TRUE,TRUE,TRUE,TRUE,TRUE,TRUE
4144,68,"65 tot 75 jaar",FALSE,TRUE,"Mee eens",TRUE,"Mee eens",TRUE,FALSE,TRUE,TRUE,FALSE,TRUE
4145,41,"35 tot 45 jaar",FALSE,TRUE,"Niet mee eens, niet mee oneens",FALSE,"Niet mee eens, niet mee oneens",FALSE,TRUE,FALSE,TRUE,FALSE,FALSE
4146,56,"55 tot 65 jaar",TRUE,TRUE,"Helemaal mee eens",TRUE,"Mee eens",TRUE,TRUE,TRUE,TRUE,TRUE,TRUE
4147,18,"18 tot 25 jaar",TRUE,TRUE,"Mee eens",TRUE,"Helemaal mee eens",TRUE,TRUE,TRUE,FALSE,TRUE,TRUE
4148,31,"25 tot 35 jaar",TRUE,TRUE,"Mee eens",TRUE,"Mee eens",TRUE,TRUE,TRUE,TRUE,TRUE,TRUE
4149,67,"65 tot 75 jaar",FALSE,TRUE,"Helemaal mee eens",TRUE,"Mee eens",TRUE,TRUE,FALSE,TRUE,TRUE,FALSE
4150,62,"55 tot 65 jaar",FALSE,TRUE,"Helemaal mee eens",TRUE,"Helemaal mee eens",TRUE,TRUE,TRUE,TRUE,TRUE,TRUE
4151,68,"65 tot 75 jaar",TRUE,FALSE,"Helemaal mee eens",TRUE,"Helemaal mee eens",TRUE,TRUE,TRUE,TRUE,TRUE,FALSE
4152,58,"55 tot 65 jaar",TRUE,TRUE,"Mee eens",TRUE,"Mee eens",TRUE,TRUE,FALSE,TRUE,TRUE,TRUE
4153,75,"75 jaar of ouder",TRUE,TRUE,"Mee eens",TRUE,"Helemaal mee eens",TRUE,TRUE,TRUE,TRUE,TRUE,FALSE
4154,76,"75 jaar of ouder",TRUE,TRUE,"Helemaal mee eens",TRUE,"Mee eens",TRUE,TRUE,TRUE,TRUE,TRUE,TRUE
4155,57,"55 tot 65 jaar",FALSE,TRUE,"Mee eens",TRUE,"Niet mee eens, niet mee oneens",FALSE,FALSE,TRUE,TRUE,FALSE,FALSE
4156,49,"45 tot 55 jaar",FALSE,TRUE,"Mee eens",TRUE,"Mee eens",TRUE,TRUE,TRUE,TRUE,TRUE,TRUE
4157,53,"45 tot 55 jaar",TRUE,TRUE,"Helemaal mee eens",TRUE,"Mee eens",TRUE,TRUE,TRUE,FALSE,TRUE,TRUE
4158,22,"18 tot 25 jaar",FALSE,TRUE,"Mee eens",TRUE,"Niet mee eens, niet mee oneens",FALSE,TRUE,TRUE,TRUE,TRUE,FALSE
4159,46,"45 tot 55 jaar",FALSE,TRUE,"Helemaal mee eens",TRUE,"Mee eens",TRUE,TRUE,TRUE,TRUE,TRUE,TRUE
4160,18,"18 tot 25 jaar",FALSE,TRUE,"Helemaal mee eens",TRUE,"Helemaal mee eens",TRUE,TRUE,TRUE,TRUE,TRUE,FALSE
4161,24,"18 tot 25 jaar",TRUE,TRUE,"Niet mee eens, niet mee oneens",FALSE,"Mee oneens",FALSE,TRUE,TRUE,FALSE,FALSE,FALSE
4162,28,"25 tot 35 jaar",FALSE,TRUE,"Mee eens",TRUE,"Niet mee eens, niet mee oneens",FALSE,TRUE,TRUE,TRUE,FALSE,FALSE
4163,24,"18 tot 25 jaar",TRUE,TRUE,"Helemaal mee eens",TRUE,"Mee eens",TRUE,TRUE,TRUE,TRUE,TRUE,TRUE
4164,30,"25 tot 35 jaar",FALSE,TRUE,"Helemaal mee eens",TRUE,"Niet mee eens, niet mee oneens",FALSE,TRUE,TRUE,TRUE,TRUE,TRUE
4165,65,"65 tot 75 jaar",FALSE,TRUE,"Mee eens",TRUE,"Niet mee eens, niet mee oneens",FALSE,TRUE,TRUE,FALSE,TRUE,TRUE
4166,70,"65 tot 75 jaar",FALSE,TRUE,"Helemaal mee eens",TRUE,"Helemaal mee eens",TRUE,TRUE,TRUE,TRUE,TRUE,TRUE
4167,50,"45 tot 55 jaar",TRUE,TRUE,"Mee eens",TRUE,"Helemaal mee eens",TRUE,TRUE,TRUE,TRUE,TRUE,TRUE
4168,50,"45 tot 55 jaar",FALSE,TRUE,"Mee eens",TRUE,"Mee eens",TRUE,TRUE,TRUE,TRUE,TRUE,FALSE
4169,73,"65 tot 75 jaar",TRUE,TRUE,"Helemaal mee oneens",FALSE,"Mee oneens",FALSE,TRUE,TRUE,FALSE,FALSE,FALSE
4170,31,"25 tot 35 jaar",TRUE,TRUE,"Helemaal mee eens",TRUE,"Helemaal mee eens",TRUE,TRUE,TRUE,TRUE,TRUE,TRUE
4171,78,"75 jaar of ouder",FALSE,TRUE,"Mee eens",TRUE,"Mee eens",TRUE,TRUE,TRUE,TRUE,TRUE,TRUE
4172,78,"75 jaar of ouder",FALSE,TRUE,"Mee eens",TRUE,"Mee eens",TRUE,TRUE,TRUE,TRUE,TRUE,TRUE
4173,20,"18 tot 25 jaar",FALSE,TRUE,"Helemaal mee eens",TRUE,"Mee eens",TRUE,TRUE,TRUE,TRUE,TRUE,TRUE
4174,52,"45 tot 55 jaar",TRUE,TRUE,"Helemaal mee eens",TRUE,"Mee oneens",FALSE,TRUE,TRUE,FALSE,FALSE,FALSE
4175,28,"25 tot 35 jaar",TRUE,TRUE,"Mee eens",TRUE,"Mee oneens",FALSE,FALSE,FALSE,FALSE,FALSE,FALSE
4176,50,"45 tot 55 jaar",TRUE,TRUE,"Niet mee eens, niet mee oneens",FALSE,"Mee eens",TRUE,TRUE,TRUE,TRUE,FALSE,FALSE
4177,23,"18 tot 25 jaar",FALSE,TRUE,"Helemaal mee eens",TRUE,"Helemaal mee eens",TRUE,TRUE,TRUE,TRUE,TRUE,TRUE
4178,62,"55 tot 65 jaar",TRUE,TRUE,"Helemaal mee eens",TRUE,"Mee eens",TRUE,TRUE,TRUE,TRUE,TRUE,TRUE
4179,57,"55 tot 65 jaar",FALSE,TRUE,"Helemaal mee eens",TRUE,"Helemaal mee eens",TRUE,TRUE,TRUE,TRUE,TRUE,FALSE
4180,22,"18 tot 25 jaar",TRUE,TRUE,"Mee eens",TRUE,"Niet mee eens, niet mee oneens",FALSE,FALSE,TRUE,TRUE,TRUE,TRUE
4181,61,"55 tot 65 jaar",FALSE,TRUE,"Helemaal mee eens",TRUE,"Helemaal mee eens",TRUE,TRUE,TRUE,TRUE,TRUE,TRUE
4182,19,"18 tot 25 jaar",TRUE,TRUE,"Mee eens",TRUE,"Mee eens",TRUE,TRUE,TRUE,TRUE,TRUE,TRUE
4183,27,"25 tot 35 jaar",FALSE,TRUE,"Niet mee eens, niet mee oneens",FALSE,"Mee oneens",FALSE,TRUE,FALSE,FALSE,FALSE,FALSE
4184,61,"55 tot 65 jaar",FALSE,TRUE,"Mee eens",TRUE,"Niet mee eens, niet mee oneens",FALSE,TRUE,TRUE,TRUE,TRUE,TRUE
4185,71,"65 tot 75 jaar",FALSE,TRUE,"Niet mee eens, niet mee oneens",FALSE,"Niet mee eens, niet mee oneens",FALSE,TRUE,FALSE,FALSE,FALSE,FALSE
4186,43,"35 tot 45 jaar",TRUE,TRUE,"Helemaal mee eens",TRUE,"Mee eens",TRUE,TRUE,TRUE,TRUE,TRUE,TRUE
4187,69,"65 tot 75 jaar",FALSE,TRUE,"Helemaal mee eens",TRUE,"Mee eens",TRUE,TRUE,TRUE,TRUE,TRUE,TRUE
4188,79,"75 jaar of ouder",TRUE,TRUE,"Mee eens",TRUE,"Niet mee eens, niet mee oneens",FALSE,TRUE,TRUE,TRUE,TRUE,FALSE
4189,22,"18 tot 25 jaar",TRUE,TRUE,"Mee eens",TRUE,"Mee eens",TRUE,TRUE,FALSE,TRUE,TRUE,FALSE
4190,63,"55 tot 65 jaar",TRUE,TRUE,"Mee eens",TRUE,"Mee eens",TRUE,TRUE,TRUE,FALSE,TRUE,TRUE
4191,63,"55 tot 65 jaar",TRUE,TRUE,"Mee eens",TRUE,"Mee eens",TRUE,FALSE,FALSE,TRUE,TRUE,TRUE
4192,46,"45 tot 55 jaar",FALSE,TRUE,"Mee eens",TRUE,"Mee eens",TRUE,TRUE,FALSE,FALSE,TRUE,TRUE
4193,20,"18 tot 25 jaar",FALSE,TRUE,"Helemaal mee eens",TRUE,"Helemaal mee eens",TRUE,TRUE,TRUE,TRUE,TRUE,TRUE
4194,36,"35 tot 45 jaar",TRUE,TRUE,"Mee eens",TRUE,"Mee eens",TRUE,TRUE,TRUE,FALSE,TRUE,TRUE
4195,62,"55 tot 65 jaar",FALSE,TRUE,"Helemaal mee eens",TRUE,"Niet mee eens, niet mee oneens",FALSE,TRUE,TRUE,TRUE,TRUE,TRUE
4196,57,"55 tot 65 jaar",TRUE,TRUE,"Mee eens",TRUE,"Helemaal mee eens",TRUE,TRUE,FALSE,TRUE,TRUE,TRUE
4197,28,"25 tot 35 jaar",FALSE,TRUE,"Mee eens",TRUE,"Helemaal mee eens",TRUE,TRUE,TRUE,TRUE,TRUE,TRUE
4198,18,"18 tot 25 jaar",FALSE,TRUE,"Helemaal mee eens",TRUE,"Helemaal mee eens",TRUE,TRUE,TRUE,TRUE,TRUE,TRUE
4199,44,"35 tot 45 jaar",FALSE,TRUE,"Mee eens",TRUE,"Niet mee eens, niet mee oneens",FALSE,FALSE,TRUE,TRUE,FALSE,FALSE
4200,59,"55 tot 65 jaar",FALSE,TRUE,"Mee eens",TRUE,"Niet mee eens, niet mee oneens",FALSE,TRUE,TRUE,TRUE,TRUE,FALSE
4201,72,"65 tot 75 jaar",FALSE,TRUE,"Helemaal mee eens",TRUE,"Mee eens",TRUE,TRUE,TRUE,TRUE,TRUE,FALSE
4202,49,"45 tot 55 jaar",TRUE,TRUE,"Mee eens",TRUE,"Mee eens",TRUE,TRUE,FALSE,TRUE,TRUE,TRUE
4203,36,"35 tot 45 jaar",TRUE,TRUE,"Mee eens",TRUE,"Mee eens",TRUE,TRUE,TRUE,TRUE,TRUE,TRUE
4204,54,"45 tot 55 jaar",TRUE,TRUE,"Mee eens",TRUE,"Mee eens",TRUE,TRUE,TRUE,TRUE,TRUE,TRUE
4205,69,"65 tot 75 jaar",TRUE,TRUE,"Mee eens",TRUE,"Niet mee eens, niet mee oneens",FALSE,TRUE,TRUE,FALSE,FALSE,FALSE
4206,60,"55 tot 65 jaar",FALSE,TRUE,"Mee eens",TRUE,"Niet mee eens, niet mee oneens",FALSE,TRUE,TRUE,TRUE,TRUE,TRUE
4207,56,"55 tot 65 jaar",FALSE,TRUE,"Niet mee eens, niet mee oneens",FALSE,"Mee oneens",FALSE,FALSE,TRUE,FALSE,TRUE,TRUE
4208,32,"25 tot 35 jaar",TRUE,TRUE,"Helemaal mee eens",TRUE,"Mee eens",TRUE,TRUE,TRUE,TRUE,TRUE,TRUE
4209,58,"55 tot 65 jaar",FALSE,TRUE,"Helemaal mee eens",TRUE,"Mee eens",TRUE,TRUE,TRUE,TRUE,TRUE,TRUE
4210,24,"18 tot 25 jaar",TRUE,TRUE,"Mee eens",TRUE,"Niet mee eens, niet mee oneens",FALSE,TRUE,TRUE,FALSE,FALSE,FALSE
4211,52,"45 tot 55 jaar",FALSE,TRUE,"Mee eens",TRUE,"Helemaal mee eens",TRUE,TRUE,TRUE,TRUE,TRUE,TRUE
4212,20,"18 tot 25 jaar",FALSE,TRUE,"Niet mee eens, niet mee oneens",FALSE,"Niet mee eens, niet mee oneens",FALSE,TRUE,TRUE,TRUE,TRUE,FALSE
4213,23,"18 tot 25 jaar",FALSE,TRUE,"Helemaal mee eens",TRUE,"Mee eens",TRUE,TRUE,TRUE,TRUE,TRUE,TRUE
4214,76,"75 jaar of ouder",FALSE,TRUE,"Helemaal mee eens",TRUE,"Mee eens",TRUE,TRUE,TRUE,TRUE,TRUE,TRUE
4215,61,"55 tot 65 jaar",FALSE,TRUE,"Mee eens",TRUE,"Niet mee eens, niet mee oneens",FALSE,TRUE,TRUE,TRUE,TRUE,TRUE
4216,53,"45 tot 55 jaar",FALSE,TRUE,"Niet mee eens, niet mee oneens",FALSE,"Mee eens",TRUE,TRUE,TRUE,TRUE,FALSE,TRUE
4217,87,"75 jaar of ouder",TRUE,TRUE,"Niet mee eens, niet mee oneens",FALSE,"Niet mee eens, niet mee oneens",FALSE,TRUE,TRUE,TRUE,FALSE,FALSE
4218,68,"65 tot 75 jaar",TRUE,TRUE,"Mee eens",TRUE,"Mee eens",TRUE,TRUE,TRUE,TRUE,TRUE,TRUE
4219,29,"25 tot 35 jaar",FALSE,TRUE,"Helemaal mee eens",TRUE,"Mee eens",TRUE,TRUE,TRUE,TRUE,TRUE,TRUE
4220,62,"55 tot 65 jaar",FALSE,TRUE,"Mee eens",TRUE,"Niet mee eens, niet mee oneens",FALSE,TRUE,TRUE,TRUE,FALSE,TRUE
4221,84,"75 jaar of ouder",TRUE,TRUE,"Helemaal mee eens",TRUE,"Mee eens",TRUE,TRUE,TRUE,FALSE,TRUE,TRUE
4222,60,"55 tot 65 jaar",FALSE,TRUE,"Mee eens",TRUE,"Mee eens",TRUE,TRUE,FALSE,TRUE,TRUE,FALSE
4223,78,"75 jaar of ouder",TRUE,TRUE,"Mee eens",TRUE,"Mee eens",TRUE,FALSE,TRUE,TRUE,TRUE,TRUE
4224,87,"75 jaar of ouder",FALSE,TRUE,"Mee eens",TRUE,"Niet mee eens, niet mee oneens",FALSE,TRUE,TRUE,TRUE,TRUE,TRUE
4225,79,"75 jaar of ouder",FALSE,TRUE,"Mee eens",TRUE,"Helemaal mee eens",TRUE,TRUE,TRUE,TRUE,TRUE,TRUE
4226,48,"45 tot 55 jaar",TRUE,TRUE,"Mee oneens",FALSE,"Mee oneens",FALSE,TRUE,FALSE,FALSE,FALSE,TRUE
4227,51,"45 tot 55 jaar",FALSE,TRUE,"Mee eens",TRUE,"Mee eens",TRUE,TRUE,TRUE,TRUE,TRUE,TRUE
4228,34,"25 tot 35 jaar",TRUE,TRUE,"Mee eens",TRUE,"Mee eens",TRUE,TRUE,TRUE,TRUE,TRUE,TRUE
4229,39,"35 tot 45 jaar",TRUE,TRUE,"Mee eens",TRUE,"Mee eens",TRUE,TRUE,TRUE,TRUE,TRUE,FALSE
4230,34,"25 tot 35 jaar",TRUE,TRUE,"Helemaal mee eens",TRUE,"Mee eens",TRUE,TRUE,TRUE,TRUE,TRUE,TRUE
4231,59,"55 tot 65 jaar",FALSE,TRUE,"Helemaal mee eens",TRUE,"Mee eens",TRUE,TRUE,TRUE,TRUE,TRUE,TRUE
4232,60,"55 tot 65 jaar",TRUE,TRUE,"Mee eens",TRUE,"Mee oneens",FALSE,TRUE,TRUE,FALSE,TRUE,FALSE
4233,63,"55 tot 65 jaar",FALSE,TRUE,"Helemaal mee eens",TRUE,"Helemaal mee eens",TRUE,TRUE,TRUE,TRUE,TRUE,TRUE
4234,36,"35 tot 45 jaar",TRUE,TRUE,"Mee eens",TRUE,"Mee eens",TRUE,TRUE,FALSE,TRUE,TRUE,TRUE
4235,55,"55 tot 65 jaar",FALSE,TRUE,"Helemaal mee eens",TRUE,"Mee eens",TRUE,TRUE,TRUE,TRUE,TRUE,TRUE
4236,62,"55 tot 65 jaar",FALSE,TRUE,"Helemaal mee eens",TRUE,"Helemaal mee eens",TRUE,TRUE,TRUE,TRUE,TRUE,TRUE
4237,73,"65 tot 75 jaar",FALSE,TRUE,"Mee eens",TRUE,"Mee eens",TRUE,TRUE,TRUE,TRUE,TRUE,TRUE
4238,72,"65 tot 75 jaar",TRUE,TRUE,"Mee eens",TRUE,"Niet mee eens, niet mee oneens",FALSE,FALSE,TRUE,FALSE,FALSE,FALSE
4239,67,"65 tot 75 jaar",TRUE,TRUE,"Niet mee eens, niet mee oneens",FALSE,"Helemaal mee oneens",FALSE,FALSE,TRUE,FALSE,FALSE,TRUE
4240,60,"55 tot 65 jaar",TRUE,TRUE,"Helemaal mee eens",TRUE,"Helemaal mee eens",TRUE,TRUE,TRUE,TRUE,TRUE,TRUE
4241,24,"18 tot 25 jaar",FALSE,TRUE,"Mee eens",TRUE,"Niet mee eens, niet mee oneens",FALSE,TRUE,FALSE,TRUE,TRUE,TRUE
4242,62,"55 tot 65 jaar",FALSE,TRUE,"Mee eens",TRUE,"Niet mee eens, niet mee oneens",FALSE,TRUE,TRUE,TRUE,FALSE,FALSE
4243,54,"45 tot 55 jaar",TRUE,TRUE,"Helemaal mee eens",TRUE,"Helemaal mee eens",TRUE,TRUE,TRUE,TRUE,TRUE,TRUE
4244,71,"65 tot 75 jaar",FALSE,TRUE,"Mee eens",TRUE,"Niet mee eens, niet mee oneens",FALSE,TRUE,TRUE,TRUE,TRUE,TRUE
4245,52,"45 tot 55 jaar",FALSE,TRUE,"Mee eens",TRUE,"Niet mee eens, niet mee oneens",FALSE,FALSE,TRUE,TRUE,FALSE,FALSE
4246,82,"75 jaar of ouder",FALSE,TRUE,"Mee eens",TRUE,"Mee eens",TRUE,TRUE,FALSE,TRUE,TRUE,TRUE
4247,32,"25 tot 35 jaar",TRUE,TRUE,"Mee eens",TRUE,"Mee oneens",FALSE,TRUE,TRUE,TRUE,TRUE,TRUE
4248,41,"35 tot 45 jaar",TRUE,TRUE,"Mee eens",TRUE,"Mee eens",TRUE,TRUE,TRUE,FALSE,TRUE,TRUE
4249,32,"25 tot 35 jaar",FALSE,TRUE,"Helemaal mee eens",TRUE,"Niet mee eens, niet mee oneens",FALSE,TRUE,TRUE,TRUE,TRUE,TRUE
4250,68,"65 tot 75 jaar",FALSE,TRUE,"Mee eens",TRUE,"Niet mee eens, niet mee oneens",FALSE,TRUE,TRUE,TRUE,TRUE,FALSE
4251,47,"45 tot 55 jaar",FALSE,TRUE,"Mee eens",TRUE,"Niet mee eens, niet mee oneens",FALSE,FALSE,FALSE,FALSE,TRUE,FALSE
4252,57,"55 tot 65 jaar",TRUE,TRUE,"Helemaal mee eens",TRUE,"Mee eens",TRUE,TRUE,TRUE,TRUE,TRUE,TRUE
4253,18,"18 tot 25 jaar",TRUE,TRUE,"Niet mee eens, niet mee oneens",FALSE,"Mee oneens",FALSE,TRUE,TRUE,TRUE,TRUE,FALSE
4254,48,"45 tot 55 jaar",TRUE,TRUE,"Mee eens",TRUE,"Mee eens",TRUE,TRUE,TRUE,TRUE,TRUE,FALSE
4255,38,"35 tot 45 jaar",TRUE,TRUE,"Helemaal mee eens",TRUE,"Mee eens",TRUE,TRUE,TRUE,TRUE,TRUE,FALSE
4256,18,"18 tot 25 jaar",FALSE,TRUE,"Mee eens",TRUE,"Mee eens",TRUE,TRUE,TRUE,TRUE,TRUE,TRUE
4257,68,"65 tot 75 jaar",FALSE,TRUE,"Helemaal mee eens",TRUE,"Helemaal mee eens",TRUE,TRUE,TRUE,TRUE,TRUE,TRUE
4258,25,"25 tot 35 jaar",FALSE,TRUE,"Helemaal mee eens",TRUE,"Mee eens",TRUE,TRUE,TRUE,TRUE,TRUE,TRUE
4259,32,"25 tot 35 jaar",TRUE,TRUE,"Helemaal mee eens",TRUE,"Helemaal mee eens",TRUE,TRUE,TRUE,TRUE,TRUE,TRUE
4260,33,"25 tot 35 jaar",FALSE,TRUE,"Mee eens",TRUE,"Niet mee eens, niet mee oneens",FALSE,TRUE,FALSE,TRUE,FALSE,TRUE
4261,56,"55 tot 65 jaar",FALSE,TRUE,"Helemaal mee eens",TRUE,"Mee eens",TRUE,TRUE,TRUE,TRUE,TRUE,TRUE
4262,67,"65 tot 75 jaar",TRUE,TRUE,"Mee eens",TRUE,"Mee eens",TRUE,TRUE,TRUE,TRUE,TRUE,TRUE
4263,19,"18 tot 25 jaar",FALSE,TRUE,"Helemaal mee eens",TRUE,"Helemaal mee eens",TRUE,TRUE,TRUE,TRUE,TRUE,TRUE
4264,26,"25 tot 35 jaar",TRUE,TRUE,"Mee eens",TRUE,"Mee eens",TRUE,TRUE,TRUE,TRUE,TRUE,TRUE
4265,22,"18 tot 25 jaar",FALSE,TRUE,"Mee eens",TRUE,"Mee eens",TRUE,FALSE,TRUE,TRUE,TRUE,TRUE
4266,78,"75 jaar of ouder",TRUE,TRUE,"Mee eens",TRUE,"Niet mee eens, niet mee oneens",FALSE,TRUE,TRUE,TRUE,TRUE,FALSE
4267,65,"65 tot 75 jaar",TRUE,TRUE,"Mee eens",TRUE,"Niet mee eens, niet mee oneens",FALSE,TRUE,TRUE,TRUE,TRUE,TRUE
4268,41,"35 tot 45 jaar",FALSE,TRUE,"Mee eens",TRUE,"Mee eens",TRUE,TRUE,TRUE,TRUE,TRUE,FALSE
4269,29,"25 tot 35 jaar",TRUE,TRUE,"Mee eens",TRUE,"Mee eens",TRUE,FALSE,FALSE,FALSE,TRUE,TRUE
4270,34,"25 tot 35 jaar",TRUE,TRUE,"Helemaal mee eens",TRUE,"Helemaal mee eens",TRUE,TRUE,TRUE,TRUE,TRUE,FALSE
4271,73,"65 tot 75 jaar",FALSE,FALSE,"Mee eens",TRUE,"Mee eens",TRUE,TRUE,TRUE,TRUE,TRUE,TRUE
4272,84,"75 jaar of ouder",FALSE,TRUE,"Helemaal mee eens",TRUE,"Mee oneens",FALSE,TRUE,TRUE,FALSE,FALSE,FALSE
4273,19,"18 tot 25 jaar",FALSE,TRUE,"Mee eens",TRUE,"Niet mee eens, niet mee oneens",FALSE,TRUE,TRUE,TRUE,TRUE,TRUE
4274,53,"45 tot 55 jaar",FALSE,TRUE,"Mee eens",TRUE,"Mee oneens",FALSE,TRUE,TRUE,TRUE,TRUE,FALSE
4275,61,"55 tot 65 jaar",TRUE,TRUE,"Mee eens",TRUE,"Mee eens",TRUE,TRUE,TRUE,TRUE,TRUE,FALSE
4276,57,"55 tot 65 jaar",TRUE,TRUE,"Helemaal mee eens",TRUE,"Mee eens",TRUE,TRUE,TRUE,TRUE,TRUE,TRUE
4277,49,"45 tot 55 jaar",TRUE,TRUE,"Helemaal mee eens",TRUE,"Mee eens",TRUE,TRUE,FALSE,TRUE,TRUE,TRUE
4278,48,"45 tot 55 jaar",TRUE,TRUE,"Helemaal mee eens",TRUE,"Mee eens",TRUE,TRUE,TRUE,TRUE,TRUE,TRUE
4279,43,"35 tot 45 jaar",FALSE,TRUE,"Mee eens",TRUE,"Mee eens",TRUE,TRUE,FALSE,FALSE,TRUE,TRUE
4280,47,"45 tot 55 jaar",FALSE,TRUE,"Mee eens",TRUE,"Mee eens",TRUE,FALSE,TRUE,FALSE,TRUE,TRUE
4281,59,"55 tot 65 jaar",TRUE,TRUE,"Helemaal mee eens",TRUE,"Helemaal mee eens",TRUE,TRUE,TRUE,TRUE,TRUE,TRUE
4282,77,"75 jaar of ouder",FALSE,TRUE,"Helemaal mee eens",TRUE,"Niet mee eens, niet mee oneens",FALSE,TRUE,TRUE,TRUE,TRUE,TRUE
4283,65,"65 tot 75 jaar",TRUE,TRUE,"Helemaal mee eens",TRUE,"Mee eens",TRUE,TRUE,TRUE,TRUE,TRUE,TRUE
4284,20,"18 tot 25 jaar",FALSE,TRUE,"Helemaal mee eens",TRUE,"Mee eens",TRUE,TRUE,TRUE,TRUE,TRUE,TRUE
4285,55,"55 tot 65 jaar",FALSE,TRUE,"Helemaal mee eens",TRUE,"Helemaal mee eens",TRUE,TRUE,TRUE,TRUE,TRUE,TRUE
4286,60,"55 tot 65 jaar",TRUE,TRUE,"Helemaal mee eens",TRUE,"Mee eens",TRUE,TRUE,TRUE,TRUE,TRUE,FALSE
4287,81,"75 jaar of ouder",FALSE,TRUE,"Helemaal mee eens",TRUE,"Helemaal mee eens",TRUE,TRUE,TRUE,TRUE,TRUE,TRUE
4288,21,"18 tot 25 jaar",FALSE,TRUE,"Helemaal mee eens",TRUE,"Mee eens",TRUE,TRUE,TRUE,TRUE,TRUE,TRUE
4289,76,"75 jaar of ouder",FALSE,TRUE,"Mee eens",TRUE,"Mee eens",TRUE,TRUE,TRUE,TRUE,TRUE,TRUE
4290,31,"25 tot 35 jaar",FALSE,TRUE,"Helemaal mee eens",TRUE,"Mee eens",TRUE,TRUE,TRUE,TRUE,TRUE,FALSE
4291,24,"18 tot 25 jaar",FALSE,TRUE,"Helemaal mee eens",TRUE,"Niet mee eens, niet mee oneens",FALSE,TRUE,FALSE,FALSE,TRUE,TRUE
4292,29,"25 tot 35 jaar",FALSE,TRUE,"Mee eens",TRUE,"Niet mee eens, niet mee oneens",FALSE,TRUE,FALSE,TRUE,TRUE,TRUE
4293,66,"65 tot 75 jaar",FALSE,TRUE,"Mee eens",TRUE,"Niet mee eens, niet mee oneens",FALSE,TRUE,TRUE,FALSE,FALSE,FALSE
4294,59,"55 tot 65 jaar",FALSE,TRUE,"Helemaal mee eens",TRUE,"Helemaal mee eens",TRUE,TRUE,FALSE,TRUE,TRUE,TRUE
4295,18,"18 tot 25 jaar",FALSE,TRUE,"Helemaal mee eens",TRUE,"Mee eens",TRUE,TRUE,TRUE,TRUE,TRUE,TRUE
4296,45,"45 tot 55 jaar",TRUE,TRUE,"Mee eens",TRUE,"Mee eens",TRUE,TRUE,TRUE,TRUE,TRUE,TRUE
4297,24,"18 tot 25 jaar",FALSE,TRUE,"Helemaal mee eens",TRUE,"Helemaal mee eens",TRUE,TRUE,TRUE,TRUE,TRUE,TRUE
4298,87,"75 jaar of ouder",FALSE,FALSE,"Helemaal mee eens",TRUE,"Mee eens",TRUE,TRUE,TRUE,TRUE,TRUE,TRUE
4299,33,"25 tot 35 jaar",TRUE,TRUE,"Mee eens",TRUE,"Mee eens",TRUE,TRUE,TRUE,FALSE,FALSE,FALSE
4300,50,"45 tot 55 jaar",TRUE,TRUE,"Mee eens",TRUE,"Helemaal mee eens",TRUE,TRUE,TRUE,TRUE,TRUE,TRUE
4301,47,"45 tot 55 jaar",TRUE,TRUE,"Mee eens",TRUE,"Mee eens",TRUE,TRUE,TRUE,TRUE,FALSE,TRUE
4302,23,"18 tot 25 jaar",TRUE,TRUE,"Helemaal mee eens",TRUE,"Mee eens",TRUE,TRUE,TRUE,TRUE,TRUE,TRUE
4303,85,"75 jaar of ouder",TRUE,TRUE,"Mee eens",TRUE,"Mee eens",TRUE,TRUE,TRUE,TRUE,TRUE,TRUE
4304,27,"25 tot 35 jaar",TRUE,TRUE,"Helemaal mee eens",TRUE,"Helemaal mee eens",TRUE,TRUE,TRUE,TRUE,TRUE,TRUE
4305,57,"55 tot 65 jaar",FALSE,TRUE,"Mee eens",TRUE,"Mee eens",TRUE,TRUE,TRUE,TRUE,TRUE,TRUE
4306,67,"65 tot 75 jaar",FALSE,TRUE,"Mee eens",TRUE,"Mee eens",TRUE,TRUE,TRUE,TRUE,TRUE,FALSE
4307,39,"35 tot 45 jaar",FALSE,TRUE,"Niet mee eens, niet mee oneens",FALSE,"Niet mee eens, niet mee oneens",FALSE,TRUE,TRUE,TRUE,FALSE,FALSE
4308,83,"75 jaar of ouder",FALSE,TRUE,"Mee eens",TRUE,"Niet mee eens, niet mee oneens",FALSE,FALSE,TRUE,FALSE,TRUE,TRUE
4309,53,"45 tot 55 jaar",FALSE,TRUE,"Mee eens",TRUE,"Mee eens",TRUE,FALSE,TRUE,TRUE,TRUE,TRUE
4310,64,"55 tot 65 jaar",TRUE,TRUE,"Helemaal mee eens",TRUE,"Mee eens",TRUE,TRUE,TRUE,TRUE,TRUE,TRUE
4311,45,"45 tot 55 jaar",TRUE,TRUE,"Mee eens",TRUE,"Mee eens",TRUE,TRUE,TRUE,TRUE,FALSE,TRUE
4312,44,"35 tot 45 jaar",FALSE,TRUE,"Helemaal mee eens",TRUE,"Helemaal mee eens",TRUE,TRUE,TRUE,TRUE,TRUE,TRUE
4313,42,"35 tot 45 jaar",TRUE,FALSE,"Niet mee eens, niet mee oneens",FALSE,"Niet mee eens, niet mee oneens",FALSE,TRUE,FALSE,FALSE,FALSE,FALSE
4314,23,"18 tot 25 jaar",TRUE,TRUE,"Mee eens",TRUE,"Niet mee eens, niet mee oneens",FALSE,FALSE,FALSE,TRUE,FALSE,TRUE
4315,18,"18 tot 25 jaar",TRUE,TRUE,"Niet mee eens, niet mee oneens",FALSE,"Niet mee eens, niet mee oneens",FALSE,TRUE,TRUE,TRUE,FALSE,FALSE
4316,64,"55 tot 65 jaar",TRUE,TRUE,"Helemaal mee eens",TRUE,"Mee eens",TRUE,TRUE,TRUE,TRUE,TRUE,TRUE
4317,78,"75 jaar of ouder",TRUE,TRUE,"Mee eens",TRUE,"Niet mee eens, niet mee oneens",FALSE,TRUE,TRUE,TRUE,TRUE,TRUE
4318,58,"55 tot 65 jaar",TRUE,TRUE,"Helemaal mee eens",TRUE,"Niet mee eens, niet mee oneens",FALSE,FALSE,TRUE,FALSE,TRUE,FALSE
4319,34,"25 tot 35 jaar",FALSE,TRUE,"Niet mee eens, niet mee oneens",FALSE,"Mee oneens",FALSE,TRUE,FALSE,FALSE,FALSE,FALSE
4320,56,"55 tot 65 jaar",TRUE,TRUE,"Mee eens",TRUE,"Helemaal mee eens",TRUE,TRUE,FALSE,TRUE,TRUE,FALSE
4321,18,"18 tot 25 jaar",TRUE,TRUE,"Mee eens",TRUE,"Niet mee eens, niet mee oneens",FALSE,TRUE,TRUE,TRUE,FALSE,FALSE
4322,64,"55 tot 65 jaar",FALSE,TRUE,"Mee eens",TRUE,"Helemaal mee eens",TRUE,TRUE,TRUE,TRUE,TRUE,TRUE
4323,58,"55 tot 65 jaar",TRUE,TRUE,"Helemaal mee eens",TRUE,"Mee eens",TRUE,TRUE,TRUE,TRUE,TRUE,TRUE
4324,45,"45 tot 55 jaar",FALSE,TRUE,"Mee eens",TRUE,"Niet mee eens, niet mee oneens",FALSE,TRUE,TRUE,TRUE,TRUE,TRUE
4325,50,"45 tot 55 jaar",FALSE,TRUE,"Helemaal mee eens",TRUE,"Mee eens",TRUE,TRUE,TRUE,TRUE,TRUE,TRUE
4326,56,"55 tot 65 jaar",FALSE,TRUE,"Mee eens",TRUE,"Helemaal mee eens",TRUE,TRUE,TRUE,TRUE,TRUE,TRUE
4327,68,"65 tot 75 jaar",TRUE,TRUE,"Helemaal mee eens",TRUE,"Mee eens",TRUE,TRUE,TRUE,TRUE,TRUE,TRUE
4328,51,"45 tot 55 jaar",TRUE,TRUE,"Mee eens",TRUE,"Mee eens",TRUE,FALSE,TRUE,FALSE,FALSE,FALSE
4329,31,"25 tot 35 jaar",FALSE,TRUE,"Mee eens",TRUE,"Niet mee eens, niet mee oneens",FALSE,TRUE,TRUE,TRUE,FALSE,TRUE
4330,41,"35 tot 45 jaar",FALSE,TRUE,"Helemaal mee eens",TRUE,"Helemaal mee eens",TRUE,TRUE,TRUE,TRUE,TRUE,TRUE
4331,44,"35 tot 45 jaar",FALSE,TRUE,"Mee eens",TRUE,"Mee eens",TRUE,TRUE,TRUE,TRUE,FALSE,TRUE
4332,28,"25 tot 35 jaar",TRUE,TRUE,"Helemaal mee eens",TRUE,"Mee eens",TRUE,TRUE,TRUE,TRUE,TRUE,FALSE
4333,28,"25 tot 35 jaar",FALSE,TRUE,"Helemaal mee eens",TRUE,"Mee eens",TRUE,TRUE,TRUE,TRUE,TRUE,TRUE
4334,56,"55 tot 65 jaar",TRUE,TRUE,"Mee eens",TRUE,"Niet mee eens, niet mee oneens",FALSE,TRUE,TRUE,TRUE,TRUE,TRUE
4335,21,"18 tot 25 jaar",FALSE,TRUE,"Mee eens",TRUE,"Niet mee eens, niet mee oneens",FALSE,TRUE,TRUE,FALSE,FALSE,FALSE
4336,72,"65 tot 75 jaar",FALSE,TRUE,"Mee eens",TRUE,"Niet mee eens, niet mee oneens",FALSE,TRUE,TRUE,TRUE,TRUE,TRUE
4337,28,"25 tot 35 jaar",TRUE,FALSE,"Helemaal mee eens",TRUE,"Helemaal mee eens",TRUE,TRUE,TRUE,TRUE,TRUE,TRUE
4338,62,"55 tot 65 jaar",TRUE,TRUE,"Mee eens",TRUE,"Mee eens",TRUE,TRUE,TRUE,TRUE,TRUE,TRUE
4339,59,"55 tot 65 jaar",FALSE,TRUE,"Helemaal mee eens",TRUE,"Mee eens",TRUE,TRUE,TRUE,TRUE,TRUE,TRUE
4340,27,"25 tot 35 jaar",TRUE,TRUE,"Helemaal mee eens",TRUE,"Mee eens",TRUE,TRUE,TRUE,TRUE,TRUE,TRUE
4341,57,"55 tot 65 jaar",TRUE,TRUE,"Helemaal mee eens",TRUE,"Helemaal mee eens",TRUE,TRUE,TRUE,TRUE,TRUE,TRUE
4342,20,"18 tot 25 jaar",FALSE,TRUE,"Mee eens",TRUE,"Mee oneens",FALSE,FALSE,TRUE,TRUE,TRUE,FALSE
4343,70,"65 tot 75 jaar",TRUE,TRUE,"Mee eens",TRUE,"Mee eens",TRUE,TRUE,TRUE,TRUE,TRUE,TRUE
4344,38,"35 tot 45 jaar",TRUE,TRUE,"Helemaal mee oneens",FALSE,"Mee oneens",FALSE,TRUE,FALSE,FALSE,FALSE,FALSE
4345,34,"25 tot 35 jaar",FALSE,TRUE,"Mee eens",TRUE,"Niet mee eens, niet mee oneens",FALSE,TRUE,TRUE,FALSE,FALSE,TRUE
4346,60,"55 tot 65 jaar",FALSE,TRUE,"Helemaal mee eens",TRUE,"Mee eens",TRUE,TRUE,TRUE,TRUE,TRUE,TRUE
4347,46,"45 tot 55 jaar",FALSE,TRUE,"Helemaal mee eens",TRUE,"Mee eens",TRUE,TRUE,TRUE,FALSE,TRUE,TRUE
4348,26,"25 tot 35 jaar",FALSE,TRUE,"Helemaal mee eens",TRUE,"Mee eens",TRUE,TRUE,TRUE,TRUE,TRUE,TRUE
4349,60,"55 tot 65 jaar",TRUE,TRUE,"Mee eens",TRUE,"Mee eens",TRUE,TRUE,TRUE,TRUE,TRUE,FALSE
4350,64,"55 tot 65 jaar",TRUE,TRUE,"Mee eens",TRUE,"Mee eens",TRUE,TRUE,TRUE,FALSE,TRUE,TRUE
4351,32,"25 tot 35 jaar",TRUE,TRUE,"Helemaal mee eens",TRUE,"Mee eens",TRUE,TRUE,TRUE,TRUE,TRUE,TRUE
4352,28,"25 tot 35 jaar",FALSE,TRUE,"Helemaal mee eens",TRUE,"Mee eens",TRUE,TRUE,TRUE,TRUE,TRUE,TRUE
4353,73,"65 tot 75 jaar",FALSE,TRUE,"Mee eens",TRUE,"Mee eens",TRUE,TRUE,TRUE,FALSE,TRUE,TRUE
4354,48,"45 tot 55 jaar",TRUE,TRUE,"Mee eens",TRUE,"Niet mee eens, niet mee oneens",FALSE,TRUE,TRUE,TRUE,FALSE,FALSE
4355,47,"45 tot 55 jaar",FALSE,TRUE,"Mee oneens",FALSE,"Mee oneens",FALSE,TRUE,TRUE,FALSE,FALSE,FALSE
4356,29,"25 tot 35 jaar",FALSE,TRUE,"Niet mee eens, niet mee oneens",FALSE,"Mee oneens",FALSE,TRUE,FALSE,TRUE,FALSE,TRUE
4357,56,"55 tot 65 jaar",TRUE,TRUE,"Mee eens",TRUE,"Mee eens",TRUE,TRUE,TRUE,FALSE,TRUE,TRUE
4358,49,"45 tot 55 jaar",FALSE,TRUE,"Mee eens",TRUE,"Niet mee eens, niet mee oneens",FALSE,TRUE,TRUE,TRUE,TRUE,FALSE
4359,54,"45 tot 55 jaar",TRUE,TRUE,"Mee eens",TRUE,"Mee eens",TRUE,TRUE,FALSE,TRUE,TRUE,FALSE
4360,54,"45 tot 55 jaar",TRUE,TRUE,"Mee eens",TRUE,"Mee eens",TRUE,TRUE,TRUE,TRUE,FALSE,TRUE
4361,83,"75 jaar of ouder",TRUE,TRUE,"Helemaal mee eens",TRUE,"Niet mee eens, niet mee oneens",FALSE,TRUE,TRUE,TRUE,TRUE,FALSE
4362,31,"25 tot 35 jaar",FALSE,TRUE,"Helemaal mee eens",TRUE,"Helemaal mee eens",TRUE,TRUE,TRUE,TRUE,TRUE,TRUE
4363,36,"35 tot 45 jaar",TRUE,TRUE,"Mee oneens",FALSE,"Niet mee eens, niet mee oneens",FALSE,TRUE,TRUE,FALSE,FALSE,FALSE
4364,48,"45 tot 55 jaar",TRUE,TRUE,"Mee eens",TRUE,"Mee eens",TRUE,TRUE,TRUE,TRUE,TRUE,TRUE
4365,67,"65 tot 75 jaar",FALSE,TRUE,"Niet mee eens, niet mee oneens",FALSE,"Mee eens",TRUE,FALSE,TRUE,TRUE,TRUE,FALSE
4366,56,"55 tot 65 jaar",FALSE,TRUE,"Mee eens",TRUE,"Mee eens",TRUE,TRUE,FALSE,TRUE,FALSE,TRUE
4367,38,"35 tot 45 jaar",FALSE,TRUE,"Mee eens",TRUE,"Helemaal mee eens",TRUE,TRUE,TRUE,TRUE,TRUE,TRUE
4368,50,"45 tot 55 jaar",TRUE,TRUE,"Helemaal mee eens",TRUE,"Mee eens",TRUE,FALSE,TRUE,TRUE,TRUE,FALSE
4369,70,"65 tot 75 jaar",TRUE,TRUE,"Mee eens",TRUE,"Niet mee eens, niet mee oneens",FALSE,FALSE,TRUE,TRUE,FALSE,FALSE
4370,23,"18 tot 25 jaar",FALSE,TRUE,"Mee eens",TRUE,"Mee eens",TRUE,TRUE,FALSE,TRUE,TRUE,TRUE
4371,41,"35 tot 45 jaar",FALSE,TRUE,"Helemaal mee eens",TRUE,"Helemaal mee eens",TRUE,TRUE,FALSE,TRUE,TRUE,TRUE
4372,25,"25 tot 35 jaar",TRUE,FALSE,"Mee eens",TRUE,"Niet mee eens, niet mee oneens",FALSE,FALSE,TRUE,TRUE,FALSE,FALSE
4373,27,"25 tot 35 jaar",TRUE,TRUE,"Helemaal mee eens",TRUE,"Mee eens",TRUE,TRUE,TRUE,TRUE,TRUE,TRUE
4374,25,"25 tot 35 jaar",FALSE,TRUE,"Niet mee eens, niet mee oneens",FALSE,"Mee eens",TRUE,TRUE,FALSE,FALSE,TRUE,FALSE
4375,29,"25 tot 35 jaar",FALSE,TRUE,"Helemaal mee eens",TRUE,"Helemaal mee eens",TRUE,TRUE,TRUE,TRUE,TRUE,TRUE
4376,56,"55 tot 65 jaar",FALSE,TRUE,"Mee eens",TRUE,"Niet mee eens, niet mee oneens",FALSE,TRUE,TRUE,TRUE,TRUE,TRUE
4377,71,"65 tot 75 jaar",FALSE,TRUE,"Helemaal mee eens",TRUE,"Helemaal mee eens",TRUE,TRUE,TRUE,TRUE,TRUE,TRUE
4378,32,"25 tot 35 jaar",FALSE,TRUE,"Helemaal mee eens",TRUE,"Niet mee eens, niet mee oneens",FALSE,TRUE,FALSE,FALSE,TRUE,FALSE
4379,73,"65 tot 75 jaar",TRUE,TRUE,"Mee eens",TRUE,"Mee eens",TRUE,TRUE,TRUE,TRUE,TRUE,TRUE
4380,45,"45 tot 55 jaar",TRUE,TRUE,"Helemaal mee eens",TRUE,"Mee eens",TRUE,TRUE,TRUE,FALSE,TRUE,FALSE
4381,40,"35 tot 45 jaar",FALSE,TRUE,"Mee eens",TRUE,"Niet mee eens, niet mee oneens",FALSE,TRUE,TRUE,TRUE,TRUE,TRUE
4382,20,"18 tot 25 jaar",FALSE,TRUE,"Helemaal mee eens",TRUE,"Niet mee eens, niet mee oneens",FALSE,TRUE,TRUE,TRUE,TRUE,TRUE
4383,36,"35 tot 45 jaar",TRUE,TRUE,"Helemaal mee eens",TRUE,"Helemaal mee eens",TRUE,TRUE,TRUE,TRUE,TRUE,TRUE
4384,62,"55 tot 65 jaar",FALSE,TRUE,"Helemaal mee eens",TRUE,"Helemaal mee eens",TRUE,TRUE,TRUE,TRUE,TRUE,TRUE
4385,37,"35 tot 45 jaar",TRUE,FALSE,"Helemaal mee eens",TRUE,"Niet mee eens, niet mee oneens",FALSE,TRUE,TRUE,FALSE,FALSE,FALSE
4386,50,"45 tot 55 jaar",TRUE,TRUE,"Niet mee eens, niet mee oneens",FALSE,"Niet mee eens, niet mee oneens",FALSE,TRUE,FALSE,FALSE,FALSE,FALSE
4387,31,"25 tot 35 jaar",TRUE,TRUE,"Mee eens",TRUE,"Mee oneens",FALSE,TRUE,TRUE,TRUE,FALSE,FALSE
4388,42,"35 tot 45 jaar",FALSE,TRUE,"Niet mee eens, niet mee oneens",FALSE,"Mee oneens",FALSE,TRUE,TRUE,FALSE,FALSE,FALSE
4389,18,"18 tot 25 jaar",FALSE,TRUE,"Mee oneens",FALSE,"Helemaal mee oneens",FALSE,FALSE,FALSE,FALSE,FALSE,FALSE
4390,31,"25 tot 35 jaar",TRUE,TRUE,"Mee eens",TRUE,"Niet mee eens, niet mee oneens",FALSE,TRUE,TRUE,FALSE,TRUE,TRUE
4391,88,"75 jaar of ouder",TRUE,TRUE,"Helemaal mee eens",TRUE,"Mee eens",TRUE,TRUE,TRUE,TRUE,TRUE,TRUE
4392,18,"18 tot 25 jaar",TRUE,FALSE,"Mee eens",TRUE,"Helemaal mee eens",TRUE,TRUE,TRUE,TRUE,TRUE,TRUE
4393,51,"45 tot 55 jaar",TRUE,TRUE,"Helemaal mee eens",TRUE,"Mee eens",TRUE,TRUE,TRUE,TRUE,TRUE,TRUE
4394,79,"75 jaar of ouder",FALSE,TRUE,"Mee eens",TRUE,"Mee oneens",FALSE,FALSE,TRUE,FALSE,TRUE,FALSE
4395,63,"55 tot 65 jaar",TRUE,TRUE,"Mee eens",TRUE,"Mee eens",TRUE,FALSE,TRUE,TRUE,TRUE,FALSE
4396,38,"35 tot 45 jaar",FALSE,TRUE,"Helemaal mee eens",TRUE,"Helemaal mee eens",TRUE,TRUE,TRUE,TRUE,TRUE,TRUE
4397,79,"75 jaar of ouder",FALSE,TRUE,"Mee eens",TRUE,"Niet mee eens, niet mee oneens",FALSE,TRUE,FALSE,FALSE,FALSE,FALSE
4398,55,"55 tot 65 jaar",FALSE,TRUE,"Mee eens",TRUE,"Niet mee eens, niet mee oneens",FALSE,TRUE,TRUE,TRUE,TRUE,FALSE
4399,39,"35 tot 45 jaar",FALSE,TRUE,"Mee eens",TRUE,"Mee oneens",FALSE,TRUE,TRUE,FALSE,TRUE,TRUE
4400,46,"45 tot 55 jaar",FALSE,TRUE,"Mee eens",TRUE,"Niet mee eens, niet mee oneens",FALSE,TRUE,TRUE,FALSE,FALSE,TRUE
4401,82,"75 jaar of ouder",TRUE,TRUE,"Helemaal mee eens",TRUE,"Helemaal mee eens",TRUE,TRUE,TRUE,TRUE,TRUE,TRUE
4402,35,"35 tot 45 jaar",TRUE,TRUE,"Mee eens",TRUE,"Mee oneens",FALSE,TRUE,TRUE,FALSE,FALSE,FALSE
4403,73,"65 tot 75 jaar",TRUE,TRUE,"Mee eens",TRUE,"Mee eens",TRUE,TRUE,TRUE,TRUE,TRUE,TRUE
4404,46,"45 tot 55 jaar",TRUE,TRUE,"Helemaal mee eens",TRUE,"Mee eens",TRUE,TRUE,TRUE,TRUE,TRUE,TRUE
4405,18,"18 tot 25 jaar",FALSE,TRUE,"Mee eens",TRUE,"Mee eens",TRUE,TRUE,TRUE,FALSE,TRUE,TRUE
4406,38,"35 tot 45 jaar",FALSE,TRUE,"Mee eens",TRUE,"Helemaal mee eens",TRUE,TRUE,TRUE,FALSE,TRUE,TRUE
4407,54,"45 tot 55 jaar",FALSE,TRUE,"Mee eens",TRUE,"Mee eens",TRUE,TRUE,FALSE,TRUE,TRUE,FALSE
4408,49,"45 tot 55 jaar",TRUE,TRUE,"Mee eens",TRUE,"Mee eens",TRUE,TRUE,TRUE,TRUE,TRUE,TRUE
4409,46,"45 tot 55 jaar",FALSE,TRUE,"Mee eens",TRUE,"Mee eens",TRUE,TRUE,TRUE,TRUE,TRUE,TRUE
4410,70,"65 tot 75 jaar",TRUE,TRUE,"Mee eens",TRUE,"Mee eens",TRUE,TRUE,TRUE,TRUE,TRUE,TRUE
4411,65,"65 tot 75 jaar",FALSE,TRUE,"Helemaal mee eens",TRUE,"Niet mee eens, niet mee oneens",FALSE,TRUE,TRUE,TRUE,FALSE,TRUE
4412,42,"35 tot 45 jaar",FALSE,FALSE,"Niet mee eens, niet mee oneens",FALSE,"Mee oneens",FALSE,TRUE,FALSE,FALSE,FALSE,FALSE
4413,49,"45 tot 55 jaar",TRUE,TRUE,"Mee eens",TRUE,"Mee eens",TRUE,TRUE,TRUE,TRUE,TRUE,TRUE
4414,27,"25 tot 35 jaar",TRUE,TRUE,"Mee eens",TRUE,"Helemaal mee eens",TRUE,TRUE,TRUE,TRUE,TRUE,TRUE
4415,45,"45 tot 55 jaar",TRUE,TRUE,"Mee eens",TRUE,"Mee eens",TRUE,TRUE,TRUE,TRUE,TRUE,FALSE
4416,33,"25 tot 35 jaar",FALSE,TRUE,"Mee eens",TRUE,"Niet mee eens, niet mee oneens",FALSE,TRUE,FALSE,FALSE,FALSE,FALSE
4417,32,"25 tot 35 jaar",TRUE,TRUE,"Mee eens",TRUE,"Mee eens",TRUE,TRUE,TRUE,TRUE,TRUE,TRUE
4418,44,"35 tot 45 jaar",FALSE,FALSE,"Niet mee eens, niet mee oneens",FALSE,"Mee eens",TRUE,TRUE,TRUE,TRUE,TRUE,TRUE
4419,44,"35 tot 45 jaar",FALSE,TRUE,"Helemaal mee eens",TRUE,"Helemaal mee eens",TRUE,TRUE,TRUE,TRUE,TRUE,TRUE
4420,54,"45 tot 55 jaar",TRUE,TRUE,"Helemaal mee eens",TRUE,"Helemaal mee eens",TRUE,TRUE,TRUE,TRUE,TRUE,TRUE
4421,39,"35 tot 45 jaar",TRUE,TRUE,"Mee eens",TRUE,"Mee eens",TRUE,TRUE,TRUE,FALSE,TRUE,FALSE
4422,31,"25 tot 35 jaar",FALSE,TRUE,"Helemaal mee eens",TRUE,"Mee eens",TRUE,TRUE,TRUE,FALSE,TRUE,TRUE
4423,88,"75 jaar of ouder",TRUE,TRUE,"Helemaal mee eens",TRUE,"Mee eens",TRUE,TRUE,FALSE,FALSE,TRUE,TRUE
4424,25,"25 tot 35 jaar",TRUE,TRUE,"Helemaal mee eens",TRUE,"Helemaal mee eens",TRUE,TRUE,TRUE,TRUE,TRUE,TRUE
4425,60,"55 tot 65 jaar",FALSE,TRUE,"Helemaal mee eens",TRUE,"Mee eens",TRUE,TRUE,TRUE,TRUE,TRUE,FALSE
4426,42,"35 tot 45 jaar",FALSE,TRUE,"Helemaal mee eens",TRUE,"Helemaal mee eens",TRUE,TRUE,TRUE,TRUE,TRUE,TRUE
4427,64,"55 tot 65 jaar",TRUE,TRUE,"Mee eens",TRUE,"Mee eens",TRUE,TRUE,TRUE,TRUE,TRUE,TRUE
4428,53,"45 tot 55 jaar",FALSE,TRUE,"Mee eens",TRUE,"Mee eens",TRUE,TRUE,TRUE,TRUE,TRUE,TRUE
4429,58,"55 tot 65 jaar",FALSE,TRUE,"Helemaal mee eens",TRUE,"Niet mee eens, niet mee oneens",FALSE,TRUE,TRUE,FALSE,TRUE,FALSE
4430,84,"75 jaar of ouder",TRUE,TRUE,"Mee eens",TRUE,"Mee oneens",FALSE,TRUE,TRUE,FALSE,FALSE,FALSE
4431,39,"35 tot 45 jaar",TRUE,TRUE,"Mee eens",TRUE,"Mee eens",TRUE,TRUE,TRUE,TRUE,TRUE,FALSE
4432,49,"45 tot 55 jaar",TRUE,TRUE,"Mee eens",TRUE,"Mee eens",TRUE,TRUE,FALSE,FALSE,FALSE,TRUE
4433,35,"35 tot 45 jaar",TRUE,TRUE,"Helemaal mee eens",TRUE,"Mee eens",TRUE,TRUE,TRUE,TRUE,TRUE,TRUE
4434,29,"25 tot 35 jaar",TRUE,TRUE,"Helemaal mee eens",TRUE,"Mee eens",TRUE,TRUE,TRUE,TRUE,TRUE,TRUE
4435,32,"25 tot 35 jaar",TRUE,TRUE,"Mee eens",TRUE,"Mee eens",TRUE,TRUE,TRUE,FALSE,FALSE,FALSE
4436,41,"35 tot 45 jaar",FALSE,TRUE,"Mee eens",TRUE,"Mee oneens",FALSE,TRUE,TRUE,TRUE,TRUE,TRUE
4437,33,"25 tot 35 jaar",FALSE,TRUE,"Helemaal mee eens",TRUE,"Mee eens",TRUE,TRUE,FALSE,FALSE,TRUE,TRUE
4438,59,"55 tot 65 jaar",TRUE,TRUE,"Helemaal mee eens",TRUE,"Mee eens",TRUE,TRUE,TRUE,TRUE,TRUE,TRUE
4439,50,"45 tot 55 jaar",TRUE,FALSE,"Helemaal mee eens",TRUE,"Helemaal mee eens",TRUE,TRUE,TRUE,TRUE,TRUE,TRUE
4440,32,"25 tot 35 jaar",FALSE,TRUE,"Mee eens",TRUE,"Niet mee eens, niet mee oneens",FALSE,FALSE,TRUE,TRUE,FALSE,TRUE
4441,53,"45 tot 55 jaar",TRUE,TRUE,"Mee eens",TRUE,"Mee eens",TRUE,TRUE,TRUE,TRUE,FALSE,TRUE
4442,43,"35 tot 45 jaar",FALSE,TRUE,"Helemaal mee eens",TRUE,"Mee eens",TRUE,TRUE,TRUE,TRUE,TRUE,TRUE
4443,58,"55 tot 65 jaar",TRUE,TRUE,"Helemaal mee eens",TRUE,"Mee eens",TRUE,TRUE,TRUE,TRUE,TRUE,TRUE
4444,48,"45 tot 55 jaar",FALSE,TRUE,"Mee eens",TRUE,"Mee eens",TRUE,TRUE,FALSE,FALSE,TRUE,TRUE
4445,53,"45 tot 55 jaar",TRUE,TRUE,"Mee eens",TRUE,"Mee eens",TRUE,TRUE,TRUE,TRUE,TRUE,TRUE
4446,72,"65 tot 75 jaar",TRUE,TRUE,"Mee oneens",FALSE,"Mee oneens",FALSE,TRUE,TRUE,FALSE,FALSE,FALSE
4447,25,"25 tot 35 jaar",FALSE,TRUE,"Mee eens",TRUE,"Mee eens",TRUE,TRUE,TRUE,FALSE,TRUE,FALSE
4448,27,"25 tot 35 jaar",FALSE,FALSE,"Niet mee eens, niet mee oneens",FALSE,"Niet mee eens, niet mee oneens",FALSE,TRUE,TRUE,TRUE,TRUE,TRUE
4449,35,"35 tot 45 jaar",TRUE,TRUE,"Mee eens",TRUE,"Mee eens",TRUE,TRUE,TRUE,TRUE,FALSE,FALSE
4450,22,"18 tot 25 jaar",FALSE,TRUE,"Niet mee eens, niet mee oneens",FALSE,"Niet mee eens, niet mee oneens",FALSE,TRUE,TRUE,TRUE,FALSE,FALSE
4451,73,"65 tot 75 jaar",TRUE,TRUE,"Mee eens",TRUE,"Mee eens",TRUE,TRUE,TRUE,TRUE,TRUE,TRUE
4452,82,"75 jaar of ouder",FALSE,TRUE,"Mee eens",TRUE,"Niet mee eens, niet mee oneens",FALSE,TRUE,FALSE,TRUE,TRUE,TRUE
4453,74,"65 tot 75 jaar",TRUE,TRUE,"Mee eens",TRUE,"Mee eens",TRUE,TRUE,FALSE,TRUE,TRUE,TRUE
4454,34,"25 tot 35 jaar",TRUE,TRUE,"Helemaal mee eens",TRUE,"Mee eens",TRUE,TRUE,TRUE,TRUE,TRUE,TRUE
4455,54,"45 tot 55 jaar",FALSE,TRUE,"Mee eens",TRUE,"Mee eens",TRUE,FALSE,TRUE,TRUE,TRUE,TRUE
4456,74,"65 tot 75 jaar",TRUE,TRUE,"Mee eens",TRUE,"Mee eens",TRUE,TRUE,TRUE,TRUE,TRUE,TRUE
4457,70,"65 tot 75 jaar",FALSE,TRUE,"Mee eens",TRUE,"Helemaal mee eens",TRUE,TRUE,TRUE,TRUE,TRUE,TRUE
4458,51,"45 tot 55 jaar",FALSE,TRUE,"Helemaal mee eens",TRUE,"Mee eens",TRUE,TRUE,TRUE,TRUE,TRUE,TRUE
4459,58,"55 tot 65 jaar",TRUE,TRUE,"Helemaal mee eens",TRUE,"Mee eens",TRUE,TRUE,TRUE,TRUE,TRUE,TRUE
4460,59,"55 tot 65 jaar",TRUE,FALSE,"Mee eens",TRUE,"Niet mee eens, niet mee oneens",FALSE,TRUE,TRUE,TRUE,TRUE,TRUE
4461,33,"25 tot 35 jaar",FALSE,TRUE,"Niet mee eens, niet mee oneens",FALSE,"Niet mee eens, niet mee oneens",FALSE,TRUE,TRUE,TRUE,TRUE,FALSE
4462,47,"45 tot 55 jaar",TRUE,FALSE,"Niet mee eens, niet mee oneens",FALSE,"Niet mee eens, niet mee oneens",FALSE,TRUE,TRUE,FALSE,FALSE,TRUE
4463,72,"65 tot 75 jaar",TRUE,TRUE,"Helemaal mee eens",TRUE,"Mee eens",TRUE,TRUE,TRUE,TRUE,TRUE,TRUE
4464,77,"75 jaar of ouder",FALSE,TRUE,"Helemaal mee eens",TRUE,"Helemaal mee eens",TRUE,TRUE,TRUE,TRUE,TRUE,TRUE
4465,19,"18 tot 25 jaar",FALSE,TRUE,"Mee eens",TRUE,"Mee eens",TRUE,TRUE,TRUE,TRUE,TRUE,FALSE
4466,90,"75 jaar of ouder",FALSE,TRUE,"Mee eens",TRUE,"Niet mee eens, niet mee oneens",FALSE,FALSE,TRUE,FALSE,FALSE,FALSE
4467,54,"45 tot 55 jaar",FALSE,TRUE,"Mee eens",TRUE,"Niet mee eens, niet mee oneens",FALSE,FALSE,TRUE,FALSE,FALSE,TRUE
4468,83,"75 jaar of ouder",FALSE,TRUE,"Helemaal mee eens",TRUE,"Mee eens",TRUE,TRUE,TRUE,TRUE,TRUE,FALSE
4469,87,"75 jaar of ouder",FALSE,TRUE,"Mee eens",TRUE,"Mee eens",TRUE,TRUE,TRUE,TRUE,TRUE,FALSE
4470,32,"25 tot 35 jaar",TRUE,TRUE,"Mee eens",TRUE,"Niet mee eens, niet mee oneens",FALSE,TRUE,TRUE,FALSE,TRUE,FALSE
4471,37,"35 tot 45 jaar",TRUE,TRUE,"Mee eens",TRUE,"Mee eens",TRUE,TRUE,TRUE,TRUE,TRUE,TRUE
4472,32,"25 tot 35 jaar",FALSE,TRUE,"Helemaal mee eens",TRUE,"Mee eens",TRUE,TRUE,TRUE,TRUE,TRUE,TRUE
4473,18,"18 tot 25 jaar",TRUE,TRUE,"Mee eens",TRUE,"Niet mee eens, niet mee oneens",FALSE,TRUE,TRUE,TRUE,FALSE,FALSE
4474,58,"55 tot 65 jaar",FALSE,TRUE,"Mee eens",TRUE,"Niet mee eens, niet mee oneens",FALSE,TRUE,TRUE,TRUE,FALSE,FALSE
4475,66,"65 tot 75 jaar",FALSE,TRUE,"Mee eens",TRUE,"Mee eens",TRUE,TRUE,TRUE,TRUE,TRUE,TRUE
4476,60,"55 tot 65 jaar",TRUE,TRUE,"Mee eens",TRUE,"Mee eens",TRUE,TRUE,TRUE,TRUE,TRUE,TRUE
4477,23,"18 tot 25 jaar",TRUE,TRUE,"Mee eens",TRUE,"Niet mee eens, niet mee oneens",FALSE,TRUE,FALSE,TRUE,FALSE,TRUE
4478,61,"55 tot 65 jaar",TRUE,TRUE,"Helemaal mee eens",TRUE,"Mee eens",TRUE,TRUE,TRUE,TRUE,TRUE,TRUE
4479,57,"55 tot 65 jaar",FALSE,TRUE,"Helemaal mee eens",TRUE,"Mee eens",TRUE,TRUE,TRUE,TRUE,TRUE,TRUE
4480,76,"75 jaar of ouder",TRUE,TRUE,"Mee eens",TRUE,"Niet mee eens, niet mee oneens",FALSE,TRUE,TRUE,TRUE,TRUE,FALSE
4481,46,"45 tot 55 jaar",FALSE,TRUE,"Helemaal mee eens",TRUE,"Mee eens",TRUE,TRUE,FALSE,TRUE,TRUE,TRUE
4482,64,"55 tot 65 jaar",TRUE,TRUE,"Mee eens",TRUE,"Mee eens",TRUE,TRUE,TRUE,TRUE,TRUE,FALSE
4483,39,"35 tot 45 jaar",FALSE,TRUE,"Helemaal mee eens",TRUE,"Mee eens",TRUE,TRUE,TRUE,TRUE,TRUE,TRUE
4484,47,"45 tot 55 jaar",FALSE,TRUE,"Helemaal mee eens",TRUE,"Helemaal mee eens",TRUE,TRUE,TRUE,TRUE,TRUE,TRUE
4485,82,"75 jaar of ouder",FALSE,TRUE,"Helemaal mee eens",TRUE,"Helemaal mee eens",TRUE,TRUE,TRUE,TRUE,TRUE,TRUE
4486,28,"25 tot 35 jaar",FALSE,TRUE,"Helemaal mee eens",TRUE,"Helemaal mee eens",TRUE,TRUE,TRUE,TRUE,TRUE,TRUE
4487,55,"55 tot 65 jaar",FALSE,TRUE,"Mee eens",TRUE,"Niet mee eens, niet mee oneens",FALSE,TRUE,TRUE,FALSE,FALSE,FALSE
4488,51,"45 tot 55 jaar",TRUE,TRUE,"Mee eens",TRUE,"Mee eens",TRUE,TRUE,FALSE,TRUE,TRUE,TRUE
4489,27,"25 tot 35 jaar",TRUE,TRUE,"Mee eens",TRUE,"Mee eens",TRUE,TRUE,TRUE,FALSE,TRUE,TRUE
4490,20,"18 tot 25 jaar",FALSE,TRUE,"Niet mee eens, niet mee oneens",FALSE,"Mee oneens",FALSE,FALSE,TRUE,TRUE,FALSE,FALSE
4491,65,"65 tot 75 jaar",FALSE,TRUE,"Helemaal mee eens",TRUE,"Helemaal mee eens",TRUE,TRUE,TRUE,TRUE,TRUE,TRUE
4492,71,"65 tot 75 jaar",TRUE,FALSE,"Helemaal mee eens",TRUE,"Mee eens",TRUE,FALSE,TRUE,TRUE,TRUE,FALSE
4493,69,"65 tot 75 jaar",TRUE,TRUE,"Helemaal mee eens",TRUE,"Mee eens",TRUE,TRUE,TRUE,TRUE,TRUE,TRUE
4494,50,"45 tot 55 jaar",TRUE,TRUE,"Mee eens",TRUE,"Mee eens",TRUE,TRUE,TRUE,TRUE,FALSE,TRUE
4495,90,"75 jaar of ouder",FALSE,TRUE,"Helemaal mee eens",TRUE,"Helemaal mee eens",TRUE,TRUE,TRUE,TRUE,TRUE,TRUE
4496,34,"25 tot 35 jaar",FALSE,TRUE,"Helemaal mee eens",TRUE,"Niet mee eens, niet mee oneens",FALSE,TRUE,FALSE,FALSE,FALSE,FALSE
4497,48,"45 tot 55 jaar",TRUE,TRUE,"Mee eens",TRUE,"Helemaal mee eens",TRUE,TRUE,TRUE,TRUE,TRUE,TRUE
4498,67,"65 tot 75 jaar",FALSE,TRUE,"Helemaal mee eens",TRUE,"Mee eens",TRUE,TRUE,TRUE,TRUE,TRUE,TRUE
4499,56,"55 tot 65 jaar",TRUE,TRUE,"Helemaal mee eens",TRUE,"Helemaal mee eens",TRUE,TRUE,TRUE,TRUE,TRUE,TRUE
4500,37,"35 tot 45 jaar",TRUE,TRUE,"Mee eens",TRUE,"Mee eens",TRUE,TRUE,FALSE,TRUE,TRUE,FALSE
4501,34,"25 tot 35 jaar",TRUE,TRUE,"Mee eens",TRUE,"Mee eens",TRUE,TRUE,TRUE,TRUE,TRUE,TRUE
4502,73,"65 tot 75 jaar",FALSE,TRUE,"Helemaal mee eens",TRUE,"Helemaal mee eens",TRUE,TRUE,TRUE,TRUE,TRUE,TRUE
4503,48,"45 tot 55 jaar",FALSE,TRUE,"Helemaal mee eens",TRUE,"Mee eens",TRUE,TRUE,TRUE,TRUE,TRUE,TRUE
4504,45,"45 tot 55 jaar",TRUE,TRUE,"Helemaal mee eens",TRUE,"Helemaal mee eens",TRUE,TRUE,TRUE,TRUE,TRUE,TRUE
4505,43,"35 tot 45 jaar",FALSE,FALSE,"Mee eens",TRUE,"Niet mee eens, niet mee oneens",FALSE,TRUE,TRUE,FALSE,FALSE,TRUE
4506,38,"35 tot 45 jaar",TRUE,TRUE,"Helemaal mee eens",TRUE,"Mee eens",TRUE,FALSE,FALSE,TRUE,TRUE,FALSE
4507,56,"55 tot 65 jaar",TRUE,TRUE,"Mee eens",TRUE,"Mee eens",TRUE,TRUE,TRUE,TRUE,TRUE,TRUE
4508,30,"25 tot 35 jaar",TRUE,TRUE,"Helemaal mee eens",TRUE,"Mee eens",TRUE,TRUE,TRUE,TRUE,TRUE,TRUE
4509,18,"18 tot 25 jaar",FALSE,TRUE,"Mee eens",TRUE,"Mee eens",TRUE,TRUE,FALSE,FALSE,TRUE,FALSE
4510,26,"25 tot 35 jaar",FALSE,TRUE,"Helemaal mee eens",TRUE,"Helemaal mee eens",TRUE,TRUE,TRUE,TRUE,TRUE,TRUE
4511,60,"55 tot 65 jaar",FALSE,TRUE,"Helemaal mee eens",TRUE,"Mee eens",TRUE,TRUE,TRUE,TRUE,TRUE,TRUE
4512,55,"55 tot 65 jaar",FALSE,TRUE,"Helemaal mee eens",TRUE,"Mee eens",TRUE,TRUE,TRUE,TRUE,TRUE,TRUE
4513,32,"25 tot 35 jaar",FALSE,TRUE,"Mee eens",TRUE,"Mee eens",TRUE,TRUE,TRUE,FALSE,FALSE,FALSE
4514,44,"35 tot 45 jaar",FALSE,TRUE,"Helemaal mee eens",TRUE,"Helemaal mee eens",TRUE,TRUE,TRUE,TRUE,TRUE,TRUE
4515,77,"75 jaar of ouder",TRUE,TRUE,"Mee eens",TRUE,"Niet mee eens, niet mee oneens",FALSE,TRUE,TRUE,FALSE,TRUE,TRUE
4516,45,"45 tot 55 jaar",TRUE,TRUE,"Helemaal mee eens",TRUE,"Mee eens",TRUE,TRUE,FALSE,TRUE,TRUE,TRUE
4517,76,"75 jaar of ouder",TRUE,TRUE,"Helemaal mee eens",TRUE,"Helemaal mee eens",TRUE,TRUE,TRUE,TRUE,TRUE,TRUE
4518,41,"35 tot 45 jaar",TRUE,TRUE,"Mee eens",TRUE,"Mee eens",TRUE,TRUE,TRUE,TRUE,TRUE,FALSE
4519,57,"55 tot 65 jaar",TRUE,TRUE,"Helemaal mee eens",TRUE,"Mee eens",TRUE,TRUE,TRUE,FALSE,TRUE,TRUE
4520,48,"45 tot 55 jaar",TRUE,TRUE,"Helemaal mee eens",TRUE,"Mee eens",TRUE,TRUE,TRUE,TRUE,TRUE,TRUE
4521,54,"45 tot 55 jaar",TRUE,TRUE,"Helemaal mee eens",TRUE,"Mee eens",TRUE,TRUE,TRUE,FALSE,TRUE,TRUE
4522,69,"65 tot 75 jaar",TRUE,TRUE,"Mee eens",TRUE,"Mee eens",TRUE,TRUE,FALSE,FALSE,TRUE,TRUE
4523,39,"35 tot 45 jaar",FALSE,TRUE,"Niet mee eens, niet mee oneens",FALSE,"Niet mee eens, niet mee oneens",FALSE,TRUE,TRUE,FALSE,FALSE,TRUE
4524,22,"18 tot 25 jaar",TRUE,TRUE,"Helemaal mee eens",TRUE,"Mee eens",TRUE,TRUE,TRUE,TRUE,TRUE,TRUE
4525,72,"65 tot 75 jaar",FALSE,TRUE,"Mee eens",TRUE,"Mee oneens",FALSE,TRUE,TRUE,TRUE,FALSE,FALSE
4526,57,"55 tot 65 jaar",FALSE,TRUE,"Helemaal mee eens",TRUE,"Mee eens",TRUE,TRUE,TRUE,TRUE,TRUE,TRUE
4527,75,"75 jaar of ouder",TRUE,TRUE,"Helemaal mee eens",TRUE,"Mee eens",TRUE,TRUE,TRUE,TRUE,TRUE,TRUE
4528,69,"65 tot 75 jaar",FALSE,TRUE,"Mee eens",TRUE,"Niet mee eens, niet mee oneens",FALSE,TRUE,TRUE,FALSE,TRUE,TRUE
4529,21,"18 tot 25 jaar",FALSE,TRUE,"Niet mee eens, niet mee oneens",FALSE,"Niet mee eens, niet mee oneens",FALSE,TRUE,TRUE,TRUE,FALSE,TRUE
4530,59,"55 tot 65 jaar",TRUE,TRUE,"Helemaal mee eens",TRUE,"Mee eens",TRUE,TRUE,TRUE,TRUE,TRUE,FALSE
4531,53,"45 tot 55 jaar",FALSE,TRUE,"Helemaal mee eens",TRUE,"Mee eens",TRUE,TRUE,TRUE,FALSE,TRUE,TRUE
4532,60,"55 tot 65 jaar",FALSE,TRUE,"Helemaal mee eens",TRUE,"Mee eens",TRUE,TRUE,TRUE,TRUE,TRUE,TRUE
4533,59,"55 tot 65 jaar",FALSE,TRUE,"Mee eens",TRUE,"Niet mee eens, niet mee oneens",FALSE,TRUE,TRUE,FALSE,TRUE,TRUE
4534,45,"45 tot 55 jaar",FALSE,TRUE,"Mee eens",TRUE,"Mee eens",TRUE,TRUE,FALSE,TRUE,TRUE,FALSE
4535,47,"45 tot 55 jaar",FALSE,TRUE,"Mee eens",TRUE,"Mee eens",TRUE,TRUE,TRUE,FALSE,TRUE,TRUE
4536,76,"75 jaar of ouder",TRUE,TRUE,"Mee eens",TRUE,"Mee eens",TRUE,TRUE,TRUE,TRUE,TRUE,TRUE
4537,70,"65 tot 75 jaar",FALSE,TRUE,"Mee eens",TRUE,"Niet mee eens, niet mee oneens",FALSE,TRUE,TRUE,TRUE,FALSE,FALSE
4538,29,"25 tot 35 jaar",TRUE,TRUE,"Mee eens",TRUE,"Mee eens",TRUE,TRUE,TRUE,FALSE,FALSE,FALSE
4539,23,"18 tot 25 jaar",TRUE,TRUE,"Mee eens",TRUE,"Niet mee eens, niet mee oneens",FALSE,TRUE,FALSE,FALSE,FALSE,FALSE
4540,32,"25 tot 35 jaar",FALSE,TRUE,"Helemaal mee eens",TRUE,"Mee eens",TRUE,TRUE,TRUE,TRUE,TRUE,TRUE
4541,74,"65 tot 75 jaar",FALSE,TRUE,"Mee eens",TRUE,"Mee oneens",FALSE,TRUE,TRUE,FALSE,TRUE,FALSE
4542,22,"18 tot 25 jaar",TRUE,TRUE,"Mee eens",TRUE,"Niet mee eens, niet mee oneens",FALSE,TRUE,FALSE,TRUE,FALSE,FALSE
4543,24,"18 tot 25 jaar",FALSE,TRUE,"Mee eens",TRUE,"Mee eens",TRUE,TRUE,TRUE,TRUE,TRUE,TRUE
4544,74,"65 tot 75 jaar",TRUE,TRUE,"Mee eens",TRUE,"Mee eens",TRUE,TRUE,TRUE,TRUE,TRUE,TRUE
4545,72,"65 tot 75 jaar",FALSE,TRUE,"Helemaal mee eens",TRUE,"Helemaal mee eens",TRUE,TRUE,TRUE,TRUE,TRUE,FALSE
4546,18,"18 tot 25 jaar",TRUE,TRUE,"Helemaal mee eens",TRUE,"Mee eens",TRUE,TRUE,TRUE,TRUE,TRUE,TRUE
4547,37,"35 tot 45 jaar",FALSE,TRUE,"Mee eens",TRUE,"Niet mee eens, niet mee oneens",FALSE,TRUE,TRUE,TRUE,FALSE,FALSE
4548,38,"35 tot 45 jaar",TRUE,TRUE,"Helemaal mee eens",TRUE,"Mee eens",TRUE,TRUE,TRUE,TRUE,TRUE,TRUE
4549,66,"65 tot 75 jaar",FALSE,TRUE,"Mee eens",TRUE,"Niet mee eens, niet mee oneens",FALSE,TRUE,TRUE,FALSE,TRUE,FALSE
4550,24,"18 tot 25 jaar",FALSE,TRUE,"Helemaal mee eens",TRUE,"Mee eens",TRUE,TRUE,TRUE,TRUE,TRUE,FALSE
4551,43,"35 tot 45 jaar",FALSE,TRUE,"Helemaal mee eens",TRUE,"Helemaal mee eens",TRUE,TRUE,TRUE,TRUE,TRUE,TRUE
4552,26,"25 tot 35 jaar",FALSE,FALSE,"Helemaal mee eens",TRUE,"Mee eens",TRUE,TRUE,TRUE,TRUE,TRUE,TRUE
4553,26,"25 tot 35 jaar",FALSE,TRUE,"Mee eens",TRUE,"Mee eens",TRUE,TRUE,TRUE,TRUE,FALSE,TRUE
4554,33,"25 tot 35 jaar",FALSE,TRUE,"Helemaal mee eens",TRUE,"Mee eens",TRUE,TRUE,TRUE,TRUE,TRUE,TRUE
4555,49,"45 tot 55 jaar",FALSE,TRUE,"Helemaal mee eens",TRUE,"Niet mee eens, niet mee oneens",FALSE,TRUE,FALSE,TRUE,TRUE,TRUE
4556,25,"25 tot 35 jaar",FALSE,TRUE,"Helemaal mee eens",TRUE,"Niet mee eens, niet mee oneens",FALSE,TRUE,TRUE,TRUE,TRUE,TRUE
4557,53,"45 tot 55 jaar",FALSE,FALSE,"Helemaal mee eens",TRUE,"Helemaal mee eens",TRUE,TRUE,TRUE,TRUE,TRUE,TRUE
4558,57,"55 tot 65 jaar",FALSE,TRUE,"Mee eens",TRUE,"Niet mee eens, niet mee oneens",FALSE,TRUE,FALSE,TRUE,FALSE,TRUE
4559,67,"65 tot 75 jaar",FALSE,TRUE,"Niet mee eens, niet mee oneens",FALSE,"Mee oneens",FALSE,FALSE,FALSE,FALSE,FALSE,FALSE
4560,68,"65 tot 75 jaar",FALSE,TRUE,"Mee eens",TRUE,"Niet mee eens, niet mee oneens",FALSE,TRUE,FALSE,TRUE,FALSE,FALSE
4561,78,"75 jaar of ouder",FALSE,TRUE,"Niet mee eens, niet mee oneens",FALSE,"Niet mee eens, niet mee oneens",FALSE,FALSE,TRUE,FALSE,FALSE,FALSE
4562,36,"35 tot 45 jaar",TRUE,TRUE,"Mee eens",TRUE,"Mee eens",TRUE,TRUE,TRUE,TRUE,TRUE,TRUE
4563,39,"35 tot 45 jaar",TRUE,TRUE,"Niet mee eens, niet mee oneens",FALSE,"Mee eens",TRUE,TRUE,TRUE,TRUE,TRUE,TRUE
4564,61,"55 tot 65 jaar",FALSE,TRUE,"Helemaal mee eens",TRUE,"Helemaal mee eens",TRUE,TRUE,TRUE,TRUE,TRUE,TRUE
4565,27,"25 tot 35 jaar",FALSE,TRUE,"Mee eens",TRUE,"Helemaal mee eens",TRUE,TRUE,TRUE,TRUE,TRUE,FALSE
4566,31,"25 tot 35 jaar",TRUE,TRUE,"Mee eens",TRUE,"Mee eens",TRUE,TRUE,TRUE,TRUE,TRUE,FALSE
4567,29,"25 tot 35 jaar",TRUE,TRUE,"Mee eens",TRUE,"Niet mee eens, niet mee oneens",FALSE,TRUE,TRUE,TRUE,FALSE,TRUE
4568,86,"75 jaar of ouder",TRUE,TRUE,"Mee eens",TRUE,"Mee eens",TRUE,TRUE,TRUE,TRUE,FALSE,TRUE
4569,21,"18 tot 25 jaar",FALSE,TRUE,"Helemaal mee oneens",FALSE,"Niet mee eens, niet mee oneens",FALSE,FALSE,FALSE,FALSE,FALSE,FALSE
4570,18,"18 tot 25 jaar",FALSE,TRUE,"Helemaal mee eens",TRUE,"Niet mee eens, niet mee oneens",FALSE,TRUE,TRUE,TRUE,TRUE,TRUE
4571,23,"18 tot 25 jaar",FALSE,TRUE,"Helemaal mee eens",TRUE,"Helemaal mee eens",TRUE,TRUE,TRUE,TRUE,TRUE,TRUE
4572,47,"45 tot 55 jaar",TRUE,FALSE,"Niet mee eens, niet mee oneens",FALSE,"Niet mee eens, niet mee oneens",FALSE,FALSE,TRUE,FALSE,FALSE,FALSE
4573,64,"55 tot 65 jaar",FALSE,TRUE,"Helemaal mee oneens",FALSE,"Helemaal mee oneens",FALSE,TRUE,FALSE,FALSE,FALSE,FALSE
4574,45,"45 tot 55 jaar",TRUE,TRUE,"Helemaal mee eens",TRUE,"Mee eens",TRUE,TRUE,FALSE,TRUE,TRUE,FALSE
4575,19,"18 tot 25 jaar",FALSE,TRUE,"Helemaal mee eens",TRUE,"Niet mee eens, niet mee oneens",FALSE,TRUE,TRUE,TRUE,TRUE,FALSE
4576,34,"25 tot 35 jaar",FALSE,TRUE,"Helemaal mee eens",TRUE,"Helemaal mee eens",TRUE,TRUE,TRUE,TRUE,TRUE,TRUE
4577,90,"75 jaar of ouder",TRUE,TRUE,"Mee eens",TRUE,"Mee eens",TRUE,TRUE,TRUE,FALSE,TRUE,FALSE
4578,39,"35 tot 45 jaar",TRUE,TRUE,"Mee eens",TRUE,"Mee eens",TRUE,TRUE,TRUE,TRUE,TRUE,FALSE
4579,67,"65 tot 75 jaar",FALSE,TRUE,"Mee eens",TRUE,"Niet mee eens, niet mee oneens",FALSE,TRUE,TRUE,TRUE,TRUE,TRUE
4580,71,"65 tot 75 jaar",FALSE,TRUE,"Helemaal mee eens",TRUE,"Mee eens",TRUE,FALSE,TRUE,TRUE,TRUE,TRUE
4581,34,"25 tot 35 jaar",FALSE,TRUE,"Helemaal mee eens",TRUE,"Mee eens",TRUE,TRUE,TRUE,TRUE,TRUE,TRUE
4582,88,"75 jaar of ouder",TRUE,TRUE,"Mee eens",TRUE,"Mee eens",TRUE,TRUE,TRUE,TRUE,TRUE,TRUE
4583,59,"55 tot 65 jaar",FALSE,TRUE,"Niet mee eens, niet mee oneens",FALSE,"Mee eens",TRUE,TRUE,FALSE,FALSE,TRUE,FALSE
4584,67,"65 tot 75 jaar",TRUE,TRUE,"Mee eens",TRUE,"Mee eens",TRUE,TRUE,FALSE,TRUE,TRUE,TRUE
4585,19,"18 tot 25 jaar",FALSE,TRUE,"Niet mee eens, niet mee oneens",FALSE,"Mee oneens",FALSE,TRUE,FALSE,FALSE,FALSE,FALSE
4586,46,"45 tot 55 jaar",FALSE,TRUE,"Helemaal mee eens",TRUE,"Niet mee eens, niet mee oneens",FALSE,TRUE,TRUE,TRUE,TRUE,TRUE
4587,29,"25 tot 35 jaar",TRUE,TRUE,"Helemaal mee eens",TRUE,"Mee eens",TRUE,TRUE,TRUE,TRUE,FALSE,FALSE
4588,50,"45 tot 55 jaar",FALSE,TRUE,"Helemaal mee eens",TRUE,"Niet mee eens, niet mee oneens",FALSE,TRUE,TRUE,TRUE,TRUE,TRUE
4589,24,"18 tot 25 jaar",FALSE,TRUE,"Mee eens",TRUE,"Niet mee eens, niet mee oneens",FALSE,FALSE,TRUE,FALSE,FALSE,FALSE
4590,66,"65 tot 75 jaar",TRUE,TRUE,"Helemaal mee eens",TRUE,"Helemaal mee eens",TRUE,TRUE,TRUE,TRUE,TRUE,TRUE
4591,38,"35 tot 45 jaar",TRUE,TRUE,"Mee eens",TRUE,"Mee eens",TRUE,TRUE,FALSE,FALSE,TRUE,TRUE
4592,23,"18 tot 25 jaar",FALSE,TRUE,"Mee oneens",FALSE,"Mee eens",TRUE,TRUE,TRUE,FALSE,FALSE,FALSE
4593,54,"45 tot 55 jaar",TRUE,TRUE,"Mee eens",TRUE,"Mee eens",TRUE,TRUE,TRUE,FALSE,TRUE,TRUE
4594,57,"55 tot 65 jaar",TRUE,TRUE,"Mee eens",TRUE,"Mee eens",TRUE,TRUE,FALSE,FALSE,TRUE,FALSE
4595,50,"45 tot 55 jaar",TRUE,TRUE,"Helemaal mee eens",TRUE,"Helemaal mee eens",TRUE,TRUE,TRUE,TRUE,TRUE,TRUE
4596,70,"65 tot 75 jaar",FALSE,TRUE,"Mee eens",TRUE,"Mee oneens",FALSE,FALSE,FALSE,TRUE,FALSE,FALSE
4597,49,"45 tot 55 jaar",TRUE,TRUE,"Mee eens",TRUE,"Niet mee eens, niet mee oneens",FALSE,TRUE,TRUE,TRUE,TRUE,TRUE
4598,64,"55 tot 65 jaar",TRUE,TRUE,"Mee eens",TRUE,"Mee eens",TRUE,TRUE,TRUE,TRUE,TRUE,TRUE
4599,32,"25 tot 35 jaar",FALSE,TRUE,"Mee eens",TRUE,"Helemaal mee eens",TRUE,TRUE,TRUE,TRUE,TRUE,TRUE
4600,27,"25 tot 35 jaar",TRUE,TRUE,"Helemaal mee eens",TRUE,"Helemaal mee eens",TRUE,TRUE,TRUE,TRUE,TRUE,TRUE
4601,69,"65 tot 75 jaar",TRUE,TRUE,"Mee eens",TRUE,"Niet mee eens, niet mee oneens",FALSE,TRUE,TRUE,TRUE,FALSE,TRUE
4602,24,"18 tot 25 jaar",FALSE,TRUE,"Mee eens",TRUE,"Niet mee eens, niet mee oneens",FALSE,TRUE,FALSE,TRUE,FALSE,FALSE
4603,47,"45 tot 55 jaar",TRUE,TRUE,"Mee eens",TRUE,"Helemaal mee eens",TRUE,TRUE,TRUE,TRUE,TRUE,FALSE
4604,69,"65 tot 75 jaar",TRUE,TRUE,"Helemaal mee eens",TRUE,"Helemaal mee eens",TRUE,TRUE,TRUE,TRUE,TRUE,TRUE
4605,47,"45 tot 55 jaar",FALSE,TRUE,"Helemaal mee eens",TRUE,"Helemaal mee eens",TRUE,TRUE,TRUE,TRUE,TRUE,TRUE
4606,66,"65 tot 75 jaar",FALSE,FALSE,"Helemaal mee eens",TRUE,"Niet mee eens, niet mee oneens",FALSE,TRUE,TRUE,FALSE,FALSE,FALSE
4607,30,"25 tot 35 jaar",FALSE,TRUE,"Helemaal mee eens",TRUE,"Mee eens",TRUE,TRUE,TRUE,TRUE,TRUE,TRUE
4608,69,"65 tot 75 jaar",FALSE,TRUE,"Mee eens",TRUE,"Niet mee eens, niet mee oneens",FALSE,TRUE,TRUE,TRUE,FALSE,FALSE
4609,64,"55 tot 65 jaar",TRUE,TRUE,"Mee oneens",FALSE,"Helemaal mee oneens",FALSE,TRUE,TRUE,FALSE,FALSE,FALSE
4610,37,"35 tot 45 jaar",FALSE,TRUE,"Helemaal mee eens",TRUE,"Mee eens",TRUE,TRUE,TRUE,TRUE,TRUE,TRUE
4611,53,"45 tot 55 jaar",TRUE,TRUE,"Helemaal mee eens",TRUE,"Mee eens",TRUE,TRUE,TRUE,TRUE,TRUE,TRUE
4612,89,"75 jaar of ouder",FALSE,TRUE,"Mee eens",TRUE,"Mee oneens",FALSE,TRUE,TRUE,FALSE,FALSE,TRUE
4613,50,"45 tot 55 jaar",TRUE,TRUE,"Helemaal mee eens",TRUE,"Mee eens",TRUE,TRUE,TRUE,TRUE,TRUE,FALSE
4614,41,"35 tot 45 jaar",TRUE,TRUE,"Mee eens",TRUE,"Mee eens",TRUE,TRUE,FALSE,TRUE,FALSE,TRUE
4615,59,"55 tot 65 jaar",TRUE,TRUE,"Mee eens",TRUE,"Mee eens",TRUE,TRUE,FALSE,TRUE,TRUE,TRUE
4616,33,"25 tot 35 jaar",FALSE,TRUE,"Mee eens",TRUE,"Mee oneens",FALSE,TRUE,TRUE,FALSE,TRUE,TRUE
4617,79,"75 jaar of ouder",TRUE,TRUE,"Helemaal mee eens",TRUE,"Helemaal mee eens",TRUE,TRUE,TRUE,TRUE,TRUE,TRUE
4618,58,"55 tot 65 jaar",TRUE,TRUE,"Mee eens",TRUE,"Mee oneens",FALSE,TRUE,TRUE,TRUE,TRUE,TRUE
4619,21,"18 tot 25 jaar",FALSE,TRUE,"Helemaal mee eens",TRUE,"Mee eens",TRUE,TRUE,TRUE,TRUE,TRUE,TRUE
4620,55,"55 tot 65 jaar",TRUE,TRUE,"Mee eens",TRUE,"Helemaal mee oneens",FALSE,TRUE,TRUE,TRUE,TRUE,TRUE
4621,25,"25 tot 35 jaar",FALSE,TRUE,"Helemaal mee eens",TRUE,"Mee eens",TRUE,TRUE,TRUE,TRUE,TRUE,TRUE
4622,48,"45 tot 55 jaar",FALSE,TRUE,"Helemaal mee eens",TRUE,"Helemaal mee eens",TRUE,TRUE,TRUE,TRUE,TRUE,TRUE
4623,59,"55 tot 65 jaar",TRUE,TRUE,"Mee eens",TRUE,"Mee eens",TRUE,TRUE,FALSE,FALSE,TRUE,TRUE
4624,28,"25 tot 35 jaar",FALSE,TRUE,"Helemaal mee eens",TRUE,"Helemaal mee eens",TRUE,TRUE,TRUE,TRUE,TRUE,TRUE
4625,49,"45 tot 55 jaar",FALSE,TRUE,"Helemaal mee eens",TRUE,"Mee eens",TRUE,TRUE,TRUE,TRUE,TRUE,TRUE
4626,83,"75 jaar of ouder",FALSE,TRUE,"Helemaal mee eens",TRUE,"Mee eens",TRUE,TRUE,TRUE,TRUE,TRUE,TRUE
4627,61,"55 tot 65 jaar",TRUE,TRUE,"Mee eens",TRUE,"Mee eens",TRUE,TRUE,TRUE,TRUE,TRUE,TRUE
4628,74,"65 tot 75 jaar",TRUE,TRUE,"Helemaal mee eens",TRUE,"Mee eens",TRUE,TRUE,TRUE,TRUE,TRUE,FALSE
4629,73,"65 tot 75 jaar",FALSE,TRUE,"Niet mee eens, niet mee oneens",FALSE,"Mee oneens",FALSE,TRUE,FALSE,TRUE,FALSE,FALSE
4630,18,"18 tot 25 jaar",FALSE,TRUE,"Helemaal mee eens",TRUE,"Helemaal mee eens",TRUE,TRUE,TRUE,TRUE,TRUE,TRUE
4631,46,"45 tot 55 jaar",TRUE,TRUE,"Mee eens",TRUE,"Mee eens",TRUE,TRUE,TRUE,TRUE,TRUE,TRUE
4632,73,"65 tot 75 jaar",TRUE,TRUE,"Helemaal mee eens",TRUE,"Mee eens",TRUE,TRUE,TRUE,TRUE,TRUE,FALSE
4633,80,"75 jaar of ouder",FALSE,TRUE,"Helemaal mee eens",TRUE,"Mee eens",TRUE,TRUE,TRUE,TRUE,TRUE,TRUE
4634,46,"45 tot 55 jaar",TRUE,TRUE,"Helemaal mee eens",TRUE,"Helemaal mee eens",TRUE,TRUE,TRUE,TRUE,TRUE,TRUE
4635,53,"45 tot 55 jaar",FALSE,TRUE,"Mee eens",TRUE,"Mee eens",TRUE,TRUE,TRUE,TRUE,TRUE,FALSE
4636,46,"45 tot 55 jaar",FALSE,TRUE,"Niet mee eens, niet mee oneens",FALSE,"Mee eens",TRUE,TRUE,FALSE,TRUE,FALSE,FALSE
4637,76,"75 jaar of ouder",FALSE,TRUE,"Mee eens",TRUE,"Niet mee eens, niet mee oneens",FALSE,TRUE,FALSE,TRUE,FALSE,TRUE
4638,35,"35 tot 45 jaar",TRUE,TRUE,"Helemaal mee eens",TRUE,"Helemaal mee eens",TRUE,TRUE,TRUE,TRUE,TRUE,TRUE
4639,34,"25 tot 35 jaar",FALSE,TRUE,"Helemaal mee eens",TRUE,"Mee eens",TRUE,TRUE,TRUE,FALSE,TRUE,FALSE
4640,40,"35 tot 45 jaar",TRUE,TRUE,"Mee eens",TRUE,"Mee eens",TRUE,FALSE,FALSE,TRUE,FALSE,FALSE
4641,25,"25 tot 35 jaar",FALSE,TRUE,"Niet mee eens, niet mee oneens",FALSE,"Mee eens",TRUE,TRUE,TRUE,TRUE,TRUE,TRUE
4642,65,"65 tot 75 jaar",TRUE,TRUE,"Mee eens",TRUE,"Mee eens",TRUE,TRUE,TRUE,TRUE,TRUE,TRUE
4643,83,"75 jaar of ouder",FALSE,TRUE,"Helemaal mee oneens",FALSE,"Helemaal mee oneens",FALSE,FALSE,FALSE,FALSE,FALSE,FALSE
4644,47,"45 tot 55 jaar",TRUE,FALSE,"Helemaal mee eens",TRUE,"Niet mee eens, niet mee oneens",FALSE,TRUE,TRUE,TRUE,TRUE,TRUE
4645,44,"35 tot 45 jaar",FALSE,TRUE,"Helemaal mee eens",TRUE,"Mee eens",TRUE,FALSE,TRUE,TRUE,TRUE,TRUE
4646,60,"55 tot 65 jaar",TRUE,TRUE,"Mee eens",TRUE,"Mee eens",TRUE,TRUE,FALSE,FALSE,TRUE,TRUE
4647,24,"18 tot 25 jaar",TRUE,TRUE,"Mee eens",TRUE,"Niet mee eens, niet mee oneens",FALSE,TRUE,TRUE,TRUE,TRUE,FALSE
4648,49,"45 tot 55 jaar",FALSE,TRUE,"Mee eens",TRUE,"Helemaal mee eens",TRUE,TRUE,TRUE,TRUE,TRUE,TRUE
4649,26,"25 tot 35 jaar",TRUE,TRUE,"Helemaal mee eens",TRUE,"Helemaal mee eens",TRUE,TRUE,TRUE,TRUE,TRUE,TRUE
4650,57,"55 tot 65 jaar",TRUE,TRUE,"Mee eens",TRUE,"Niet mee eens, niet mee oneens",FALSE,TRUE,TRUE,TRUE,TRUE,FALSE
4651,71,"65 tot 75 jaar",TRUE,TRUE,"Helemaal mee eens",TRUE,"Helemaal mee eens",TRUE,TRUE,TRUE,TRUE,TRUE,TRUE
4652,18,"18 tot 25 jaar",FALSE,TRUE,"Helemaal mee eens",TRUE,"Mee eens",TRUE,TRUE,FALSE,FALSE,TRUE,TRUE
4653,70,"65 tot 75 jaar",FALSE,TRUE,"Mee eens",TRUE,"Niet mee eens, niet mee oneens",FALSE,TRUE,TRUE,TRUE,FALSE,TRUE
4654,23,"18 tot 25 jaar",FALSE,TRUE,"Helemaal mee eens",TRUE,"Helemaal mee eens",TRUE,TRUE,TRUE,TRUE,TRUE,TRUE
4655,43,"35 tot 45 jaar",TRUE,TRUE,"Mee eens",TRUE,"Mee eens",TRUE,TRUE,TRUE,FALSE,FALSE,FALSE
4656,88,"75 jaar of ouder",TRUE,TRUE,"Mee eens",TRUE,"Niet mee eens, niet mee oneens",FALSE,TRUE,TRUE,FALSE,FALSE,FALSE
4657,47,"45 tot 55 jaar",FALSE,TRUE,"Helemaal mee eens",TRUE,"Helemaal mee eens",TRUE,TRUE,TRUE,TRUE,TRUE,TRUE
4658,54,"45 tot 55 jaar",TRUE,TRUE,"Helemaal mee eens",TRUE,"Helemaal mee eens",TRUE,TRUE,TRUE,TRUE,TRUE,TRUE
4659,86,"75 jaar of ouder",FALSE,TRUE,"Helemaal mee eens",TRUE,"Mee eens",TRUE,FALSE,TRUE,TRUE,TRUE,TRUE
4660,66,"65 tot 75 jaar",FALSE,TRUE,"Niet mee eens, niet mee oneens",FALSE,"Niet mee eens, niet mee oneens",FALSE,FALSE,FALSE,FALSE,FALSE,TRUE
4661,33,"25 tot 35 jaar",FALSE,TRUE,"Helemaal mee eens",TRUE,"Mee eens",TRUE,TRUE,TRUE,TRUE,TRUE,TRUE
4662,38,"35 tot 45 jaar",FALSE,TRUE,"Mee eens",TRUE,"Niet mee eens, niet mee oneens",FALSE,TRUE,FALSE,TRUE,TRUE,TRUE
4663,54,"45 tot 55 jaar",FALSE,TRUE,"Helemaal mee eens",TRUE,"Helemaal mee eens",TRUE,TRUE,TRUE,TRUE,TRUE,TRUE
4664,35,"35 tot 45 jaar",FALSE,TRUE,"Helemaal mee eens",TRUE,"Mee eens",TRUE,FALSE,TRUE,TRUE,TRUE,TRUE
4665,52,"45 tot 55 jaar",FALSE,TRUE,"Mee eens",TRUE,"Mee eens",TRUE,TRUE,TRUE,TRUE,TRUE,TRUE
4666,41,"35 tot 45 jaar",TRUE,TRUE,"Helemaal mee eens",TRUE,"Mee eens",TRUE,TRUE,TRUE,TRUE,TRUE,TRUE
4667,59,"55 tot 65 jaar",FALSE,TRUE,"Mee eens",TRUE,"Niet mee eens, niet mee oneens",FALSE,TRUE,TRUE,TRUE,FALSE,TRUE
4668,50,"45 tot 55 jaar",TRUE,TRUE,"Mee eens",TRUE,"Mee eens",TRUE,TRUE,TRUE,TRUE,TRUE,TRUE
4669,43,"35 tot 45 jaar",FALSE,TRUE,"Helemaal mee eens",TRUE,"Helemaal mee eens",TRUE,TRUE,TRUE,TRUE,TRUE,TRUE
4670,77,"75 jaar of ouder",TRUE,TRUE,"Helemaal mee eens",TRUE,"Helemaal mee eens",TRUE,TRUE,TRUE,TRUE,TRUE,TRUE
4671,58,"55 tot 65 jaar",FALSE,TRUE,"Mee eens",TRUE,"Mee eens",TRUE,TRUE,TRUE,TRUE,TRUE,TRUE
4672,73,"65 tot 75 jaar",FALSE,TRUE,"Mee eens",TRUE,"Mee eens",TRUE,TRUE,FALSE,TRUE,TRUE,FALSE
4673,77,"75 jaar of ouder",TRUE,TRUE,"Helemaal mee eens",TRUE,"Helemaal mee eens",TRUE,TRUE,FALSE,TRUE,TRUE,TRUE
4674,47,"45 tot 55 jaar",TRUE,TRUE,"Mee eens",TRUE,"Mee eens",TRUE,TRUE,FALSE,FALSE,TRUE,TRUE
4675,44,"35 tot 45 jaar",TRUE,FALSE,"Helemaal mee eens",TRUE,"Mee eens",TRUE,TRUE,TRUE,TRUE,TRUE,TRUE
4676,45,"45 tot 55 jaar",FALSE,TRUE,"Helemaal mee eens",TRUE,"Helemaal mee eens",TRUE,TRUE,TRUE,TRUE,TRUE,TRUE
4677,40,"35 tot 45 jaar",TRUE,TRUE,"Mee eens",TRUE,"Mee eens",TRUE,TRUE,TRUE,TRUE,TRUE,TRUE
4678,54,"45 tot 55 jaar",FALSE,TRUE,"Niet mee eens, niet mee oneens",FALSE,"Mee eens",TRUE,TRUE,FALSE,FALSE,TRUE,FALSE
4679,34,"25 tot 35 jaar",TRUE,TRUE,"Mee eens",TRUE,"Mee eens",TRUE,TRUE,TRUE,TRUE,TRUE,TRUE
4680,63,"55 tot 65 jaar",TRUE,TRUE,"Helemaal mee eens",TRUE,"Helemaal mee eens",TRUE,TRUE,TRUE,TRUE,TRUE,TRUE
4681,52,"45 tot 55 jaar",TRUE,TRUE,"Helemaal mee eens",TRUE,"Helemaal mee eens",TRUE,TRUE,TRUE,TRUE,TRUE,TRUE
4682,82,"75 jaar of ouder",TRUE,TRUE,"Helemaal mee eens",TRUE,"Mee eens",TRUE,TRUE,TRUE,TRUE,TRUE,TRUE
4683,23,"18 tot 25 jaar",FALSE,TRUE,"Helemaal mee eens",TRUE,"Helemaal mee eens",TRUE,TRUE,FALSE,TRUE,TRUE,TRUE
4684,31,"25 tot 35 jaar",FALSE,TRUE,"Niet mee eens, niet mee oneens",FALSE,"Mee eens",TRUE,FALSE,TRUE,TRUE,FALSE,TRUE
4685,21,"18 tot 25 jaar",FALSE,TRUE,"Mee eens",TRUE,"Helemaal mee eens",TRUE,TRUE,TRUE,TRUE,TRUE,TRUE
4686,39,"35 tot 45 jaar",FALSE,FALSE,"Mee eens",TRUE,"Helemaal mee eens",TRUE,TRUE,TRUE,TRUE,TRUE,TRUE
4687,62,"55 tot 65 jaar",TRUE,TRUE,"Helemaal mee eens",TRUE,"Helemaal mee eens",TRUE,TRUE,TRUE,TRUE,TRUE,TRUE
4688,49,"45 tot 55 jaar",FALSE,TRUE,"Helemaal mee eens",TRUE,"Niet mee eens, niet mee oneens",FALSE,TRUE,TRUE,TRUE,TRUE,TRUE
4689,64,"55 tot 65 jaar",TRUE,TRUE,"Niet mee eens, niet mee oneens",FALSE,"Mee oneens",FALSE,TRUE,FALSE,FALSE,FALSE,FALSE
4690,43,"35 tot 45 jaar",FALSE,TRUE,"Niet mee eens, niet mee oneens",FALSE,"Niet mee eens, niet mee oneens",FALSE,TRUE,FALSE,FALSE,FALSE,FALSE
4691,68,"65 tot 75 jaar",FALSE,TRUE,"Mee eens",TRUE,"Mee eens",TRUE,TRUE,TRUE,TRUE,TRUE,TRUE
4692,59,"55 tot 65 jaar",FALSE,TRUE,"Helemaal mee eens",TRUE,"Helemaal mee eens",TRUE,TRUE,TRUE,TRUE,TRUE,TRUE
4693,45,"45 tot 55 jaar",FALSE,TRUE,"Mee eens",TRUE,"Niet mee eens, niet mee oneens",FALSE,TRUE,TRUE,TRUE,TRUE,TRUE
4694,34,"25 tot 35 jaar",FALSE,TRUE,"Mee eens",TRUE,"Niet mee eens, niet mee oneens",FALSE,TRUE,TRUE,FALSE,FALSE,TRUE
4695,59,"55 tot 65 jaar",TRUE,TRUE,"Helemaal mee eens",TRUE,"Helemaal mee eens",TRUE,TRUE,TRUE,TRUE,TRUE,TRUE
4696,42,"35 tot 45 jaar",TRUE,TRUE,"Helemaal mee eens",TRUE,"Helemaal mee eens",TRUE,TRUE,TRUE,TRUE,TRUE,TRUE
4697,38,"35 tot 45 jaar",TRUE,FALSE,"Helemaal mee eens",TRUE,"Mee eens",TRUE,TRUE,TRUE,TRUE,TRUE,TRUE
4698,34,"25 tot 35 jaar",TRUE,FALSE,"Mee eens",TRUE,"Niet mee eens, niet mee oneens",FALSE,TRUE,FALSE,TRUE,FALSE,FALSE
4699,54,"45 tot 55 jaar",TRUE,TRUE,"Mee eens",TRUE,"Mee eens",TRUE,TRUE,TRUE,TRUE,TRUE,TRUE
4700,27,"25 tot 35 jaar",TRUE,TRUE,"Helemaal mee eens",TRUE,"Helemaal mee eens",TRUE,TRUE,TRUE,TRUE,TRUE,TRUE
4701,74,"65 tot 75 jaar",TRUE,TRUE,"Mee eens",TRUE,"Niet mee eens, niet mee oneens",FALSE,FALSE,FALSE,TRUE,TRUE,TRUE
4702,59,"55 tot 65 jaar",TRUE,TRUE,"Mee eens",TRUE,"Mee eens",TRUE,TRUE,FALSE,TRUE,TRUE,TRUE
4703,43,"35 tot 45 jaar",FALSE,FALSE,"Mee eens",TRUE,"Niet mee eens, niet mee oneens",FALSE,TRUE,TRUE,TRUE,FALSE,FALSE
4704,41,"35 tot 45 jaar",FALSE,TRUE,"Mee eens",TRUE,"Niet mee eens, niet mee oneens",FALSE,TRUE,TRUE,FALSE,TRUE,TRUE
4705,57,"55 tot 65 jaar",TRUE,TRUE,"Mee eens",TRUE,"Mee eens",TRUE,TRUE,TRUE,TRUE,TRUE,TRUE
4706,31,"25 tot 35 jaar",FALSE,TRUE,"Helemaal mee eens",TRUE,"Helemaal mee eens",TRUE,TRUE,TRUE,TRUE,TRUE,TRUE
4707,70,"65 tot 75 jaar",FALSE,TRUE,"Mee eens",TRUE,"Mee eens",TRUE,TRUE,TRUE,TRUE,TRUE,TRUE
4708,28,"25 tot 35 jaar",TRUE,TRUE,"Helemaal mee eens",TRUE,"Helemaal mee eens",TRUE,TRUE,TRUE,TRUE,TRUE,TRUE
4709,62,"55 tot 65 jaar",FALSE,TRUE,"Helemaal mee eens",TRUE,"Mee eens",TRUE,TRUE,TRUE,TRUE,TRUE,TRUE
4710,45,"45 tot 55 jaar",TRUE,TRUE,"Mee eens",TRUE,"Helemaal mee eens",TRUE,TRUE,TRUE,TRUE,TRUE,TRUE
4711,32,"25 tot 35 jaar",FALSE,TRUE,"Helemaal mee oneens",FALSE,"Helemaal mee oneens",FALSE,FALSE,FALSE,FALSE,FALSE,FALSE
4712,57,"55 tot 65 jaar",TRUE,TRUE,"Mee eens",TRUE,"Mee eens",TRUE,FALSE,FALSE,FALSE,TRUE,TRUE
4713,41,"35 tot 45 jaar",FALSE,TRUE,"Mee eens",TRUE,"Mee eens",TRUE,TRUE,TRUE,TRUE,TRUE,TRUE
4714,46,"45 tot 55 jaar",FALSE,TRUE,"Niet mee eens, niet mee oneens",FALSE,"Mee oneens",FALSE,FALSE,FALSE,TRUE,FALSE,FALSE
4715,52,"45 tot 55 jaar",FALSE,TRUE,"Helemaal mee eens",TRUE,"Mee eens",TRUE,TRUE,TRUE,TRUE,TRUE,TRUE
4716,44,"35 tot 45 jaar",FALSE,TRUE,"Helemaal mee eens",TRUE,"Niet mee eens, niet mee oneens",FALSE,TRUE,FALSE,TRUE,TRUE,TRUE
4717,23,"18 tot 25 jaar",TRUE,TRUE,"Mee eens",TRUE,"Mee eens",TRUE,FALSE,TRUE,TRUE,TRUE,FALSE
4718,85,"75 jaar of ouder",FALSE,TRUE,"Helemaal mee eens",TRUE,"Helemaal mee eens",TRUE,TRUE,TRUE,TRUE,TRUE,TRUE
4719,31,"25 tot 35 jaar",TRUE,TRUE,"Helemaal mee eens",TRUE,"Helemaal mee eens",TRUE,TRUE,TRUE,TRUE,TRUE,FALSE
4720,42,"35 tot 45 jaar",FALSE,TRUE,"Mee eens",TRUE,"Mee eens",TRUE,TRUE,TRUE,TRUE,TRUE,TRUE
4721,48,"45 tot 55 jaar",FALSE,TRUE,"Mee eens",TRUE,"Niet mee eens, niet mee oneens",FALSE,TRUE,FALSE,TRUE,TRUE,FALSE
4722,57,"55 tot 65 jaar",TRUE,TRUE,"Mee eens",TRUE,"Mee eens",TRUE,TRUE,FALSE,FALSE,TRUE,FALSE
4723,49,"45 tot 55 jaar",TRUE,TRUE,"Helemaal mee eens",TRUE,"Mee eens",TRUE,TRUE,TRUE,TRUE,TRUE,TRUE
4724,86,"75 jaar of ouder",FALSE,TRUE,"Mee eens",TRUE,"Niet mee eens, niet mee oneens",FALSE,TRUE,TRUE,TRUE,FALSE,TRUE
4725,36,"35 tot 45 jaar",FALSE,TRUE,"Mee eens",TRUE,"Helemaal mee eens",TRUE,TRUE,FALSE,TRUE,TRUE,TRUE
4726,56,"55 tot 65 jaar",TRUE,TRUE,"Helemaal mee eens",TRUE,"Helemaal mee eens",TRUE,TRUE,TRUE,TRUE,TRUE,TRUE
4727,53,"45 tot 55 jaar",TRUE,TRUE,"Mee eens",TRUE,"Mee eens",TRUE,TRUE,TRUE,TRUE,TRUE,TRUE
4728,66,"65 tot 75 jaar",TRUE,TRUE,"Mee eens",TRUE,"Mee eens",TRUE,TRUE,TRUE,TRUE,TRUE,TRUE
4729,38,"35 tot 45 jaar",TRUE,TRUE,"Mee eens",TRUE,"Niet mee eens, niet mee oneens",FALSE,TRUE,FALSE,TRUE,TRUE,TRUE
4730,32,"25 tot 35 jaar",TRUE,TRUE,"Helemaal mee eens",TRUE,"Mee eens",TRUE,TRUE,TRUE,TRUE,TRUE,TRUE
4731,48,"45 tot 55 jaar",FALSE,TRUE,"Mee eens",TRUE,"Mee eens",TRUE,TRUE,TRUE,TRUE,TRUE,TRUE
4732,34,"25 tot 35 jaar",TRUE,TRUE,"Helemaal mee eens",TRUE,"Mee eens",TRUE,TRUE,TRUE,TRUE,TRUE,TRUE
4733,45,"45 tot 55 jaar",TRUE,TRUE,"Helemaal mee eens",TRUE,"Mee eens",TRUE,TRUE,TRUE,TRUE,TRUE,TRUE
4734,63,"55 tot 65 jaar",FALSE,TRUE,"Helemaal mee eens",TRUE,"Niet mee eens, niet mee oneens",FALSE,TRUE,TRUE,TRUE,FALSE,TRUE
4735,21,"18 tot 25 jaar",FALSE,TRUE,"Helemaal mee eens",TRUE,"Helemaal mee eens",TRUE,TRUE,TRUE,TRUE,TRUE,TRUE
4736,70,"65 tot 75 jaar",FALSE,TRUE,"Mee oneens",FALSE,"Niet mee eens, niet mee oneens",FALSE,TRUE,FALSE,FALSE,FALSE,TRUE
4737,20,"18 tot 25 jaar",FALSE,TRUE,"Mee eens",TRUE,"Niet mee eens, niet mee oneens",FALSE,TRUE,TRUE,TRUE,FALSE,TRUE
4738,35,"35 tot 45 jaar",TRUE,TRUE,"Helemaal mee eens",TRUE,"Mee eens",TRUE,TRUE,FALSE,TRUE,FALSE,FALSE
4739,47,"45 tot 55 jaar",TRUE,TRUE,"Helemaal mee eens",TRUE,"Helemaal mee eens",TRUE,TRUE,TRUE,TRUE,TRUE,TRUE
4740,71,"65 tot 75 jaar",TRUE,TRUE,"Helemaal mee eens",TRUE,"Helemaal mee eens",TRUE,TRUE,TRUE,TRUE,TRUE,TRUE
4741,74,"65 tot 75 jaar",TRUE,TRUE,"Helemaal mee eens",TRUE,"Helemaal mee eens",TRUE,TRUE,TRUE,TRUE,TRUE,TRUE
4742,63,"55 tot 65 jaar",TRUE,FALSE,"Mee eens",TRUE,"Mee eens",TRUE,TRUE,TRUE,TRUE,TRUE,TRUE
4743,36,"35 tot 45 jaar",TRUE,TRUE,"Helemaal mee eens",TRUE,"Mee eens",TRUE,TRUE,TRUE,TRUE,TRUE,TRUE
4744,48,"45 tot 55 jaar",TRUE,FALSE,"Niet mee eens, niet mee oneens",FALSE,"Mee oneens",FALSE,TRUE,FALSE,FALSE,FALSE,FALSE
4745,18,"18 tot 25 jaar",FALSE,TRUE,"Helemaal mee eens",TRUE,"Helemaal mee eens",TRUE,TRUE,TRUE,TRUE,TRUE,TRUE
4746,47,"45 tot 55 jaar",TRUE,TRUE,"Mee eens",TRUE,"Mee eens",TRUE,TRUE,TRUE,TRUE,FALSE,TRUE
4747,65,"65 tot 75 jaar",FALSE,FALSE,"Niet mee eens, niet mee oneens",FALSE,"Mee eens",TRUE,TRUE,TRUE,TRUE,TRUE,TRUE
4748,39,"35 tot 45 jaar",TRUE,TRUE,"Helemaal mee eens",TRUE,"Mee eens",TRUE,TRUE,TRUE,FALSE,TRUE,TRUE
4749,42,"35 tot 45 jaar",FALSE,TRUE,"Mee eens",TRUE,"Mee oneens",FALSE,TRUE,FALSE,TRUE,FALSE,TRUE
4750,37,"35 tot 45 jaar",TRUE,TRUE,"Helemaal mee eens",TRUE,"Helemaal mee eens",TRUE,TRUE,TRUE,TRUE,TRUE,TRUE
4751,59,"55 tot 65 jaar",TRUE,TRUE,"Helemaal mee eens",TRUE,"Mee eens",TRUE,TRUE,TRUE,FALSE,TRUE,TRUE
4752,56,"55 tot 65 jaar",TRUE,TRUE,"Mee eens",TRUE,"Helemaal mee eens",TRUE,TRUE,TRUE,TRUE,TRUE,TRUE
4753,37,"35 tot 45 jaar",TRUE,TRUE,"Mee eens",TRUE,"Mee eens",TRUE,TRUE,TRUE,TRUE,TRUE,FALSE
4754,22,"18 tot 25 jaar",FALSE,TRUE,"Niet mee eens, niet mee oneens",FALSE,"Niet mee eens, niet mee oneens",FALSE,TRUE,FALSE,FALSE,TRUE,FALSE
4755,19,"18 tot 25 jaar",TRUE,TRUE,"Mee eens",TRUE,"Helemaal mee eens",TRUE,TRUE,TRUE,TRUE,TRUE,TRUE
4756,72,"65 tot 75 jaar",TRUE,TRUE,"Helemaal mee eens",TRUE,"Mee eens",TRUE,TRUE,TRUE,TRUE,TRUE,TRUE
4757,37,"35 tot 45 jaar",FALSE,TRUE,"Niet mee eens, niet mee oneens",FALSE,"Niet mee eens, niet mee oneens",FALSE,FALSE,TRUE,FALSE,FALSE,FALSE
4758,79,"75 jaar of ouder",FALSE,TRUE,"Mee eens",TRUE,"Niet mee eens, niet mee oneens",FALSE,TRUE,TRUE,TRUE,TRUE,TRUE
4759,69,"65 tot 75 jaar",FALSE,TRUE,"Mee eens",TRUE,"Niet mee eens, niet mee oneens",FALSE,TRUE,TRUE,FALSE,TRUE,TRUE
4760,62,"55 tot 65 jaar",TRUE,TRUE,"Mee eens",TRUE,"Helemaal mee eens",TRUE,TRUE,FALSE,FALSE,TRUE,TRUE
4761,42,"35 tot 45 jaar",FALSE,TRUE,"Niet mee eens, niet mee oneens",FALSE,"Niet mee eens, niet mee oneens",FALSE,TRUE,TRUE,FALSE,TRUE,TRUE
4762,83,"75 jaar of ouder",TRUE,TRUE,"Mee eens",TRUE,"Mee eens",TRUE,TRUE,TRUE,TRUE,TRUE,TRUE
4763,67,"65 tot 75 jaar",TRUE,TRUE,"Mee eens",TRUE,"Mee eens",TRUE,TRUE,FALSE,FALSE,TRUE,TRUE
4764,52,"45 tot 55 jaar",TRUE,TRUE,"Helemaal mee eens",TRUE,"Mee eens",TRUE,TRUE,TRUE,TRUE,TRUE,TRUE
4765,64,"55 tot 65 jaar",FALSE,TRUE,"Helemaal mee eens",TRUE,"Helemaal mee eens",TRUE,TRUE,TRUE,TRUE,TRUE,TRUE
4766,74,"65 tot 75 jaar",TRUE,TRUE,"Helemaal mee eens",TRUE,"Mee eens",TRUE,TRUE,TRUE,TRUE,TRUE,TRUE
4767,52,"45 tot 55 jaar",TRUE,TRUE,"Mee eens",TRUE,"Mee eens",TRUE,TRUE,TRUE,FALSE,FALSE,TRUE
4768,84,"75 jaar of ouder",TRUE,TRUE,"Mee eens",TRUE,"Niet mee eens, niet mee oneens",FALSE,TRUE,TRUE,TRUE,TRUE,FALSE
4769,29,"25 tot 35 jaar",FALSE,FALSE,"Helemaal mee eens",TRUE,"Helemaal mee eens",TRUE,TRUE,TRUE,TRUE,TRUE,TRUE
4770,61,"55 tot 65 jaar",TRUE,TRUE,"Helemaal mee eens",TRUE,"Helemaal mee eens",TRUE,TRUE,TRUE,TRUE,TRUE,TRUE
4771,86,"75 jaar of ouder",FALSE,TRUE,"Helemaal mee eens",TRUE,"Niet mee eens, niet mee oneens",FALSE,TRUE,TRUE,TRUE,FALSE,FALSE
4772,64,"55 tot 65 jaar",TRUE,TRUE,"Helemaal mee eens",TRUE,"Mee eens",TRUE,TRUE,TRUE,TRUE,TRUE,TRUE
4773,19,"18 tot 25 jaar",FALSE,FALSE,"Mee eens",TRUE,"Mee eens",TRUE,TRUE,TRUE,TRUE,TRUE,TRUE
4774,37,"35 tot 45 jaar",TRUE,TRUE,"Mee eens",TRUE,"Mee eens",TRUE,TRUE,TRUE,FALSE,TRUE,TRUE
4775,72,"65 tot 75 jaar",TRUE,TRUE,"Helemaal mee eens",TRUE,"Mee eens",TRUE,TRUE,TRUE,TRUE,TRUE,TRUE
4776,27,"25 tot 35 jaar",FALSE,TRUE,"Mee eens",TRUE,"Niet mee eens, niet mee oneens",FALSE,TRUE,TRUE,TRUE,TRUE,TRUE
4777,38,"35 tot 45 jaar",TRUE,TRUE,"Helemaal mee eens",TRUE,"Mee eens",TRUE,TRUE,TRUE,TRUE,TRUE,TRUE
4778,41,"35 tot 45 jaar",FALSE,TRUE,"Mee eens",TRUE,"Mee eens",TRUE,TRUE,TRUE,FALSE,TRUE,TRUE
4779,52,"45 tot 55 jaar",FALSE,TRUE,"Mee eens",TRUE,"Mee eens",TRUE,TRUE,TRUE,FALSE,TRUE,TRUE
4780,29,"25 tot 35 jaar",FALSE,TRUE,"Mee oneens",FALSE,"Helemaal mee oneens",FALSE,FALSE,TRUE,FALSE,FALSE,FALSE
4781,35,"35 tot 45 jaar",TRUE,TRUE,"Helemaal mee eens",TRUE,"Mee eens",TRUE,TRUE,TRUE,TRUE,TRUE,TRUE
4782,61,"55 tot 65 jaar",TRUE,FALSE,"Niet mee eens, niet mee oneens",FALSE,"Mee eens",TRUE,TRUE,TRUE,TRUE,TRUE,FALSE
4783,40,"35 tot 45 jaar",FALSE,TRUE,"Mee eens",TRUE,"Mee eens",TRUE,FALSE,TRUE,TRUE,FALSE,TRUE
4784,37,"35 tot 45 jaar",TRUE,TRUE,"Helemaal mee eens",TRUE,"Helemaal mee eens",TRUE,TRUE,TRUE,TRUE,TRUE,TRUE
4785,23,"18 tot 25 jaar",FALSE,TRUE,"Helemaal mee eens",TRUE,"Helemaal mee eens",TRUE,TRUE,TRUE,TRUE,TRUE,TRUE
4786,55,"55 tot 65 jaar",TRUE,TRUE,"Mee oneens",FALSE,"Niet mee eens, niet mee oneens",FALSE,FALSE,TRUE,TRUE,FALSE,TRUE
4787,42,"35 tot 45 jaar",FALSE,TRUE,"Helemaal mee eens",TRUE,"Niet mee eens, niet mee oneens",FALSE,TRUE,TRUE,TRUE,TRUE,TRUE
4788,51,"45 tot 55 jaar",FALSE,TRUE,"Niet mee eens, niet mee oneens",FALSE,"Niet mee eens, niet mee oneens",FALSE,FALSE,TRUE,TRUE,FALSE,TRUE
4789,71,"65 tot 75 jaar",FALSE,TRUE,"Helemaal mee eens",TRUE,"Mee eens",TRUE,TRUE,TRUE,TRUE,TRUE,TRUE
4790,25,"25 tot 35 jaar",FALSE,TRUE,"Mee eens",TRUE,"Mee eens",TRUE,TRUE,FALSE,FALSE,TRUE,FALSE
4791,37,"35 tot 45 jaar",FALSE,TRUE,"Mee oneens",FALSE,"Niet mee eens, niet mee oneens",FALSE,TRUE,FALSE,FALSE,FALSE,FALSE
4792,32,"25 tot 35 jaar",FALSE,TRUE,"Mee eens",TRUE,"Niet mee eens, niet mee oneens",FALSE,TRUE,TRUE,TRUE,TRUE,TRUE
4793,73,"65 tot 75 jaar",FALSE,TRUE,"Helemaal mee eens",TRUE,"Mee eens",TRUE,TRUE,TRUE,TRUE,TRUE,TRUE
4794,23,"18 tot 25 jaar",TRUE,FALSE,"Mee eens",TRUE,"Niet mee eens, niet mee oneens",FALSE,TRUE,FALSE,TRUE,TRUE,TRUE
4795,65,"65 tot 75 jaar",FALSE,TRUE,"Helemaal mee eens",TRUE,"Niet mee eens, niet mee oneens",FALSE,TRUE,TRUE,TRUE,TRUE,FALSE
4796,36,"35 tot 45 jaar",TRUE,TRUE,"Niet mee eens, niet mee oneens",FALSE,"Mee eens",TRUE,TRUE,TRUE,TRUE,TRUE,TRUE
4797,58,"55 tot 65 jaar",TRUE,FALSE,"Niet mee eens, niet mee oneens",FALSE,"Niet mee eens, niet mee oneens",FALSE,TRUE,FALSE,TRUE,FALSE,FALSE
4798,82,"75 jaar of ouder",TRUE,TRUE,"Mee eens",TRUE,"Niet mee eens, niet mee oneens",FALSE,TRUE,TRUE,TRUE,FALSE,FALSE
4799,32,"25 tot 35 jaar",FALSE,TRUE,"Mee eens",TRUE,"Mee eens",TRUE,TRUE,FALSE,TRUE,TRUE,TRUE
4800,19,"18 tot 25 jaar",FALSE,TRUE,"Mee eens",TRUE,"Niet mee eens, niet mee oneens",FALSE,TRUE,TRUE,TRUE,TRUE,FALSE
4801,42,"35 tot 45 jaar",TRUE,TRUE,"Mee eens",TRUE,"Mee eens",TRUE,TRUE,TRUE,TRUE,TRUE,TRUE
4802,86,"75 jaar of ouder",FALSE,TRUE,"Helemaal mee eens",TRUE,"Helemaal mee eens",TRUE,TRUE,TRUE,TRUE,TRUE,TRUE
4803,22,"18 tot 25 jaar",FALSE,TRUE,"Helemaal mee eens",TRUE,"Mee eens",TRUE,TRUE,TRUE,TRUE,TRUE,TRUE
4804,81,"75 jaar of ouder",TRUE,TRUE,"Mee eens",TRUE,"Mee oneens",FALSE,TRUE,TRUE,TRUE,TRUE,TRUE
4805,28,"25 tot 35 jaar",TRUE,TRUE,"Mee eens",TRUE,"Niet mee eens, niet mee oneens",FALSE,TRUE,TRUE,TRUE,TRUE,TRUE
4806,74,"65 tot 75 jaar",TRUE,TRUE,"Mee eens",TRUE,"Mee eens",TRUE,TRUE,TRUE,TRUE,TRUE,TRUE
4807,27,"25 tot 35 jaar",FALSE,TRUE,"Mee eens",TRUE,"Niet mee eens, niet mee oneens",FALSE,TRUE,TRUE,TRUE,TRUE,TRUE
4808,47,"45 tot 55 jaar",TRUE,TRUE,"Mee eens",TRUE,"Mee eens",TRUE,FALSE,FALSE,TRUE,FALSE,TRUE
4809,18,"18 tot 25 jaar",FALSE,TRUE,"Helemaal mee eens",TRUE,"Mee eens",TRUE,TRUE,TRUE,TRUE,TRUE,TRUE
4810,41,"35 tot 45 jaar",FALSE,TRUE,"Helemaal mee eens",TRUE,"Helemaal mee eens",TRUE,TRUE,TRUE,TRUE,TRUE,TRUE
4811,83,"75 jaar of ouder",FALSE,TRUE,"Helemaal mee eens",TRUE,"Mee eens",TRUE,TRUE,TRUE,TRUE,TRUE,TRUE
4812,52,"45 tot 55 jaar",FALSE,TRUE,"Mee eens",TRUE,"Niet mee eens, niet mee oneens",FALSE,TRUE,FALSE,TRUE,TRUE,TRUE
4813,67,"65 tot 75 jaar",TRUE,TRUE,"Helemaal mee eens",TRUE,"Helemaal mee eens",TRUE,TRUE,TRUE,TRUE,TRUE,TRUE
4814,82,"75 jaar of ouder",FALSE,TRUE,"Helemaal mee eens",TRUE,"Mee eens",TRUE,TRUE,TRUE,TRUE,TRUE,TRUE
4815,68,"65 tot 75 jaar",TRUE,TRUE,"Mee eens",TRUE,"Niet mee eens, niet mee oneens",FALSE,FALSE,TRUE,TRUE,FALSE,TRUE
4816,19,"18 tot 25 jaar",TRUE,TRUE,"Helemaal mee eens",TRUE,"Helemaal mee eens",TRUE,TRUE,TRUE,TRUE,TRUE,TRUE
4817,66,"65 tot 75 jaar",FALSE,TRUE,"Helemaal mee eens",TRUE,"Helemaal mee eens",TRUE,TRUE,TRUE,TRUE,TRUE,TRUE
4818,18,"18 tot 25 jaar",TRUE,TRUE,"Mee eens",TRUE,"Mee eens",TRUE,TRUE,FALSE,TRUE,TRUE,TRUE
4819,36,"35 tot 45 jaar",TRUE,TRUE,"Mee eens",TRUE,"Mee eens",TRUE,TRUE,FALSE,TRUE,TRUE,FALSE
4820,20,"18 tot 25 jaar",FALSE,TRUE,"Helemaal mee eens",TRUE,"Helemaal mee eens",TRUE,TRUE,TRUE,TRUE,TRUE,TRUE
4821,22,"18 tot 25 jaar",FALSE,TRUE,"Helemaal mee eens",TRUE,"Helemaal mee eens",TRUE,TRUE,TRUE,TRUE,TRUE,TRUE
4822,63,"55 tot 65 jaar",FALSE,TRUE,"Mee eens",TRUE,"Mee eens",TRUE,TRUE,TRUE,TRUE,TRUE,TRUE
4823,58,"55 tot 65 jaar",TRUE,TRUE,"Helemaal mee eens",TRUE,"Mee eens",TRUE,TRUE,TRUE,TRUE,TRUE,FALSE
4824,51,"45 tot 55 jaar",FALSE,TRUE,"Mee eens",TRUE,"Helemaal mee eens",TRUE,TRUE,TRUE,FALSE,TRUE,FALSE
4825,23,"18 tot 25 jaar",FALSE,TRUE,"Mee eens",TRUE,"Mee oneens",FALSE,TRUE,TRUE,FALSE,FALSE,FALSE
4826,71,"65 tot 75 jaar",TRUE,TRUE,"Helemaal mee eens",TRUE,"Helemaal mee eens",TRUE,TRUE,TRUE,TRUE,TRUE,TRUE
4827,48,"45 tot 55 jaar",FALSE,TRUE,"Helemaal mee eens",TRUE,"Mee eens",TRUE,TRUE,TRUE,TRUE,TRUE,TRUE
4828,34,"25 tot 35 jaar",FALSE,TRUE,"Mee eens",TRUE,"Helemaal mee eens",TRUE,TRUE,TRUE,TRUE,TRUE,TRUE
4829,65,"65 tot 75 jaar",FALSE,TRUE,"Mee eens",TRUE,"Niet mee eens, niet mee oneens",FALSE,TRUE,TRUE,FALSE,FALSE,FALSE
4830,32,"25 tot 35 jaar",TRUE,TRUE,"Mee eens",TRUE,"Mee eens",TRUE,TRUE,FALSE,TRUE,TRUE,TRUE
4831,47,"45 tot 55 jaar",TRUE,TRUE,"Mee eens",TRUE,"Mee eens",TRUE,TRUE,TRUE,TRUE,TRUE,TRUE
4832,20,"18 tot 25 jaar",FALSE,TRUE,"Helemaal mee eens",TRUE,"Mee eens",TRUE,TRUE,TRUE,TRUE,TRUE,TRUE
4833,26,"25 tot 35 jaar",FALSE,TRUE,"Mee eens",TRUE,"Mee eens",TRUE,TRUE,FALSE,FALSE,TRUE,TRUE
4834,63,"55 tot 65 jaar",TRUE,FALSE,"Helemaal mee eens",TRUE,"Mee eens",TRUE,TRUE,TRUE,TRUE,TRUE,TRUE
4835,29,"25 tot 35 jaar",FALSE,TRUE,"Helemaal mee eens",TRUE,"Helemaal mee eens",TRUE,TRUE,TRUE,TRUE,TRUE,TRUE
4836,52,"45 tot 55 jaar",FALSE,TRUE,"Mee eens",TRUE,"Niet mee eens, niet mee oneens",FALSE,TRUE,FALSE,TRUE,TRUE,FALSE
4837,50,"45 tot 55 jaar",FALSE,TRUE,"Mee eens",TRUE,"Niet mee eens, niet mee oneens",FALSE,FALSE,TRUE,FALSE,FALSE,FALSE
4838,45,"45 tot 55 jaar",FALSE,TRUE,"Mee eens",TRUE,"Mee eens",TRUE,TRUE,TRUE,TRUE,TRUE,TRUE
4839,84,"75 jaar of ouder",FALSE,TRUE,"Helemaal mee eens",TRUE,"Niet mee eens, niet mee oneens",FALSE,TRUE,TRUE,TRUE,TRUE,TRUE
4840,84,"75 jaar of ouder",TRUE,TRUE,"Mee eens",TRUE,"Mee eens",TRUE,TRUE,TRUE,TRUE,TRUE,TRUE
4841,52,"45 tot 55 jaar",TRUE,TRUE,"Helemaal mee eens",TRUE,"Helemaal mee eens",TRUE,TRUE,TRUE,TRUE,TRUE,TRUE
4842,61,"55 tot 65 jaar",TRUE,TRUE,"Helemaal mee eens",TRUE,"Helemaal mee eens",TRUE,TRUE,TRUE,TRUE,TRUE,TRUE
4843,58,"55 tot 65 jaar",TRUE,TRUE,"Helemaal mee eens",TRUE,"Mee eens",TRUE,TRUE,TRUE,FALSE,TRUE,TRUE
4844,34,"25 tot 35 jaar",FALSE,TRUE,"Helemaal mee eens",TRUE,"Mee eens",TRUE,TRUE,TRUE,TRUE,TRUE,TRUE
4845,86,"75 jaar of ouder",TRUE,TRUE,"Mee eens",TRUE,"Mee eens",TRUE,TRUE,TRUE,TRUE,TRUE,TRUE
4846,69,"65 tot 75 jaar",FALSE,TRUE,"Mee eens",TRUE,"Niet mee eens, niet mee oneens",FALSE,TRUE,TRUE,TRUE,TRUE,TRUE
4847,66,"65 tot 75 jaar",TRUE,TRUE,"Mee eens",TRUE,"Niet mee eens, niet mee oneens",FALSE,TRUE,TRUE,TRUE,TRUE,TRUE
4848,40,"35 tot 45 jaar",TRUE,TRUE,"Mee eens",TRUE,"Mee eens",TRUE,TRUE,TRUE,TRUE,TRUE,TRUE
4849,51,"45 tot 55 jaar",FALSE,TRUE,"Mee eens",TRUE,"Mee eens",TRUE,TRUE,TRUE,TRUE,TRUE,TRUE
4850,52,"45 tot 55 jaar",FALSE,TRUE,"Mee eens",TRUE,"Niet mee eens, niet mee oneens",FALSE,TRUE,FALSE,FALSE,TRUE,FALSE
4851,50,"45 tot 55 jaar",FALSE,TRUE,"Mee eens",TRUE,"Mee eens",TRUE,TRUE,TRUE,TRUE,TRUE,TRUE
4852,55,"55 tot 65 jaar",FALSE,TRUE,"Helemaal mee eens",TRUE,"Mee eens",TRUE,TRUE,TRUE,TRUE,TRUE,TRUE
4853,58,"55 tot 65 jaar",FALSE,TRUE,"Mee eens",TRUE,"Mee eens",TRUE,TRUE,TRUE,TRUE,TRUE,TRUE
4854,84,"75 jaar of ouder",FALSE,TRUE,"Helemaal mee eens",TRUE,"Niet mee eens, niet mee oneens",FALSE,TRUE,TRUE,TRUE,TRUE,TRUE
4855,32,"25 tot 35 jaar",FALSE,TRUE,"Mee eens",TRUE,"Mee eens",TRUE,TRUE,TRUE,TRUE,TRUE,TRUE
4856,35,"35 tot 45 jaar",TRUE,TRUE,"Helemaal mee eens",TRUE,"Mee eens",TRUE,TRUE,TRUE,FALSE,TRUE,TRUE
4857,32,"25 tot 35 jaar",FALSE,TRUE,"Mee eens",TRUE,"Helemaal mee eens",TRUE,TRUE,TRUE,TRUE,TRUE,TRUE
4858,52,"45 tot 55 jaar",FALSE,TRUE,"Mee eens",TRUE,"Mee oneens",FALSE,TRUE,TRUE,FALSE,TRUE,FALSE
4859,55,"55 tot 65 jaar",FALSE,TRUE,"Niet mee eens, niet mee oneens",FALSE,"Helemaal mee oneens",FALSE,FALSE,TRUE,FALSE,FALSE,FALSE
4860,72,"65 tot 75 jaar",FALSE,TRUE,"Helemaal mee eens",TRUE,"Mee eens",TRUE,TRUE,TRUE,TRUE,TRUE,TRUE
4861,38,"35 tot 45 jaar",FALSE,TRUE,"Mee eens",TRUE,"Mee eens",TRUE,TRUE,TRUE,TRUE,TRUE,FALSE
4862,62,"55 tot 65 jaar",TRUE,TRUE,"Helemaal mee eens",TRUE,"Niet mee eens, niet mee oneens",FALSE,TRUE,TRUE,TRUE,TRUE,TRUE
4863,24,"18 tot 25 jaar",TRUE,TRUE,"Mee eens",TRUE,"Mee eens",TRUE,TRUE,TRUE,TRUE,TRUE,TRUE
4864,37,"35 tot 45 jaar",FALSE,TRUE,"Helemaal mee eens",TRUE,"Mee eens",TRUE,TRUE,TRUE,TRUE,TRUE,TRUE
4865,68,"65 tot 75 jaar",TRUE,TRUE,"Mee eens",TRUE,"Niet mee eens, niet mee oneens",FALSE,TRUE,TRUE,FALSE,FALSE,TRUE
4866,22,"18 tot 25 jaar",TRUE,TRUE,"Mee eens",TRUE,"Niet mee eens, niet mee oneens",FALSE,TRUE,TRUE,TRUE,TRUE,FALSE
4867,73,"65 tot 75 jaar",TRUE,TRUE,"Helemaal mee eens",TRUE,"Mee eens",TRUE,TRUE,FALSE,TRUE,TRUE,TRUE
4868,61,"55 tot 65 jaar",TRUE,TRUE,"Mee eens",TRUE,"Mee eens",TRUE,TRUE,TRUE,FALSE,TRUE,FALSE
4869,25,"25 tot 35 jaar",FALSE,TRUE,"Mee eens",TRUE,"Niet mee eens, niet mee oneens",FALSE,TRUE,TRUE,TRUE,FALSE,FALSE
4870,67,"65 tot 75 jaar",FALSE,TRUE,"Mee eens",TRUE,"Mee eens",TRUE,TRUE,TRUE,FALSE,TRUE,TRUE
4871,71,"65 tot 75 jaar",TRUE,TRUE,"Helemaal mee eens",TRUE,"Niet mee eens, niet mee oneens",FALSE,TRUE,TRUE,TRUE,FALSE,TRUE
4872,77,"75 jaar of ouder",TRUE,TRUE,"Helemaal mee eens",TRUE,"Mee eens",TRUE,TRUE,TRUE,TRUE,TRUE,TRUE
4873,72,"65 tot 75 jaar",FALSE,TRUE,"Helemaal mee eens",TRUE,"Helemaal mee eens",TRUE,TRUE,TRUE,TRUE,TRUE,TRUE
4874,79,"75 jaar of ouder",FALSE,TRUE,"Helemaal mee eens",TRUE,"Niet mee eens, niet mee oneens",FALSE,TRUE,TRUE,TRUE,TRUE,TRUE
4875,69,"65 tot 75 jaar",FALSE,TRUE,"Niet mee eens, niet mee oneens",FALSE,"Niet mee eens, niet mee oneens",FALSE,TRUE,TRUE,FALSE,FALSE,FALSE
4876,73,"65 tot 75 jaar",FALSE,TRUE,"Helemaal mee eens",TRUE,"Helemaal mee eens",TRUE,TRUE,TRUE,TRUE,TRUE,TRUE
4877,69,"65 tot 75 jaar",TRUE,TRUE,"Mee eens",TRUE,"Mee eens",TRUE,TRUE,TRUE,TRUE,TRUE,TRUE
4878,38,"35 tot 45 jaar",FALSE,TRUE,"Helemaal mee eens",TRUE,"Helemaal mee eens",TRUE,TRUE,TRUE,TRUE,TRUE,TRUE
4879,83,"75 jaar of ouder",TRUE,TRUE,"Helemaal mee eens",TRUE,"Helemaal mee eens",TRUE,TRUE,TRUE,TRUE,TRUE,TRUE
4880,88,"75 jaar of ouder",TRUE,TRUE,"Helemaal mee eens",TRUE,"Mee eens",TRUE,TRUE,TRUE,TRUE,TRUE,TRUE
4881,27,"25 tot 35 jaar",FALSE,TRUE,"Helemaal mee eens",TRUE,"Niet mee eens, niet mee oneens",FALSE,TRUE,FALSE,TRUE,TRUE,TRUE
4882,18,"18 tot 25 jaar",FALSE,TRUE,"Mee eens",TRUE,"Niet mee eens, niet mee oneens",FALSE,TRUE,TRUE,TRUE,FALSE,TRUE
4883,66,"65 tot 75 jaar",FALSE,TRUE,"Helemaal mee eens",TRUE,"Mee eens",TRUE,TRUE,TRUE,TRUE,TRUE,TRUE
4884,22,"18 tot 25 jaar",FALSE,TRUE,"Mee eens",TRUE,"Helemaal mee eens",TRUE,TRUE,TRUE,TRUE,TRUE,FALSE
4885,53,"45 tot 55 jaar",TRUE,TRUE,"Mee eens",TRUE,"Niet mee eens, niet mee oneens",FALSE,FALSE,TRUE,TRUE,TRUE,FALSE
4886,29,"25 tot 35 jaar",TRUE,TRUE,"Helemaal mee eens",TRUE,"Mee eens",TRUE,TRUE,TRUE,FALSE,TRUE,TRUE
4887,42,"35 tot 45 jaar",FALSE,TRUE,"Mee eens",TRUE,"Niet mee eens, niet mee oneens",FALSE,TRUE,FALSE,TRUE,FALSE,TRUE
4888,54,"45 tot 55 jaar",FALSE,TRUE,"Mee eens",TRUE,"Niet mee eens, niet mee oneens",FALSE,TRUE,TRUE,TRUE,TRUE,FALSE
4889,89,"75 jaar of ouder",FALSE,TRUE,"Helemaal mee eens",TRUE,"Helemaal mee eens",TRUE,TRUE,TRUE,TRUE,TRUE,FALSE
4890,29,"25 tot 35 jaar",FALSE,TRUE,"Mee oneens",FALSE,"Mee oneens",FALSE,TRUE,FALSE,TRUE,FALSE,FALSE
4891,21,"18 tot 25 jaar",FALSE,FALSE,"Mee eens",TRUE,"Niet mee eens, niet mee oneens",FALSE,TRUE,FALSE,FALSE,TRUE,FALSE
4892,64,"55 tot 65 jaar",TRUE,TRUE,"Helemaal mee eens",TRUE,"Mee eens",TRUE,TRUE,TRUE,TRUE,TRUE,TRUE
4893,82,"75 jaar of ouder",TRUE,TRUE,"Helemaal mee eens",TRUE,"Mee eens",TRUE,TRUE,TRUE,TRUE,TRUE,TRUE
4894,33,"25 tot 35 jaar",TRUE,TRUE,"Mee eens",TRUE,"Niet mee eens, niet mee oneens",FALSE,TRUE,TRUE,TRUE,TRUE,FALSE
4895,46,"45 tot 55 jaar",FALSE,TRUE,"Helemaal mee eens",TRUE,"Mee eens",TRUE,TRUE,TRUE,TRUE,TRUE,TRUE
4896,21,"18 tot 25 jaar",TRUE,TRUE,"Helemaal mee eens",TRUE,"Mee eens",TRUE,TRUE,TRUE,TRUE,TRUE,TRUE
4897,26,"25 tot 35 jaar",TRUE,TRUE,"Mee eens",TRUE,"Mee eens",TRUE,TRUE,TRUE,TRUE,TRUE,FALSE
4898,77,"75 jaar of ouder",FALSE,TRUE,"Mee eens",TRUE,"Niet mee eens, niet mee oneens",FALSE,TRUE,TRUE,TRUE,TRUE,FALSE
4899,36,"35 tot 45 jaar",FALSE,TRUE,"Mee oneens",FALSE,"Niet mee eens, niet mee oneens",FALSE,TRUE,FALSE,TRUE,FALSE,FALSE
4900,51,"45 tot 55 jaar",FALSE,TRUE,"Helemaal mee eens",TRUE,"Mee eens",TRUE,TRUE,TRUE,TRUE,TRUE,TRUE
4901,22,"18 tot 25 jaar",FALSE,TRUE,"Niet mee eens, niet mee oneens",FALSE,"Niet mee eens, niet mee oneens",FALSE,TRUE,TRUE,TRUE,FALSE,FALSE
4902,69,"65 tot 75 jaar",FALSE,TRUE,"Mee eens",TRUE,"Niet mee eens, niet mee oneens",FALSE,FALSE,FALSE,TRUE,TRUE,TRUE
4903,37,"35 tot 45 jaar",FALSE,TRUE,"Mee eens",TRUE,"Niet mee eens, niet mee oneens",FALSE,FALSE,TRUE,FALSE,TRUE,TRUE
4904,44,"35 tot 45 jaar",FALSE,TRUE,"Mee eens",TRUE,"Niet mee eens, niet mee oneens",FALSE,FALSE,TRUE,TRUE,FALSE,FALSE
4905,32,"25 tot 35 jaar",TRUE,FALSE,"Helemaal mee eens",TRUE,"Helemaal mee eens",TRUE,TRUE,TRUE,TRUE,TRUE,TRUE
4906,22,"18 tot 25 jaar",FALSE,TRUE,"Helemaal mee eens",TRUE,"Niet mee eens, niet mee oneens",FALSE,TRUE,TRUE,TRUE,TRUE,TRUE
4907,65,"65 tot 75 jaar",TRUE,TRUE,"Helemaal mee eens",TRUE,"Helemaal mee eens",TRUE,TRUE,TRUE,TRUE,TRUE,TRUE
4908,36,"35 tot 45 jaar",FALSE,TRUE,"Helemaal mee eens",TRUE,"Helemaal mee eens",TRUE,TRUE,FALSE,TRUE,TRUE,TRUE
4909,56,"55 tot 65 jaar",FALSE,TRUE,"Mee eens",TRUE,"Niet mee eens, niet mee oneens",FALSE,TRUE,TRUE,TRUE,FALSE,FALSE
4910,58,"55 tot 65 jaar",FALSE,TRUE,"Helemaal mee eens",TRUE,"Mee eens",TRUE,TRUE,TRUE,TRUE,TRUE,TRUE
4911,31,"25 tot 35 jaar",FALSE,TRUE,"Helemaal mee eens",TRUE,"Mee eens",TRUE,TRUE,TRUE,TRUE,TRUE,TRUE
4912,26,"25 tot 35 jaar",TRUE,TRUE,"Mee eens",TRUE,"Mee eens",TRUE,TRUE,TRUE,TRUE,TRUE,FALSE
4913,25,"25 tot 35 jaar",TRUE,TRUE,"Helemaal mee eens",TRUE,"Mee eens",TRUE,FALSE,FALSE,TRUE,TRUE,FALSE
4914,58,"55 tot 65 jaar",FALSE,TRUE,"Helemaal mee eens",TRUE,"Mee eens",TRUE,TRUE,TRUE,TRUE,TRUE,TRUE
4915,85,"75 jaar of ouder",TRUE,FALSE,"Helemaal mee eens",TRUE,"Helemaal mee eens",TRUE,TRUE,TRUE,TRUE,TRUE,TRUE
4916,57,"55 tot 65 jaar",TRUE,TRUE,"Mee eens",TRUE,"Mee eens",TRUE,TRUE,FALSE,FALSE,TRUE,TRUE
4917,64,"55 tot 65 jaar",FALSE,TRUE,"Mee eens",TRUE,"Niet mee eens, niet mee oneens",FALSE,TRUE,FALSE,TRUE,FALSE,FALSE
4918,23,"18 tot 25 jaar",FALSE,TRUE,"Helemaal mee eens",TRUE,"Helemaal mee eens",TRUE,TRUE,FALSE,TRUE,TRUE,TRUE
4919,84,"75 jaar of ouder",FALSE,TRUE,"Helemaal mee eens",TRUE,"Mee eens",TRUE,TRUE,FALSE,TRUE,TRUE,TRUE
4920,34,"25 tot 35 jaar",FALSE,TRUE,"Helemaal mee eens",TRUE,"Helemaal mee eens",TRUE,TRUE,TRUE,TRUE,TRUE,TRUE
4921,74,"65 tot 75 jaar",TRUE,TRUE,"Mee oneens",FALSE,"Niet mee eens, niet mee oneens",FALSE,TRUE,TRUE,FALSE,FALSE,FALSE
4922,48,"45 tot 55 jaar",FALSE,TRUE,"Mee eens",TRUE,"Mee eens",TRUE,TRUE,TRUE,TRUE,TRUE,TRUE
4923,61,"55 tot 65 jaar",FALSE,TRUE,"Helemaal mee eens",TRUE,"Helemaal mee eens",TRUE,TRUE,TRUE,TRUE,TRUE,TRUE
4924,20,"18 tot 25 jaar",FALSE,TRUE,"Helemaal mee eens",TRUE,"Helemaal mee eens",TRUE,TRUE,TRUE,TRUE,TRUE,TRUE
4925,90,"75 jaar of ouder",FALSE,TRUE,"Niet mee eens, niet mee oneens",FALSE,"Niet mee eens, niet mee oneens",FALSE,FALSE,FALSE,FALSE,FALSE,TRUE
4926,21,"18 tot 25 jaar",FALSE,TRUE,"Mee eens",TRUE,"Niet mee eens, niet mee oneens",FALSE,TRUE,FALSE,TRUE,TRUE,TRUE
4927,74,"65 tot 75 jaar",FALSE,TRUE,"Mee eens",TRUE,"Mee eens",TRUE,TRUE,TRUE,TRUE,TRUE,TRUE
4928,43,"35 tot 45 jaar",TRUE,TRUE,"Mee eens",TRUE,"Helemaal mee eens",TRUE,FALSE,FALSE,FALSE,TRUE,TRUE
4929,43,"35 tot 45 jaar",TRUE,TRUE,"Mee eens",TRUE,"Mee eens",TRUE,FALSE,TRUE,FALSE,TRUE,FALSE
4930,86,"75 jaar of ouder",TRUE,TRUE,"Mee eens",TRUE,"Mee oneens",FALSE,TRUE,TRUE,FALSE,FALSE,FALSE
4931,82,"75 jaar of ouder",TRUE,TRUE,"Helemaal mee eens",TRUE,"Helemaal mee eens",TRUE,TRUE,TRUE,TRUE,TRUE,TRUE
4932,22,"18 tot 25 jaar",FALSE,TRUE,"Mee eens",TRUE,"Mee eens",TRUE,TRUE,TRUE,TRUE,TRUE,FALSE
4933,60,"55 tot 65 jaar",FALSE,TRUE,"Niet mee eens, niet mee oneens",FALSE,"Mee eens",TRUE,TRUE,FALSE,TRUE,FALSE,TRUE
4934,24,"18 tot 25 jaar",FALSE,TRUE,"Mee eens",TRUE,"Niet mee eens, niet mee oneens",FALSE,FALSE,TRUE,TRUE,TRUE,TRUE
4935,59,"55 tot 65 jaar",FALSE,TRUE,"Niet mee eens, niet mee oneens",FALSE,"Mee oneens",FALSE,TRUE,FALSE,FALSE,FALSE,FALSE
4936,40,"35 tot 45 jaar",FALSE,TRUE,"Mee eens",TRUE,"Mee eens",TRUE,TRUE,TRUE,FALSE,TRUE,FALSE
4937,60,"55 tot 65 jaar",TRUE,TRUE,"Helemaal mee eens",TRUE,"Mee eens",TRUE,TRUE,TRUE,TRUE,TRUE,TRUE
4938,79,"75 jaar of ouder",FALSE,TRUE,"Helemaal mee eens",TRUE,"Niet mee eens, niet mee oneens",FALSE,TRUE,TRUE,TRUE,TRUE,FALSE
4939,44,"35 tot 45 jaar",FALSE,TRUE,"Mee eens",TRUE,"Niet mee eens, niet mee oneens",FALSE,TRUE,TRUE,TRUE,TRUE,TRUE
4940,28,"25 tot 35 jaar",FALSE,TRUE,"Helemaal mee eens",TRUE,"Helemaal mee eens",TRUE,TRUE,TRUE,TRUE,TRUE,TRUE
4941,23,"18 tot 25 jaar",FALSE,TRUE,"Mee oneens",FALSE,"Niet mee eens, niet mee oneens",FALSE,FALSE,FALSE,FALSE,TRUE,FALSE
4942,53,"45 tot 55 jaar",TRUE,TRUE,"Mee eens",TRUE,"Mee eens",TRUE,TRUE,TRUE,TRUE,FALSE,FALSE
4943,53,"45 tot 55 jaar",FALSE,TRUE,"Mee eens",TRUE,"Niet mee eens, niet mee oneens",FALSE,TRUE,TRUE,FALSE,FALSE,FALSE
4944,34,"25 tot 35 jaar",FALSE,TRUE,"Mee eens",TRUE,"Mee oneens",FALSE,TRUE,FALSE,TRUE,TRUE,FALSE
4945,84,"75 jaar of ouder",FALSE,TRUE,"Mee eens",TRUE,"Niet mee eens, niet mee oneens",FALSE,TRUE,TRUE,TRUE,TRUE,FALSE
4946,35,"35 tot 45 jaar",FALSE,TRUE,"Helemaal mee oneens",FALSE,"Helemaal mee oneens",FALSE,FALSE,TRUE,FALSE,FALSE,FALSE
4947,50,"45 tot 55 jaar",TRUE,TRUE,"Helemaal mee eens",TRUE,"Helemaal mee eens",TRUE,TRUE,TRUE,FALSE,TRUE,TRUE
4948,30,"25 tot 35 jaar",TRUE,TRUE,"Helemaal mee eens",TRUE,"Mee eens",TRUE,TRUE,TRUE,FALSE,FALSE,FALSE
4949,57,"55 tot 65 jaar",TRUE,TRUE,"Mee eens",TRUE,"Mee eens",TRUE,TRUE,TRUE,TRUE,TRUE,TRUE
4950,90,"75 jaar of ouder",FALSE,TRUE,"Mee eens",TRUE,"Niet mee eens, niet mee oneens",FALSE,TRUE,TRUE,TRUE,TRUE,TRUE
4951,21,"18 tot 25 jaar",FALSE,TRUE,"Mee eens",TRUE,"Niet mee eens, niet mee oneens",FALSE,TRUE,FALSE,TRUE,FALSE,FALSE
4952,62,"55 tot 65 jaar",TRUE,TRUE,"Mee eens",TRUE,"Mee eens",TRUE,TRUE,TRUE,TRUE,TRUE,TRUE
4953,67,"65 tot 75 jaar",FALSE,TRUE,"Helemaal mee eens",TRUE,"Mee eens",TRUE,TRUE,TRUE,TRUE,TRUE,TRUE
4954,43,"35 tot 45 jaar",FALSE,TRUE,"Mee eens",TRUE,"Mee eens",TRUE,TRUE,TRUE,TRUE,TRUE,TRUE
4955,32,"25 tot 35 jaar",FALSE,TRUE,"Mee oneens",FALSE,"Niet mee eens, niet mee oneens",FALSE,TRUE,FALSE,FALSE,TRUE,FALSE
4956,74,"65 tot 75 jaar",FALSE,TRUE,"Helemaal mee eens",TRUE,"Helemaal mee eens",TRUE,TRUE,TRUE,TRUE,TRUE,TRUE
4957,67,"65 tot 75 jaar",TRUE,TRUE,"Mee eens",TRUE,"Mee eens",TRUE,TRUE,FALSE,TRUE,TRUE,FALSE
4958,74,"65 tot 75 jaar",FALSE,TRUE,"Niet mee eens, niet mee oneens",FALSE,"Niet mee eens, niet mee oneens",FALSE,TRUE,TRUE,TRUE,FALSE,FALSE
4959,55,"55 tot 65 jaar",FALSE,TRUE,"Helemaal mee eens",TRUE,"Mee eens",TRUE,TRUE,TRUE,TRUE,TRUE,TRUE
4960,61,"55 tot 65 jaar",TRUE,TRUE,"Mee eens",TRUE,"Mee eens",TRUE,TRUE,TRUE,TRUE,TRUE,TRUE
4961,40,"35 tot 45 jaar",FALSE,TRUE,"Helemaal mee eens",TRUE,"Helemaal mee eens",TRUE,TRUE,TRUE,TRUE,TRUE,TRUE
4962,64,"55 tot 65 jaar",TRUE,TRUE,"Mee eens",TRUE,"Mee oneens",FALSE,TRUE,TRUE,FALSE,FALSE,TRUE
4963,19,"18 tot 25 jaar",TRUE,TRUE,"Helemaal mee eens",TRUE,"Mee eens",TRUE,TRUE,TRUE,TRUE,TRUE,TRUE
4964,35,"35 tot 45 jaar",FALSE,TRUE,"Helemaal mee eens",TRUE,"Mee eens",TRUE,FALSE,FALSE,TRUE,TRUE,TRUE
4965,50,"45 tot 55 jaar",TRUE,TRUE,"Mee eens",TRUE,"Mee eens",TRUE,TRUE,TRUE,TRUE,TRUE,FALSE
4966,64,"55 tot 65 jaar",TRUE,TRUE,"Mee eens",TRUE,"Mee eens",TRUE,TRUE,TRUE,TRUE,FALSE,TRUE
4967,63,"55 tot 65 jaar",FALSE,TRUE,"Mee eens",TRUE,"Mee eens",TRUE,TRUE,TRUE,TRUE,TRUE,FALSE
4968,54,"45 tot 55 jaar",TRUE,TRUE,"Helemaal mee eens",TRUE,"Helemaal mee eens",TRUE,TRUE,TRUE,TRUE,TRUE,TRUE
4969,83,"75 jaar of ouder",TRUE,TRUE,"Mee eens",TRUE,"Mee eens",TRUE,TRUE,TRUE,FALSE,TRUE,FALSE
4970,18,"18 tot 25 jaar",FALSE,TRUE,"Niet mee eens, niet mee oneens",FALSE,"Niet mee eens, niet mee oneens",FALSE,TRUE,TRUE,FALSE,FALSE,FALSE
4971,45,"45 tot 55 jaar",FALSE,TRUE,"Niet mee eens, niet mee oneens",FALSE,"Helemaal mee oneens",FALSE,TRUE,TRUE,FALSE,FALSE,TRUE
4972,69,"65 tot 75 jaar",TRUE,TRUE,"Mee eens",TRUE,"Mee eens",TRUE,TRUE,TRUE,FALSE,TRUE,TRUE
4973,22,"18 tot 25 jaar",FALSE,TRUE,"Mee eens",TRUE,"Mee oneens",FALSE,TRUE,TRUE,FALSE,FALSE,TRUE
4974,64,"55 tot 65 jaar",FALSE,FALSE,"Helemaal mee eens",TRUE,"Helemaal mee eens",TRUE,TRUE,TRUE,TRUE,TRUE,TRUE
4975,59,"55 tot 65 jaar",TRUE,TRUE,"Mee eens",TRUE,"Mee eens",TRUE,TRUE,TRUE,FALSE,TRUE,FALSE
4976,35,"35 tot 45 jaar",TRUE,TRUE,"Helemaal mee eens",TRUE,"Helemaal mee eens",TRUE,TRUE,TRUE,TRUE,TRUE,TRUE
4977,45,"45 tot 55 jaar",TRUE,TRUE,"Helemaal mee eens",TRUE,"Mee eens",TRUE,TRUE,TRUE,TRUE,TRUE,TRUE
4978,34,"25 tot 35 jaar",FALSE,TRUE,"Mee eens",TRUE,"Mee eens",TRUE,TRUE,TRUE,TRUE,TRUE,FALSE
4979,56,"55 tot 65 jaar",TRUE,TRUE,"Helemaal mee eens",TRUE,"Mee eens",TRUE,TRUE,TRUE,TRUE,TRUE,TRUE
4980,45,"45 tot 55 jaar",TRUE,TRUE,"Helemaal mee eens",TRUE,"Mee eens",TRUE,TRUE,TRUE,TRUE,TRUE,TRUE
4981,54,"45 tot 55 jaar",TRUE,TRUE,"Helemaal mee eens",TRUE,"Mee eens",TRUE,TRUE,FALSE,TRUE,TRUE,TRUE
4982,39,"35 tot 45 jaar",FALSE,TRUE,"Mee eens",TRUE,"Mee eens",TRUE,FALSE,TRUE,TRUE,TRUE,TRUE
4983,36,"35 tot 45 jaar",TRUE,TRUE,"Mee eens",TRUE,"Mee eens",TRUE,TRUE,TRUE,TRUE,TRUE,TRUE
4984,70,"65 tot 75 jaar",FALSE,TRUE,"Helemaal mee oneens",FALSE,"Helemaal mee oneens",FALSE,FALSE,FALSE,FALSE,FALSE,FALSE
4985,20,"18 tot 25 jaar",FALSE,TRUE,"Mee eens",TRUE,"Mee eens",TRUE,TRUE,TRUE,TRUE,TRUE,TRUE
4986,54,"45 tot 55 jaar",TRUE,FALSE,"Mee eens",TRUE,"Mee eens",TRUE,TRUE,FALSE,TRUE,FALSE,TRUE
4987,59,"55 tot 65 jaar",TRUE,TRUE,"Mee eens",TRUE,"Mee eens",TRUE,TRUE,TRUE,TRUE,TRUE,TRUE
4988,32,"25 tot 35 jaar",TRUE,TRUE,"Helemaal mee eens",TRUE,"Helemaal mee eens",TRUE,TRUE,TRUE,TRUE,TRUE,TRUE
4989,19,"18 tot 25 jaar",FALSE,TRUE,"Helemaal mee eens",TRUE,"Niet mee eens, niet mee oneens",FALSE,TRUE,TRUE,TRUE,TRUE,TRUE
4990,20,"18 tot 25 jaar",FALSE,TRUE,"Helemaal mee eens",TRUE,"Helemaal mee eens",TRUE,TRUE,TRUE,TRUE,TRUE,TRUE
4991,31,"25 tot 35 jaar",FALSE,FALSE,"Helemaal mee eens",TRUE,"Mee eens",TRUE,TRUE,TRUE,TRUE,TRUE,FALSE
4992,25,"25 tot 35 jaar",TRUE,TRUE,"Mee eens",TRUE,"Mee eens",TRUE,TRUE,FALSE,TRUE,FALSE,FALSE
4993,30,"25 tot 35 jaar",FALSE,TRUE,"Helemaal mee eens",TRUE,"Mee eens",TRUE,TRUE,TRUE,TRUE,TRUE,TRUE
4994,68,"65 tot 75 jaar",TRUE,TRUE,"Mee eens",TRUE,"Mee eens",TRUE,TRUE,TRUE,TRUE,TRUE,TRUE
4995,60,"55 tot 65 jaar",FALSE,TRUE,"Mee eens",TRUE,"Mee eens",TRUE,TRUE,TRUE,TRUE,TRUE,TRUE
4996,41,"35 tot 45 jaar",FALSE,TRUE,"Helemaal mee eens",TRUE,"Helemaal mee eens",TRUE,TRUE,TRUE,TRUE,TRUE,TRUE
4997,31,"25 tot 35 jaar",FALSE,TRUE,"Mee eens",TRUE,"Helemaal mee eens",TRUE,TRUE,TRUE,TRUE,TRUE,TRUE
4998,57,"55 tot 65 jaar",FALSE,TRUE,"Mee oneens",FALSE,"Mee oneens",FALSE,TRUE,FALSE,FALSE,FALSE,TRUE
4999,89,"75 jaar of ouder",TRUE,TRUE,"Mee eens",TRUE,"Mee eens",TRUE,TRUE,TRUE,FALSE,TRUE,TRUE
5000,72,"65 tot 75 jaar",TRUE,TRUE,"Helemaal mee eens",TRUE,"Helemaal mee eens",TRUE,TRUE,TRUE,TRUE,TRUE,TRUE
5001,55,"55 tot 65 jaar",FALSE,FALSE,"Helemaal mee eens",TRUE,"Niet mee eens, niet mee oneens",FALSE,TRUE,FALSE,TRUE,TRUE,TRUE
5002,84,"75 jaar of ouder",TRUE,TRUE,"Mee eens",TRUE,"Niet mee eens, niet mee oneens",FALSE,TRUE,TRUE,TRUE,TRUE,TRUE
5003,28,"25 tot 35 jaar",TRUE,TRUE,"Helemaal mee eens",TRUE,"Helemaal mee eens",TRUE,TRUE,TRUE,TRUE,TRUE,TRUE
5004,63,"55 tot 65 jaar",TRUE,FALSE,"Helemaal mee eens",TRUE,"Helemaal mee eens",TRUE,TRUE,TRUE,TRUE,TRUE,FALSE
5005,19,"18 tot 25 jaar",FALSE,TRUE,"Mee eens",TRUE,"Niet mee eens, niet mee oneens",FALSE,FALSE,TRUE,TRUE,FALSE,FALSE
5006,56,"55 tot 65 jaar",TRUE,TRUE,"Helemaal mee eens",TRUE,"Helemaal mee eens",TRUE,TRUE,TRUE,TRUE,TRUE,TRUE
5007,19,"18 tot 25 jaar",TRUE,TRUE,"Mee eens",TRUE,"Mee eens",TRUE,TRUE,TRUE,TRUE,TRUE,TRUE
5008,86,"75 jaar of ouder",TRUE,TRUE,"Mee eens",TRUE,"Mee eens",TRUE,TRUE,TRUE,TRUE,FALSE,TRUE
5009,47,"45 tot 55 jaar",TRUE,FALSE,"Niet mee eens, niet mee oneens",FALSE,"Niet mee eens, niet mee oneens",FALSE,FALSE,FALSE,FALSE,TRUE,TRUE
5010,54,"45 tot 55 jaar",TRUE,TRUE,"Mee eens",TRUE,"Mee eens",TRUE,FALSE,TRUE,FALSE,FALSE,FALSE
5011,24,"18 tot 25 jaar",FALSE,TRUE,"Helemaal mee eens",TRUE,"Mee eens",TRUE,TRUE,TRUE,TRUE,TRUE,TRUE
5012,83,"75 jaar of ouder",TRUE,TRUE,"Mee eens",TRUE,"Mee eens",TRUE,TRUE,TRUE,TRUE,TRUE,FALSE
5013,74,"65 tot 75 jaar",FALSE,TRUE,"Helemaal mee eens",TRUE,"Helemaal mee eens",TRUE,TRUE,TRUE,TRUE,TRUE,TRUE
5014,90,"75 jaar of ouder",TRUE,TRUE,"Helemaal mee eens",TRUE,"Mee eens",TRUE,TRUE,TRUE,TRUE,TRUE,FALSE
5015,66,"65 tot 75 jaar",FALSE,TRUE,"Mee eens",TRUE,"Mee eens",TRUE,TRUE,FALSE,TRUE,TRUE,FALSE
5016,46,"45 tot 55 jaar",FALSE,TRUE,"Mee eens",TRUE,"Niet mee eens, niet mee oneens",FALSE,TRUE,FALSE,TRUE,TRUE,TRUE
5017,35,"35 tot 45 jaar",TRUE,TRUE,"Helemaal mee eens",TRUE,"Helemaal mee eens",TRUE,TRUE,TRUE,TRUE,TRUE,TRUE
5018,68,"65 tot 75 jaar",TRUE,TRUE,"Mee oneens",FALSE,"Mee eens",TRUE,TRUE,FALSE,TRUE,TRUE,TRUE
5019,69,"65 tot 75 jaar",FALSE,TRUE,"Helemaal mee eens",TRUE,"Mee eens",TRUE,TRUE,TRUE,TRUE,TRUE,FALSE
5020,54,"45 tot 55 jaar",TRUE,TRUE,"Mee eens",TRUE,"Mee eens",TRUE,TRUE,FALSE,FALSE,FALSE,FALSE
5021,42,"35 tot 45 jaar",FALSE,TRUE,"Helemaal mee eens",TRUE,"Mee eens",TRUE,TRUE,TRUE,TRUE,TRUE,TRUE
5022,72,"65 tot 75 jaar",FALSE,TRUE,"Mee eens",TRUE,"Mee eens",TRUE,TRUE,FALSE,TRUE,TRUE,FALSE
5023,43,"35 tot 45 jaar",FALSE,TRUE,"Mee eens",TRUE,"Niet mee eens, niet mee oneens",FALSE,TRUE,TRUE,TRUE,FALSE,FALSE
5024,49,"45 tot 55 jaar",FALSE,FALSE,"Mee eens",TRUE,"Mee eens",TRUE,TRUE,TRUE,TRUE,FALSE,TRUE
5025,36,"35 tot 45 jaar",TRUE,TRUE,"Mee eens",TRUE,"Helemaal mee eens",TRUE,TRUE,TRUE,TRUE,TRUE,FALSE
5026,29,"25 tot 35 jaar",FALSE,TRUE,"Helemaal mee eens",TRUE,"Mee oneens",FALSE,TRUE,TRUE,TRUE,FALSE,FALSE
5027,75,"75 jaar of ouder",TRUE,TRUE,"Helemaal mee eens",TRUE,"Helemaal mee eens",TRUE,TRUE,TRUE,TRUE,TRUE,TRUE
5028,64,"55 tot 65 jaar",TRUE,TRUE,"Mee eens",TRUE,"Mee eens",TRUE,TRUE,TRUE,TRUE,TRUE,TRUE
5029,60,"55 tot 65 jaar",FALSE,TRUE,"Helemaal mee eens",TRUE,"Helemaal mee eens",TRUE,TRUE,TRUE,TRUE,TRUE,TRUE
5030,25,"25 tot 35 jaar",FALSE,TRUE,"Niet mee eens, niet mee oneens",FALSE,"Niet mee eens, niet mee oneens",FALSE,TRUE,FALSE,FALSE,FALSE,FALSE
5031,66,"65 tot 75 jaar",TRUE,TRUE,"Mee eens",TRUE,"Niet mee eens, niet mee oneens",FALSE,TRUE,TRUE,TRUE,FALSE,TRUE
5032,66,"65 tot 75 jaar",FALSE,TRUE,"Helemaal mee eens",TRUE,"Mee eens",TRUE,TRUE,TRUE,TRUE,TRUE,TRUE
5033,47,"45 tot 55 jaar",FALSE,TRUE,"Niet mee eens, niet mee oneens",FALSE,"Helemaal mee eens",TRUE,TRUE,TRUE,TRUE,TRUE,TRUE
5034,46,"45 tot 55 jaar",FALSE,TRUE,"Mee eens",TRUE,"Niet mee eens, niet mee oneens",FALSE,TRUE,TRUE,FALSE,FALSE,TRUE
5035,62,"55 tot 65 jaar",TRUE,TRUE,"Helemaal mee eens",TRUE,"Mee eens",TRUE,TRUE,TRUE,TRUE,TRUE,TRUE
5036,21,"18 tot 25 jaar",FALSE,TRUE,"Mee eens",TRUE,"Mee eens",TRUE,TRUE,TRUE,TRUE,TRUE,FALSE
5037,74,"65 tot 75 jaar",TRUE,TRUE,"Mee eens",TRUE,"Mee eens",TRUE,FALSE,TRUE,FALSE,FALSE,TRUE
5038,70,"65 tot 75 jaar",FALSE,TRUE,"Mee eens",TRUE,"Helemaal mee eens",TRUE,TRUE,TRUE,TRUE,TRUE,TRUE
5039,27,"25 tot 35 jaar",FALSE,TRUE,"Mee eens",TRUE,"Niet mee eens, niet mee oneens",FALSE,TRUE,TRUE,TRUE,TRUE,TRUE
5040,42,"35 tot 45 jaar",TRUE,TRUE,"Helemaal mee eens",TRUE,"Helemaal mee eens",TRUE,TRUE,TRUE,TRUE,TRUE,TRUE
5041,50,"45 tot 55 jaar",FALSE,TRUE,"Helemaal mee eens",TRUE,"Mee eens",TRUE,TRUE,TRUE,TRUE,TRUE,TRUE
5042,50,"45 tot 55 jaar",FALSE,TRUE,"Mee eens",TRUE,"Niet mee eens, niet mee oneens",FALSE,TRUE,TRUE,TRUE,FALSE,FALSE
5043,41,"35 tot 45 jaar",TRUE,TRUE,"Helemaal mee eens",TRUE,"Mee eens",TRUE,TRUE,TRUE,TRUE,TRUE,TRUE
5044,23,"18 tot 25 jaar",FALSE,TRUE,"Mee eens",TRUE,"Mee eens",TRUE,TRUE,TRUE,TRUE,TRUE,TRUE
5045,29,"25 tot 35 jaar",TRUE,TRUE,"Helemaal mee eens",TRUE,"Helemaal mee eens",TRUE,TRUE,FALSE,TRUE,TRUE,TRUE
5046,57,"55 tot 65 jaar",FALSE,TRUE,"Mee eens",TRUE,"Niet mee eens, niet mee oneens",FALSE,FALSE,TRUE,FALSE,TRUE,FALSE
5047,37,"35 tot 45 jaar",TRUE,TRUE,"Mee eens",TRUE,"Mee eens",TRUE,TRUE,TRUE,TRUE,TRUE,FALSE
5048,31,"25 tot 35 jaar",TRUE,TRUE,"Helemaal mee eens",TRUE,"Mee eens",TRUE,TRUE,TRUE,TRUE,TRUE,TRUE
5049,30,"25 tot 35 jaar",FALSE,TRUE,"Helemaal mee eens",TRUE,"Mee eens",TRUE,TRUE,TRUE,TRUE,TRUE,TRUE
5050,18,"18 tot 25 jaar",FALSE,FALSE,"Mee eens",TRUE,"Niet mee eens, niet mee oneens",FALSE,TRUE,FALSE,TRUE,FALSE,TRUE
5051,88,"75 jaar of ouder",FALSE,TRUE,"Mee eens",TRUE,"Niet mee eens, niet mee oneens",FALSE,TRUE,FALSE,FALSE,FALSE,TRUE
5052,40,"35 tot 45 jaar",TRUE,TRUE,"Niet mee eens, niet mee oneens",FALSE,"Niet mee eens, niet mee oneens",FALSE,FALSE,FALSE,TRUE,FALSE,FALSE
5053,51,"45 tot 55 jaar",FALSE,TRUE,"Mee eens",TRUE,"Mee eens",TRUE,TRUE,TRUE,TRUE,TRUE,TRUE
5054,20,"18 tot 25 jaar",FALSE,TRUE,"Helemaal mee eens",TRUE,"Niet mee eens, niet mee oneens",FALSE,TRUE,TRUE,TRUE,TRUE,FALSE
5055,80,"75 jaar of ouder",FALSE,TRUE,"Mee eens",TRUE,"Niet mee eens, niet mee oneens",FALSE,FALSE,TRUE,FALSE,FALSE,FALSE
5056,18,"18 tot 25 jaar",FALSE,TRUE,"Helemaal mee eens",TRUE,"Helemaal mee eens",TRUE,TRUE,TRUE,TRUE,TRUE,TRUE
5057,85,"75 jaar of ouder",FALSE,TRUE,"Helemaal mee eens",TRUE,"Mee eens",TRUE,TRUE,TRUE,TRUE,TRUE,FALSE
5058,77,"75 jaar of ouder",TRUE,TRUE,"Mee eens",TRUE,"Mee oneens",FALSE,TRUE,TRUE,FALSE,FALSE,FALSE
5059,46,"45 tot 55 jaar",FALSE,TRUE,"Niet mee eens, niet mee oneens",FALSE,"Helemaal mee eens",TRUE,TRUE,TRUE,TRUE,TRUE,TRUE
5060,24,"18 tot 25 jaar",TRUE,TRUE,"Helemaal mee eens",TRUE,"Mee eens",TRUE,TRUE,TRUE,TRUE,TRUE,TRUE
5061,54,"45 tot 55 jaar",TRUE,TRUE,"Mee oneens",FALSE,"Helemaal mee oneens",FALSE,FALSE,TRUE,FALSE,FALSE,FALSE
5062,30,"25 tot 35 jaar",FALSE,TRUE,"Mee eens",TRUE,"Helemaal mee eens",TRUE,TRUE,TRUE,TRUE,TRUE,TRUE
5063,71,"65 tot 75 jaar",TRUE,TRUE,"Mee eens",TRUE,"Mee eens",TRUE,FALSE,TRUE,FALSE,TRUE,TRUE
5064,86,"75 jaar of ouder",TRUE,TRUE,"Mee eens",TRUE,"Niet mee eens, niet mee oneens",FALSE,TRUE,TRUE,TRUE,FALSE,FALSE
5065,73,"65 tot 75 jaar",FALSE,TRUE,"Mee eens",TRUE,"Niet mee eens, niet mee oneens",FALSE,TRUE,TRUE,FALSE,TRUE,TRUE
5066,57,"55 tot 65 jaar",FALSE,TRUE,"Helemaal mee eens",TRUE,"Niet mee eens, niet mee oneens",FALSE,FALSE,TRUE,TRUE,TRUE,TRUE
5067,28,"25 tot 35 jaar",TRUE,TRUE,"Helemaal mee eens",TRUE,"Mee eens",TRUE,TRUE,TRUE,TRUE,TRUE,FALSE
5068,29,"25 tot 35 jaar",TRUE,TRUE,"Helemaal mee eens",TRUE,"Helemaal mee eens",TRUE,TRUE,TRUE,TRUE,TRUE,TRUE
5069,32,"25 tot 35 jaar",FALSE,TRUE,"Mee eens",TRUE,"Mee eens",TRUE,TRUE,TRUE,TRUE,TRUE,TRUE
5070,76,"75 jaar of ouder",TRUE,TRUE,"Mee eens",TRUE,"Mee eens",TRUE,TRUE,FALSE,FALSE,TRUE,FALSE
5071,58,"55 tot 65 jaar",TRUE,TRUE,"Helemaal mee eens",TRUE,"Mee eens",TRUE,TRUE,TRUE,TRUE,TRUE,TRUE
5072,26,"25 tot 35 jaar",FALSE,TRUE,"Mee eens",TRUE,"Niet mee eens, niet mee oneens",FALSE,TRUE,TRUE,FALSE,TRUE,TRUE
5073,18,"18 tot 25 jaar",FALSE,TRUE,"Helemaal mee eens",TRUE,"Helemaal mee eens",TRUE,TRUE,TRUE,TRUE,TRUE,TRUE
5074,51,"45 tot 55 jaar",FALSE,TRUE,"Mee eens",TRUE,"Niet mee eens, niet mee oneens",FALSE,TRUE,TRUE,FALSE,FALSE,TRUE
5075,87,"75 jaar of ouder",TRUE,TRUE,"Mee eens",TRUE,"Mee eens",TRUE,TRUE,TRUE,TRUE,TRUE,TRUE
5076,31,"25 tot 35 jaar",FALSE,FALSE,"Mee eens",TRUE,"Niet mee eens, niet mee oneens",FALSE,TRUE,TRUE,FALSE,FALSE,TRUE
5077,51,"45 tot 55 jaar",FALSE,TRUE,"Helemaal mee eens",TRUE,"Mee eens",TRUE,TRUE,TRUE,TRUE,TRUE,TRUE
5078,37,"35 tot 45 jaar",FALSE,TRUE,"Mee eens",TRUE,"Mee eens",TRUE,TRUE,TRUE,TRUE,TRUE,FALSE
5079,32,"25 tot 35 jaar",FALSE,TRUE,"Helemaal mee eens",TRUE,"Mee eens",TRUE,TRUE,TRUE,FALSE,TRUE,TRUE
5080,64,"55 tot 65 jaar",TRUE,TRUE,"Mee eens",TRUE,"Helemaal mee eens",TRUE,TRUE,TRUE,TRUE,TRUE,TRUE
5081,33,"25 tot 35 jaar",TRUE,TRUE,"Mee eens",TRUE,"Mee eens",TRUE,TRUE,TRUE,TRUE,TRUE,TRUE
5082,37,"35 tot 45 jaar",FALSE,TRUE,"Helemaal mee eens",TRUE,"Helemaal mee eens",TRUE,TRUE,TRUE,TRUE,TRUE,FALSE
5083,63,"55 tot 65 jaar",TRUE,TRUE,"Niet mee eens, niet mee oneens",FALSE,"Helemaal mee oneens",FALSE,TRUE,FALSE,TRUE,FALSE,FALSE
5084,42,"35 tot 45 jaar",FALSE,TRUE,"Helemaal mee eens",TRUE,"Mee eens",TRUE,TRUE,TRUE,TRUE,TRUE,FALSE
5085,38,"35 tot 45 jaar",TRUE,TRUE,"Helemaal mee eens",TRUE,"Mee eens",TRUE,TRUE,TRUE,TRUE,TRUE,TRUE
5086,62,"55 tot 65 jaar",TRUE,FALSE,"Helemaal mee eens",TRUE,"Helemaal mee eens",TRUE,TRUE,TRUE,TRUE,TRUE,TRUE
5087,25,"25 tot 35 jaar",FALSE,TRUE,"Helemaal mee eens",TRUE,"Mee eens",TRUE,TRUE,TRUE,TRUE,TRUE,TRUE
5088,59,"55 tot 65 jaar",TRUE,TRUE,"Helemaal mee eens",TRUE,"Helemaal mee eens",TRUE,TRUE,TRUE,TRUE,TRUE,TRUE
5089,67,"65 tot 75 jaar",FALSE,TRUE,"Helemaal mee eens",TRUE,"Mee eens",TRUE,TRUE,TRUE,TRUE,TRUE,TRUE
5090,27,"25 tot 35 jaar",FALSE,TRUE,"Helemaal mee eens",TRUE,"Mee eens",TRUE,TRUE,TRUE,TRUE,TRUE,TRUE
5091,45,"45 tot 55 jaar",FALSE,TRUE,"Mee eens",TRUE,"Mee eens",TRUE,TRUE,TRUE,TRUE,TRUE,TRUE
5092,65,"65 tot 75 jaar",TRUE,TRUE,"Helemaal mee eens",TRUE,"Helemaal mee eens",TRUE,TRUE,TRUE,TRUE,TRUE,TRUE
5093,61,"55 tot 65 jaar",TRUE,TRUE,"Helemaal mee eens",TRUE,"Helemaal mee eens",TRUE,FALSE,TRUE,TRUE,TRUE,TRUE
5094,40,"35 tot 45 jaar",FALSE,TRUE,"Niet mee eens, niet mee oneens",FALSE,"Niet mee eens, niet mee oneens",FALSE,TRUE,TRUE,FALSE,FALSE,FALSE
5095,47,"45 tot 55 jaar",TRUE,TRUE,"Helemaal mee eens",TRUE,"Mee eens",TRUE,TRUE,TRUE,TRUE,FALSE,FALSE
5096,53,"45 tot 55 jaar",TRUE,TRUE,"Mee eens",TRUE,"Mee oneens",FALSE,FALSE,TRUE,TRUE,FALSE,FALSE
5097,25,"25 tot 35 jaar",FALSE,TRUE,"Mee eens",TRUE,"Niet mee eens, niet mee oneens",FALSE,FALSE,TRUE,TRUE,TRUE,TRUE
5098,75,"75 jaar of ouder",FALSE,TRUE,"Helemaal mee eens",TRUE,"Mee eens",TRUE,TRUE,TRUE,TRUE,TRUE,TRUE
5099,71,"65 tot 75 jaar",FALSE,TRUE,"Mee eens",TRUE,"Mee eens",TRUE,TRUE,TRUE,TRUE,TRUE,TRUE
5100,62,"55 tot 65 jaar",TRUE,TRUE,"Helemaal mee eens",TRUE,"Mee eens",TRUE,TRUE,FALSE,TRUE,TRUE,TRUE
5101,20,"18 tot 25 jaar",FALSE,TRUE,"Mee eens",TRUE,"Mee eens",TRUE,TRUE,TRUE,TRUE,TRUE,TRUE
5102,82,"75 jaar of ouder",TRUE,FALSE,"Niet mee eens, niet mee oneens",FALSE,"Mee oneens",FALSE,TRUE,FALSE,TRUE,TRUE,TRUE
5103,76,"75 jaar of ouder",FALSE,TRUE,"Helemaal mee eens",TRUE,"Mee eens",TRUE,TRUE,TRUE,TRUE,TRUE,TRUE
5104,80,"75 jaar of ouder",TRUE,TRUE,"Mee eens",TRUE,"Mee eens",TRUE,TRUE,TRUE,TRUE,TRUE,TRUE
5105,59,"55 tot 65 jaar",FALSE,TRUE,"Mee oneens",FALSE,"Niet mee eens, niet mee oneens",FALSE,TRUE,TRUE,FALSE,FALSE,FALSE
5106,47,"45 tot 55 jaar",FALSE,TRUE,"Helemaal mee eens",TRUE,"Helemaal mee eens",TRUE,TRUE,TRUE,TRUE,TRUE,TRUE
5107,71,"65 tot 75 jaar",FALSE,TRUE,"Niet mee eens, niet mee oneens",FALSE,"Niet mee eens, niet mee oneens",FALSE,TRUE,TRUE,TRUE,TRUE,FALSE
5108,73,"65 tot 75 jaar",FALSE,TRUE,"Helemaal mee eens",TRUE,"Mee eens",TRUE,TRUE,TRUE,TRUE,FALSE,TRUE
5109,34,"25 tot 35 jaar",FALSE,TRUE,"Helemaal mee eens",TRUE,"Mee eens",TRUE,TRUE,TRUE,TRUE,TRUE,TRUE
5110,32,"25 tot 35 jaar",TRUE,TRUE,"Helemaal mee eens",TRUE,"Mee eens",TRUE,TRUE,TRUE,TRUE,TRUE,TRUE
5111,20,"18 tot 25 jaar",FALSE,TRUE,"Helemaal mee eens",TRUE,"Niet mee eens, niet mee oneens",FALSE,FALSE,TRUE,TRUE,FALSE,TRUE
5112,71,"65 tot 75 jaar",FALSE,TRUE,"Mee eens",TRUE,"Mee eens",TRUE,TRUE,TRUE,TRUE,TRUE,TRUE
5113,69,"65 tot 75 jaar",TRUE,TRUE,"Helemaal mee oneens",FALSE,"Mee eens",TRUE,TRUE,TRUE,TRUE,FALSE,FALSE
5114,21,"18 tot 25 jaar",FALSE,TRUE,"Helemaal mee oneens",FALSE,"Mee oneens",FALSE,FALSE,TRUE,FALSE,FALSE,FALSE
5115,72,"65 tot 75 jaar",FALSE,TRUE,"Mee eens",TRUE,"Niet mee eens, niet mee oneens",FALSE,TRUE,TRUE,TRUE,TRUE,TRUE
5116,44,"35 tot 45 jaar",TRUE,FALSE,"Niet mee eens, niet mee oneens",FALSE,"Mee oneens",FALSE,TRUE,FALSE,FALSE,FALSE,TRUE
5117,44,"35 tot 45 jaar",TRUE,TRUE,"Mee eens",TRUE,"Mee eens",TRUE,TRUE,TRUE,FALSE,TRUE,TRUE
5118,49,"45 tot 55 jaar",FALSE,TRUE,"Helemaal mee eens",TRUE,"Mee eens",TRUE,TRUE,FALSE,TRUE,TRUE,TRUE
5119,69,"65 tot 75 jaar",FALSE,TRUE,"Helemaal mee eens",TRUE,"Helemaal mee eens",TRUE,TRUE,TRUE,TRUE,TRUE,TRUE
5120,37,"35 tot 45 jaar",TRUE,TRUE,"Mee eens",TRUE,"Mee eens",TRUE,TRUE,TRUE,TRUE,TRUE,FALSE
5121,50,"45 tot 55 jaar",TRUE,TRUE,"Mee eens",TRUE,"Mee eens",TRUE,FALSE,TRUE,TRUE,TRUE,FALSE
5122,25,"25 tot 35 jaar",TRUE,TRUE,"Mee eens",TRUE,"Mee eens",TRUE,TRUE,TRUE,TRUE,TRUE,TRUE
5123,59,"55 tot 65 jaar",FALSE,TRUE,"Niet mee eens, niet mee oneens",FALSE,"Niet mee eens, niet mee oneens",FALSE,FALSE,TRUE,FALSE,FALSE,FALSE
5124,41,"35 tot 45 jaar",TRUE,TRUE,"Helemaal mee eens",TRUE,"Mee eens",TRUE,TRUE,TRUE,TRUE,TRUE,TRUE
5125,36,"35 tot 45 jaar",FALSE,TRUE,"Helemaal mee eens",TRUE,"Mee eens",TRUE,TRUE,TRUE,TRUE,TRUE,TRUE
5126,27,"25 tot 35 jaar",FALSE,TRUE,"Niet mee eens, niet mee oneens",FALSE,"Niet mee eens, niet mee oneens",FALSE,TRUE,TRUE,TRUE,FALSE,FALSE
5127,35,"35 tot 45 jaar",TRUE,TRUE,"Helemaal mee eens",TRUE,"Helemaal mee eens",TRUE,TRUE,TRUE,TRUE,TRUE,TRUE
5128,32,"25 tot 35 jaar",FALSE,TRUE,"Helemaal mee eens",TRUE,"Niet mee eens, niet mee oneens",FALSE,TRUE,TRUE,TRUE,TRUE,TRUE
5129,71,"65 tot 75 jaar",FALSE,TRUE,"Helemaal mee eens",TRUE,"Helemaal mee eens",TRUE,TRUE,TRUE,TRUE,TRUE,TRUE
5130,63,"55 tot 65 jaar",FALSE,TRUE,"Mee eens",TRUE,"Mee eens",TRUE,TRUE,TRUE,FALSE,FALSE,TRUE
5131,53,"45 tot 55 jaar",FALSE,TRUE,"Helemaal mee eens",TRUE,"Mee eens",TRUE,TRUE,TRUE,TRUE,TRUE,TRUE
5132,51,"45 tot 55 jaar",FALSE,TRUE,"Mee eens",TRUE,"Niet mee eens, niet mee oneens",FALSE,TRUE,FALSE,FALSE,FALSE,FALSE
5133,30,"25 tot 35 jaar",FALSE,TRUE,"Mee eens",TRUE,"Mee eens",TRUE,TRUE,TRUE,TRUE,TRUE,TRUE
5134,62,"55 tot 65 jaar",FALSE,TRUE,"Helemaal mee eens",TRUE,"Mee eens",TRUE,TRUE,TRUE,TRUE,TRUE,TRUE
5135,72,"65 tot 75 jaar",TRUE,TRUE,"Mee eens",TRUE,"Mee eens",TRUE,TRUE,TRUE,TRUE,TRUE,FALSE
5136,63,"55 tot 65 jaar",FALSE,TRUE,"Mee eens",TRUE,"Mee eens",TRUE,TRUE,FALSE,TRUE,TRUE,TRUE
5137,50,"45 tot 55 jaar",FALSE,TRUE,"Mee eens",TRUE,"Mee eens",TRUE,TRUE,TRUE,TRUE,TRUE,FALSE
5138,71,"65 tot 75 jaar",FALSE,TRUE,"Mee eens",TRUE,"Mee eens",TRUE,TRUE,TRUE,TRUE,TRUE,TRUE
5139,34,"25 tot 35 jaar",FALSE,FALSE,"Niet mee eens, niet mee oneens",FALSE,"Niet mee eens, niet mee oneens",FALSE,TRUE,FALSE,TRUE,TRUE,FALSE
5140,49,"45 tot 55 jaar",FALSE,TRUE,"Helemaal mee eens",TRUE,"Niet mee eens, niet mee oneens",FALSE,TRUE,TRUE,TRUE,TRUE,TRUE
5141,26,"25 tot 35 jaar",TRUE,TRUE,"Helemaal mee eens",TRUE,"Mee eens",TRUE,TRUE,TRUE,TRUE,TRUE,TRUE
5142,60,"55 tot 65 jaar",TRUE,TRUE,"Mee eens",TRUE,"Mee eens",TRUE,TRUE,FALSE,TRUE,TRUE,TRUE
5143,69,"65 tot 75 jaar",FALSE,TRUE,"Helemaal mee eens",TRUE,"Mee eens",TRUE,TRUE,TRUE,TRUE,TRUE,FALSE
5144,36,"35 tot 45 jaar",TRUE,TRUE,"Mee eens",TRUE,"Mee eens",TRUE,TRUE,TRUE,TRUE,TRUE,TRUE
5145,81,"75 jaar of ouder",FALSE,TRUE,"Helemaal mee eens",TRUE,"Mee eens",TRUE,TRUE,TRUE,TRUE,TRUE,TRUE
5146,41,"35 tot 45 jaar",TRUE,TRUE,"Helemaal mee eens",TRUE,"Helemaal mee eens",TRUE,TRUE,TRUE,TRUE,TRUE,TRUE
5147,70,"65 tot 75 jaar",FALSE,TRUE,"Helemaal mee eens",TRUE,"Helemaal mee eens",TRUE,TRUE,TRUE,TRUE,TRUE,TRUE
5148,23,"18 tot 25 jaar",FALSE,TRUE,"Helemaal mee eens",TRUE,"Helemaal mee eens",TRUE,TRUE,FALSE,TRUE,TRUE,TRUE
5149,20,"18 tot 25 jaar",FALSE,TRUE,"Mee oneens",FALSE,"Niet mee eens, niet mee oneens",FALSE,FALSE,TRUE,FALSE,FALSE,TRUE
5150,45,"45 tot 55 jaar",FALSE,TRUE,"Helemaal mee eens",TRUE,"Helemaal mee eens",TRUE,TRUE,TRUE,TRUE,TRUE,TRUE
5151,67,"65 tot 75 jaar",FALSE,FALSE,"Niet mee eens, niet mee oneens",FALSE,"Niet mee eens, niet mee oneens",FALSE,TRUE,TRUE,TRUE,TRUE,TRUE
5152,19,"18 tot 25 jaar",FALSE,TRUE,"Mee eens",TRUE,"Helemaal mee eens",TRUE,TRUE,TRUE,TRUE,TRUE,TRUE
5153,80,"75 jaar of ouder",TRUE,TRUE,"Mee eens",TRUE,"Helemaal mee eens",TRUE,TRUE,TRUE,TRUE,TRUE,TRUE
5154,28,"25 tot 35 jaar",TRUE,TRUE,"Helemaal mee eens",TRUE,"Mee eens",TRUE,TRUE,TRUE,TRUE,TRUE,FALSE
5155,70,"65 tot 75 jaar",FALSE,TRUE,"Helemaal mee eens",TRUE,"Mee eens",TRUE,TRUE,FALSE,TRUE,TRUE,TRUE
5156,57,"55 tot 65 jaar",TRUE,TRUE,"Helemaal mee eens",TRUE,"Mee eens",TRUE,TRUE,TRUE,TRUE,TRUE,TRUE
5157,35,"35 tot 45 jaar",FALSE,TRUE,"Mee eens",TRUE,"Niet mee eens, niet mee oneens",FALSE,TRUE,TRUE,FALSE,FALSE,TRUE
5158,78,"75 jaar of ouder",TRUE,TRUE,"Mee eens",TRUE,"Mee eens",TRUE,TRUE,TRUE,TRUE,TRUE,TRUE
5159,41,"35 tot 45 jaar",FALSE,TRUE,"Mee eens",TRUE,"Helemaal mee eens",TRUE,TRUE,TRUE,TRUE,TRUE,TRUE
5160,80,"75 jaar of ouder",TRUE,TRUE,"Niet mee eens, niet mee oneens",FALSE,"Mee oneens",FALSE,TRUE,TRUE,TRUE,FALSE,FALSE
5161,84,"75 jaar of ouder",TRUE,TRUE,"Helemaal mee eens",TRUE,"Helemaal mee eens",TRUE,TRUE,TRUE,TRUE,TRUE,TRUE
5162,70,"65 tot 75 jaar",TRUE,TRUE,"Mee eens",TRUE,"Mee eens",TRUE,TRUE,TRUE,TRUE,TRUE,TRUE
5163,23,"18 tot 25 jaar",FALSE,TRUE,"Mee eens",TRUE,"Mee eens",TRUE,FALSE,FALSE,TRUE,TRUE,TRUE
5164,23,"18 tot 25 jaar",FALSE,TRUE,"Helemaal mee eens",TRUE,"Niet mee eens, niet mee oneens",FALSE,TRUE,TRUE,TRUE,TRUE,TRUE
5165,75,"75 jaar of ouder",TRUE,TRUE,"Mee eens",TRUE,"Mee eens",TRUE,TRUE,TRUE,TRUE,TRUE,TRUE
5166,31,"25 tot 35 jaar",TRUE,TRUE,"Helemaal mee eens",TRUE,"Helemaal mee eens",TRUE,TRUE,TRUE,TRUE,TRUE,TRUE
5167,23,"18 tot 25 jaar",FALSE,TRUE,"Helemaal mee eens",TRUE,"Mee eens",TRUE,TRUE,TRUE,TRUE,TRUE,TRUE
5168,73,"65 tot 75 jaar",FALSE,TRUE,"Mee eens",TRUE,"Mee eens",TRUE,TRUE,TRUE,TRUE,TRUE,TRUE
5169,69,"65 tot 75 jaar",TRUE,TRUE,"Helemaal mee eens",TRUE,"Helemaal mee eens",TRUE,TRUE,TRUE,TRUE,TRUE,TRUE
5170,23,"18 tot 25 jaar",FALSE,TRUE,"Helemaal mee eens",TRUE,"Mee eens",TRUE,TRUE,TRUE,TRUE,TRUE,TRUE
5171,49,"45 tot 55 jaar",TRUE,TRUE,"Mee eens",TRUE,"Mee eens",TRUE,TRUE,FALSE,TRUE,TRUE,TRUE
5172,28,"25 tot 35 jaar",FALSE,TRUE,"Mee eens",TRUE,"Niet mee eens, niet mee oneens",FALSE,TRUE,TRUE,FALSE,FALSE,TRUE
5173,19,"18 tot 25 jaar",FALSE,TRUE,"Helemaal mee eens",TRUE,"Niet mee eens, niet mee oneens",FALSE,TRUE,TRUE,TRUE,TRUE,TRUE
5174,78,"75 jaar of ouder",FALSE,TRUE,"Niet mee eens, niet mee oneens",FALSE,"Mee oneens",FALSE,FALSE,FALSE,FALSE,FALSE,FALSE
5175,74,"65 tot 75 jaar",TRUE,TRUE,"Mee eens",TRUE,"Mee eens",TRUE,FALSE,TRUE,TRUE,TRUE,TRUE
5176,60,"55 tot 65 jaar",TRUE,TRUE,"Helemaal mee eens",TRUE,"Mee eens",TRUE,TRUE,TRUE,TRUE,TRUE,TRUE
5177,32,"25 tot 35 jaar",FALSE,TRUE,"Mee eens",TRUE,"Niet mee eens, niet mee oneens",FALSE,TRUE,TRUE,TRUE,TRUE,FALSE
5178,47,"45 tot 55 jaar",FALSE,TRUE,"Helemaal mee eens",TRUE,"Mee eens",TRUE,TRUE,TRUE,TRUE,TRUE,TRUE
5179,18,"18 tot 25 jaar",TRUE,TRUE,"Mee eens",TRUE,"Mee oneens",FALSE,FALSE,FALSE,TRUE,FALSE,FALSE
5180,69,"65 tot 75 jaar",FALSE,TRUE,"Mee eens",TRUE,"Niet mee eens, niet mee oneens",FALSE,FALSE,TRUE,TRUE,TRUE,TRUE
5181,50,"45 tot 55 jaar",TRUE,TRUE,"Mee eens",TRUE,"Mee eens",TRUE,TRUE,TRUE,TRUE,TRUE,TRUE
5182,73,"65 tot 75 jaar",FALSE,TRUE,"Helemaal mee eens",TRUE,"Mee eens",TRUE,TRUE,TRUE,TRUE,TRUE,TRUE
5183,24,"18 tot 25 jaar",FALSE,FALSE,"Mee eens",TRUE,"Mee eens",TRUE,TRUE,TRUE,TRUE,TRUE,FALSE
5184,45,"45 tot 55 jaar",FALSE,TRUE,"Niet mee eens, niet mee oneens",FALSE,"Mee oneens",FALSE,TRUE,TRUE,TRUE,FALSE,FALSE
5185,71,"65 tot 75 jaar",TRUE,TRUE,"Helemaal mee eens",TRUE,"Mee eens",TRUE,TRUE,TRUE,TRUE,TRUE,TRUE
5186,60,"55 tot 65 jaar",FALSE,TRUE,"Niet mee eens, niet mee oneens",FALSE,"Niet mee eens, niet mee oneens",FALSE,TRUE,FALSE,FALSE,FALSE,FALSE
5187,78,"75 jaar of ouder",FALSE,TRUE,"Helemaal mee eens",TRUE,"Helemaal mee eens",TRUE,TRUE,TRUE,TRUE,TRUE,TRUE
5188,25,"25 tot 35 jaar",TRUE,FALSE,"Mee eens",TRUE,"Helemaal mee eens",TRUE,TRUE,TRUE,TRUE,TRUE,TRUE
5189,36,"35 tot 45 jaar",TRUE,TRUE,"Mee eens",TRUE,"Mee eens",TRUE,TRUE,TRUE,TRUE,TRUE,FALSE
5190,27,"25 tot 35 jaar",TRUE,TRUE,"Mee eens",TRUE,"Helemaal mee eens",TRUE,TRUE,TRUE,TRUE,TRUE,TRUE
5191,72,"65 tot 75 jaar",FALSE,TRUE,"Mee eens",TRUE,"Mee eens",TRUE,TRUE,TRUE,TRUE,TRUE,TRUE
5192,59,"55 tot 65 jaar",TRUE,TRUE,"Helemaal mee eens",TRUE,"Helemaal mee eens",TRUE,TRUE,TRUE,TRUE,TRUE,TRUE
5193,87,"75 jaar of ouder",FALSE,TRUE,"Helemaal mee eens",TRUE,"Helemaal mee eens",TRUE,TRUE,TRUE,TRUE,TRUE,TRUE
5194,73,"65 tot 75 jaar",TRUE,TRUE,"Mee eens",TRUE,"Niet mee eens, niet mee oneens",FALSE,FALSE,FALSE,TRUE,FALSE,FALSE
5195,29,"25 tot 35 jaar",TRUE,TRUE,"Helemaal mee eens",TRUE,"Mee eens",TRUE,TRUE,TRUE,TRUE,TRUE,TRUE
5196,49,"45 tot 55 jaar",FALSE,TRUE,"Helemaal mee eens",TRUE,"Mee eens",TRUE,FALSE,TRUE,TRUE,TRUE,TRUE
5197,30,"25 tot 35 jaar",TRUE,TRUE,"Mee eens",TRUE,"Mee eens",TRUE,TRUE,TRUE,TRUE,TRUE,FALSE
5198,75,"75 jaar of ouder",FALSE,TRUE,"Mee eens",TRUE,"Mee eens",TRUE,TRUE,TRUE,TRUE,TRUE,TRUE
5199,80,"75 jaar of ouder",TRUE,TRUE,"Niet mee eens, niet mee oneens",FALSE,"Helemaal mee oneens",FALSE,TRUE,FALSE,FALSE,FALSE,FALSE
5200,25,"25 tot 35 jaar",TRUE,TRUE,"Mee eens",TRUE,"Niet mee eens, niet mee oneens",FALSE,TRUE,TRUE,FALSE,FALSE,TRUE
5201,81,"75 jaar of ouder",TRUE,TRUE,"Helemaal mee eens",TRUE,"Mee eens",TRUE,TRUE,TRUE,TRUE,TRUE,TRUE
5202,32,"25 tot 35 jaar",FALSE,TRUE,"Niet mee eens, niet mee oneens",FALSE,"Niet mee eens, niet mee oneens",FALSE,FALSE,FALSE,FALSE,TRUE,FALSE
5203,19,"18 tot 25 jaar",FALSE,TRUE,"Mee eens",TRUE,"Mee eens",TRUE,FALSE,TRUE,TRUE,TRUE,TRUE
5204,28,"25 tot 35 jaar",TRUE,TRUE,"Mee eens",TRUE,"Mee eens",TRUE,TRUE,TRUE,TRUE,TRUE,TRUE
5205,53,"45 tot 55 jaar",FALSE,TRUE,"Mee eens",TRUE,"Helemaal mee eens",TRUE,TRUE,TRUE,TRUE,TRUE,TRUE
5206,72,"65 tot 75 jaar",TRUE,TRUE,"Helemaal mee eens",TRUE,"Mee eens",TRUE,FALSE,TRUE,TRUE,TRUE,FALSE
5207,19,"18 tot 25 jaar",TRUE,TRUE,"Mee eens",TRUE,"Helemaal mee eens",TRUE,TRUE,TRUE,TRUE,TRUE,TRUE
5208,34,"25 tot 35 jaar",FALSE,TRUE,"Helemaal mee eens",TRUE,"Helemaal mee eens",TRUE,TRUE,TRUE,TRUE,TRUE,TRUE
5209,65,"65 tot 75 jaar",TRUE,TRUE,"Helemaal mee eens",TRUE,"Helemaal mee eens",TRUE,TRUE,TRUE,TRUE,TRUE,TRUE
5210,49,"45 tot 55 jaar",FALSE,TRUE,"Mee eens",TRUE,"Mee eens",TRUE,TRUE,TRUE,TRUE,TRUE,FALSE
5211,27,"25 tot 35 jaar",FALSE,TRUE,"Helemaal mee eens",TRUE,"Mee eens",TRUE,TRUE,TRUE,TRUE,TRUE,TRUE
5212,52,"45 tot 55 jaar",FALSE,TRUE,"Helemaal mee eens",TRUE,"Helemaal mee eens",TRUE,TRUE,TRUE,TRUE,TRUE,TRUE
5213,59,"55 tot 65 jaar",FALSE,TRUE,"Mee eens",TRUE,"Niet mee eens, niet mee oneens",FALSE,TRUE,TRUE,TRUE,TRUE,TRUE
5214,39,"35 tot 45 jaar",FALSE,FALSE,"Niet mee eens, niet mee oneens",FALSE,"Niet mee eens, niet mee oneens",FALSE,TRUE,TRUE,FALSE,FALSE,FALSE
5215,79,"75 jaar of ouder",TRUE,TRUE,"Mee eens",TRUE,"Mee eens",TRUE,TRUE,TRUE,TRUE,TRUE,TRUE
5216,48,"45 tot 55 jaar",TRUE,TRUE,"Mee eens",TRUE,"Mee eens",TRUE,TRUE,FALSE,TRUE,TRUE,TRUE
5217,73,"65 tot 75 jaar",TRUE,FALSE,"Helemaal mee eens",TRUE,"Helemaal mee eens",TRUE,TRUE,FALSE,TRUE,TRUE,TRUE
5218,76,"75 jaar of ouder",TRUE,TRUE,"Helemaal mee eens",TRUE,"Helemaal mee eens",TRUE,TRUE,TRUE,FALSE,TRUE,FALSE
5219,63,"55 tot 65 jaar",TRUE,TRUE,"Mee oneens",FALSE,"Mee eens",TRUE,TRUE,FALSE,FALSE,FALSE,FALSE
5220,72,"65 tot 75 jaar",TRUE,TRUE,"Helemaal mee eens",TRUE,"Helemaal mee eens",TRUE,TRUE,TRUE,TRUE,TRUE,TRUE
5221,57,"55 tot 65 jaar",TRUE,TRUE,"Mee eens",TRUE,"Mee eens",TRUE,FALSE,TRUE,TRUE,TRUE,TRUE
5222,40,"35 tot 45 jaar",FALSE,FALSE,"Niet mee eens, niet mee oneens",FALSE,"Niet mee eens, niet mee oneens",FALSE,TRUE,TRUE,FALSE,FALSE,FALSE
5223,59,"55 tot 65 jaar",FALSE,TRUE,"Mee eens",TRUE,"Helemaal mee eens",TRUE,TRUE,TRUE,TRUE,TRUE,TRUE
5224,63,"55 tot 65 jaar",TRUE,TRUE,"Mee eens",TRUE,"Mee eens",TRUE,TRUE,TRUE,TRUE,TRUE,TRUE
5225,47,"45 tot 55 jaar",TRUE,TRUE,"Mee eens",TRUE,"Mee eens",TRUE,FALSE,TRUE,FALSE,TRUE,FALSE
5226,37,"35 tot 45 jaar",TRUE,TRUE,"Mee eens",TRUE,"Niet mee eens, niet mee oneens",FALSE,TRUE,TRUE,FALSE,FALSE,FALSE
5227,58,"55 tot 65 jaar",FALSE,TRUE,"Helemaal mee eens",TRUE,"Niet mee eens, niet mee oneens",FALSE,TRUE,TRUE,FALSE,TRUE,FALSE
5228,30,"25 tot 35 jaar",TRUE,TRUE,"Helemaal mee eens",TRUE,"Helemaal mee eens",TRUE,TRUE,TRUE,TRUE,TRUE,TRUE
5229,44,"35 tot 45 jaar",FALSE,TRUE,"Mee eens",TRUE,"Niet mee eens, niet mee oneens",FALSE,TRUE,TRUE,TRUE,FALSE,TRUE
5230,25,"25 tot 35 jaar",FALSE,TRUE,"Helemaal mee eens",TRUE,"Helemaal mee eens",TRUE,TRUE,TRUE,TRUE,TRUE,TRUE
5231,82,"75 jaar of ouder",TRUE,TRUE,"Niet mee eens, niet mee oneens",FALSE,"Niet mee eens, niet mee oneens",FALSE,TRUE,TRUE,TRUE,TRUE,TRUE
5232,33,"25 tot 35 jaar",FALSE,TRUE,"Mee eens",TRUE,"Mee eens",TRUE,TRUE,TRUE,TRUE,FALSE,FALSE
5233,55,"55 tot 65 jaar",TRUE,TRUE,"Mee eens",TRUE,"Mee eens",TRUE,TRUE,TRUE,TRUE,TRUE,TRUE
5234,45,"45 tot 55 jaar",TRUE,TRUE,"Helemaal mee eens",TRUE,"Mee oneens",FALSE,TRUE,TRUE,TRUE,FALSE,FALSE
5235,41,"35 tot 45 jaar",TRUE,TRUE,"Helemaal mee eens",TRUE,"Mee eens",TRUE,TRUE,TRUE,FALSE,TRUE,FALSE
5236,29,"25 tot 35 jaar",FALSE,TRUE,"Helemaal mee eens",TRUE,"Niet mee eens, niet mee oneens",FALSE,TRUE,FALSE,TRUE,TRUE,TRUE
5237,31,"25 tot 35 jaar",FALSE,TRUE,"Mee eens",TRUE,"Niet mee eens, niet mee oneens",FALSE,TRUE,TRUE,FALSE,FALSE,FALSE
5238,53,"45 tot 55 jaar",TRUE,TRUE,"Helemaal mee eens",TRUE,"Mee eens",TRUE,TRUE,TRUE,TRUE,TRUE,FALSE
5239,56,"55 tot 65 jaar",TRUE,TRUE,"Helemaal mee eens",TRUE,"Mee eens",TRUE,TRUE,FALSE,TRUE,TRUE,TRUE
5240,67,"65 tot 75 jaar",FALSE,TRUE,"Mee eens",TRUE,"Mee eens",TRUE,TRUE,TRUE,TRUE,TRUE,TRUE
5241,57,"55 tot 65 jaar",TRUE,TRUE,"Mee eens",TRUE,"Mee eens",TRUE,TRUE,TRUE,TRUE,TRUE,TRUE
5242,51,"45 tot 55 jaar",TRUE,TRUE,"Helemaal mee eens",TRUE,"Helemaal mee eens",TRUE,TRUE,TRUE,TRUE,TRUE,TRUE
5243,57,"55 tot 65 jaar",FALSE,FALSE,"Niet mee eens, niet mee oneens",FALSE,"Niet mee eens, niet mee oneens",FALSE,TRUE,FALSE,TRUE,TRUE,TRUE
5244,50,"45 tot 55 jaar",FALSE,TRUE,"Mee eens",TRUE,"Niet mee eens, niet mee oneens",FALSE,TRUE,TRUE,FALSE,FALSE,TRUE
5245,52,"45 tot 55 jaar",FALSE,TRUE,"Niet mee eens, niet mee oneens",FALSE,"Mee oneens",FALSE,FALSE,TRUE,FALSE,FALSE,FALSE
5246,32,"25 tot 35 jaar",FALSE,TRUE,"Mee eens",TRUE,"Helemaal mee eens",TRUE,TRUE,TRUE,TRUE,TRUE,TRUE
5247,44,"35 tot 45 jaar",TRUE,TRUE,"Helemaal mee eens",TRUE,"Helemaal mee eens",TRUE,TRUE,TRUE,TRUE,TRUE,TRUE
5248,69,"65 tot 75 jaar",TRUE,TRUE,"Mee eens",TRUE,"Mee eens",TRUE,TRUE,TRUE,TRUE,TRUE,FALSE
5249,73,"65 tot 75 jaar",TRUE,TRUE,"Helemaal mee eens",TRUE,"Mee eens",TRUE,FALSE,TRUE,TRUE,TRUE,TRUE
5250,42,"35 tot 45 jaar",FALSE,TRUE,"Mee eens",TRUE,"Mee eens",TRUE,TRUE,TRUE,FALSE,FALSE,FALSE
5251,72,"65 tot 75 jaar",TRUE,TRUE,"Mee eens",TRUE,"Mee oneens",FALSE,FALSE,TRUE,FALSE,FALSE,FALSE
5252,52,"45 tot 55 jaar",TRUE,TRUE,"Mee eens",TRUE,"Mee eens",TRUE,TRUE,TRUE,FALSE,TRUE,TRUE
5253,59,"55 tot 65 jaar",FALSE,TRUE,"Mee eens",TRUE,"Niet mee eens, niet mee oneens",FALSE,TRUE,FALSE,TRUE,TRUE,FALSE
5254,19,"18 tot 25 jaar",FALSE,TRUE,"Helemaal mee eens",TRUE,"Niet mee eens, niet mee oneens",FALSE,TRUE,TRUE,TRUE,TRUE,TRUE
5255,85,"75 jaar of ouder",TRUE,TRUE,"Mee eens",TRUE,"Mee eens",TRUE,TRUE,TRUE,TRUE,TRUE,TRUE
5256,27,"25 tot 35 jaar",TRUE,TRUE,"Helemaal mee eens",TRUE,"Helemaal mee eens",TRUE,TRUE,TRUE,TRUE,TRUE,TRUE
5257,41,"35 tot 45 jaar",TRUE,TRUE,"Helemaal mee eens",TRUE,"Helemaal mee eens",TRUE,TRUE,TRUE,TRUE,TRUE,TRUE
5258,55,"55 tot 65 jaar",FALSE,TRUE,"Helemaal mee eens",TRUE,"Mee eens",TRUE,TRUE,TRUE,TRUE,TRUE,TRUE
5259,60,"55 tot 65 jaar",TRUE,TRUE,"Mee eens",TRUE,"Mee eens",TRUE,TRUE,TRUE,TRUE,TRUE,TRUE
5260,27,"25 tot 35 jaar",FALSE,TRUE,"Niet mee eens, niet mee oneens",FALSE,"Niet mee eens, niet mee oneens",FALSE,FALSE,TRUE,TRUE,TRUE,FALSE
5261,64,"55 tot 65 jaar",FALSE,TRUE,"Helemaal mee eens",TRUE,"Helemaal mee eens",TRUE,TRUE,TRUE,TRUE,TRUE,TRUE
5262,77,"75 jaar of ouder",FALSE,TRUE,"Helemaal mee eens",TRUE,"Mee eens",TRUE,TRUE,TRUE,TRUE,TRUE,FALSE
5263,41,"35 tot 45 jaar",FALSE,TRUE,"Helemaal mee eens",TRUE,"Helemaal mee eens",TRUE,TRUE,TRUE,TRUE,TRUE,TRUE
5264,19,"18 tot 25 jaar",FALSE,TRUE,"Helemaal mee eens",TRUE,"Helemaal mee eens",TRUE,TRUE,TRUE,TRUE,TRUE,TRUE
5265,38,"35 tot 45 jaar",FALSE,TRUE,"Mee eens",TRUE,"Helemaal mee eens",TRUE,TRUE,TRUE,TRUE,TRUE,TRUE
5266,19,"18 tot 25 jaar",FALSE,TRUE,"Niet mee eens, niet mee oneens",FALSE,"Niet mee eens, niet mee oneens",FALSE,FALSE,TRUE,FALSE,FALSE,FALSE
5267,35,"35 tot 45 jaar",TRUE,TRUE,"Mee eens",TRUE,"Helemaal mee eens",TRUE,TRUE,TRUE,FALSE,TRUE,FALSE
5268,65,"65 tot 75 jaar",FALSE,TRUE,"Helemaal mee eens",TRUE,"Mee eens",TRUE,TRUE,TRUE,FALSE,TRUE,TRUE
5269,40,"35 tot 45 jaar",FALSE,TRUE,"Helemaal mee eens",TRUE,"Mee eens",TRUE,TRUE,TRUE,FALSE,FALSE,TRUE
5270,44,"35 tot 45 jaar",FALSE,TRUE,"Mee eens",TRUE,"Mee eens",TRUE,TRUE,TRUE,TRUE,TRUE,TRUE
5271,39,"35 tot 45 jaar",FALSE,TRUE,"Helemaal mee eens",TRUE,"Helemaal mee eens",TRUE,TRUE,TRUE,TRUE,TRUE,TRUE
5272,80,"75 jaar of ouder",FALSE,TRUE,"Mee eens",TRUE,"Mee eens",TRUE,TRUE,TRUE,FALSE,TRUE,TRUE
5273,40,"35 tot 45 jaar",FALSE,TRUE,"Niet mee eens, niet mee oneens",FALSE,"Niet mee eens, niet mee oneens",FALSE,TRUE,TRUE,FALSE,FALSE,FALSE
5274,80,"75 jaar of ouder",TRUE,TRUE,"Mee eens",TRUE,"Mee oneens",FALSE,TRUE,FALSE,FALSE,FALSE,FALSE
5275,65,"65 tot 75 jaar",TRUE,TRUE,"Helemaal mee eens",TRUE,"Mee eens",TRUE,TRUE,TRUE,TRUE,TRUE,TRUE
5276,87,"75 jaar of ouder",FALSE,TRUE,"Helemaal mee eens",TRUE,"Helemaal mee eens",TRUE,TRUE,TRUE,TRUE,TRUE,TRUE
5277,25,"25 tot 35 jaar",FALSE,TRUE,"Mee eens",TRUE,"Mee oneens",FALSE,TRUE,TRUE,TRUE,FALSE,FALSE
5278,55,"55 tot 65 jaar",TRUE,TRUE,"Helemaal mee eens",TRUE,"Mee eens",TRUE,TRUE,TRUE,TRUE,TRUE,TRUE
5279,68,"65 tot 75 jaar",TRUE,TRUE,"Mee eens",TRUE,"Mee eens",TRUE,TRUE,TRUE,TRUE,TRUE,FALSE
5280,39,"35 tot 45 jaar",FALSE,FALSE,"Niet mee eens, niet mee oneens",FALSE,"Mee eens",TRUE,FALSE,TRUE,TRUE,TRUE,TRUE
5281,40,"35 tot 45 jaar",TRUE,TRUE,"Mee eens",TRUE,"Niet mee eens, niet mee oneens",FALSE,TRUE,FALSE,TRUE,FALSE,TRUE
5282,58,"55 tot 65 jaar",TRUE,TRUE,"Helemaal mee eens",TRUE,"Mee eens",TRUE,TRUE,TRUE,TRUE,TRUE,FALSE
5283,30,"25 tot 35 jaar",FALSE,TRUE,"Mee eens",TRUE,"Mee eens",TRUE,FALSE,TRUE,FALSE,TRUE,FALSE
5284,43,"35 tot 45 jaar",FALSE,TRUE,"Mee eens",TRUE,"Niet mee eens, niet mee oneens",FALSE,TRUE,TRUE,FALSE,TRUE,FALSE
5285,58,"55 tot 65 jaar",TRUE,TRUE,"Helemaal mee eens",TRUE,"Helemaal mee eens",TRUE,TRUE,TRUE,TRUE,TRUE,TRUE
5286,25,"25 tot 35 jaar",FALSE,TRUE,"Mee eens",TRUE,"Niet mee eens, niet mee oneens",FALSE,FALSE,TRUE,FALSE,FALSE,FALSE
5287,63,"55 tot 65 jaar",TRUE,TRUE,"Mee eens",TRUE,"Mee eens",TRUE,TRUE,TRUE,TRUE,TRUE,TRUE
5288,55,"55 tot 65 jaar",TRUE,TRUE,"Mee eens",TRUE,"Mee eens",TRUE,TRUE,TRUE,TRUE,TRUE,TRUE
5289,39,"35 tot 45 jaar",FALSE,TRUE,"Mee eens",TRUE,"Mee oneens",FALSE,TRUE,TRUE,TRUE,FALSE,FALSE
5290,36,"35 tot 45 jaar",FALSE,TRUE,"Niet mee eens, niet mee oneens",FALSE,"Helemaal mee eens",TRUE,TRUE,TRUE,FALSE,TRUE,TRUE
5291,30,"25 tot 35 jaar",TRUE,FALSE,"Helemaal mee eens",TRUE,"Helemaal mee eens",TRUE,TRUE,TRUE,TRUE,TRUE,TRUE
5292,23,"18 tot 25 jaar",TRUE,TRUE,"Mee eens",TRUE,"Niet mee eens, niet mee oneens",FALSE,FALSE,TRUE,TRUE,FALSE,TRUE
5293,75,"75 jaar of ouder",TRUE,TRUE,"Mee eens",TRUE,"Niet mee eens, niet mee oneens",FALSE,FALSE,TRUE,TRUE,TRUE,TRUE
5294,56,"55 tot 65 jaar",FALSE,TRUE,"Helemaal mee eens",TRUE,"Helemaal mee eens",TRUE,TRUE,TRUE,TRUE,TRUE,TRUE
5295,64,"55 tot 65 jaar",TRUE,TRUE,"Mee eens",TRUE,"Mee eens",TRUE,FALSE,TRUE,FALSE,TRUE,FALSE
5296,22,"18 tot 25 jaar",FALSE,TRUE,"Niet mee eens, niet mee oneens",FALSE,"Mee oneens",FALSE,FALSE,TRUE,FALSE,FALSE,FALSE
5297,22,"18 tot 25 jaar",TRUE,TRUE,"Helemaal mee eens",TRUE,"Mee eens",TRUE,TRUE,TRUE,TRUE,TRUE,FALSE
5298,21,"18 tot 25 jaar",TRUE,TRUE,"Mee eens",TRUE,"Niet mee eens, niet mee oneens",FALSE,TRUE,TRUE,TRUE,FALSE,FALSE
5299,69,"65 tot 75 jaar",FALSE,TRUE,"Helemaal mee eens",TRUE,"Helemaal mee eens",TRUE,TRUE,TRUE,TRUE,TRUE,TRUE
5300,26,"25 tot 35 jaar",FALSE,TRUE,"Helemaal mee eens",TRUE,"Mee eens",TRUE,TRUE,TRUE,TRUE,TRUE,TRUE
5301,89,"75 jaar of ouder",FALSE,TRUE,"Mee eens",TRUE,"Niet mee eens, niet mee oneens",FALSE,TRUE,TRUE,TRUE,TRUE,TRUE
5302,52,"45 tot 55 jaar",FALSE,TRUE,"Helemaal mee eens",TRUE,"Helemaal mee eens",TRUE,TRUE,TRUE,TRUE,TRUE,TRUE
5303,67,"65 tot 75 jaar",FALSE,TRUE,"Helemaal mee eens",TRUE,"Helemaal mee eens",TRUE,TRUE,TRUE,TRUE,TRUE,TRUE
5304,50,"45 tot 55 jaar",TRUE,TRUE,"Mee eens",TRUE,"Mee eens",TRUE,TRUE,TRUE,TRUE,TRUE,TRUE
5305,90,"75 jaar of ouder",FALSE,TRUE,"Helemaal mee eens",TRUE,"Niet mee eens, niet mee oneens",FALSE,TRUE,TRUE,TRUE,TRUE,TRUE
5306,71,"65 tot 75 jaar",TRUE,TRUE,"Helemaal mee eens",TRUE,"Helemaal mee eens",TRUE,TRUE,TRUE,TRUE,TRUE,TRUE
5307,41,"35 tot 45 jaar",FALSE,FALSE,"Helemaal mee eens",TRUE,"Niet mee eens, niet mee oneens",FALSE,TRUE,TRUE,TRUE,TRUE,TRUE
5308,80,"75 jaar of ouder",TRUE,TRUE,"Helemaal mee eens",TRUE,"Mee eens",TRUE,TRUE,TRUE,TRUE,TRUE,FALSE
5309,38,"35 tot 45 jaar",FALSE,TRUE,"Helemaal mee eens",TRUE,"Mee eens",TRUE,FALSE,FALSE,TRUE,TRUE,TRUE
5310,59,"55 tot 65 jaar",FALSE,TRUE,"Helemaal mee eens",TRUE,"Niet mee eens, niet mee oneens",FALSE,TRUE,TRUE,TRUE,TRUE,TRUE
5311,47,"45 tot 55 jaar",TRUE,TRUE,"Mee eens",TRUE,"Mee eens",TRUE,FALSE,TRUE,TRUE,FALSE,FALSE
5312,23,"18 tot 25 jaar",FALSE,TRUE,"Mee eens",TRUE,"Mee eens",TRUE,TRUE,TRUE,TRUE,TRUE,TRUE
5313,70,"65 tot 75 jaar",FALSE,TRUE,"Niet mee eens, niet mee oneens",FALSE,"Niet mee eens, niet mee oneens",FALSE,TRUE,FALSE,TRUE,TRUE,TRUE
5314,34,"25 tot 35 jaar",TRUE,TRUE,"Helemaal mee eens",TRUE,"Mee eens",TRUE,TRUE,TRUE,TRUE,TRUE,TRUE
5315,36,"35 tot 45 jaar",TRUE,TRUE,"Mee eens",TRUE,"Mee eens",TRUE,TRUE,TRUE,TRUE,TRUE,TRUE
5316,49,"45 tot 55 jaar",TRUE,TRUE,"Helemaal mee eens",TRUE,"Mee eens",TRUE,TRUE,FALSE,TRUE,TRUE,TRUE
5317,54,"45 tot 55 jaar",FALSE,TRUE,"Mee eens",TRUE,"Mee eens",TRUE,FALSE,TRUE,TRUE,TRUE,TRUE
5318,49,"45 tot 55 jaar",FALSE,TRUE,"Mee eens",TRUE,"Mee eens",TRUE,TRUE,TRUE,TRUE,TRUE,TRUE
5319,57,"55 tot 65 jaar",FALSE,TRUE,"Niet mee eens, niet mee oneens",FALSE,"Niet mee eens, niet mee oneens",FALSE,TRUE,TRUE,FALSE,FALSE,TRUE
5320,25,"25 tot 35 jaar",TRUE,TRUE,"Helemaal mee eens",TRUE,"Niet mee eens, niet mee oneens",FALSE,TRUE,TRUE,TRUE,TRUE,TRUE
5321,65,"65 tot 75 jaar",FALSE,TRUE,"Mee eens",TRUE,"Mee eens",TRUE,TRUE,TRUE,TRUE,TRUE,TRUE
5322,51,"45 tot 55 jaar",TRUE,TRUE,"Mee eens",TRUE,"Mee eens",TRUE,TRUE,TRUE,FALSE,FALSE,TRUE
5323,58,"55 tot 65 jaar",FALSE,TRUE,"Helemaal mee eens",TRUE,"Mee eens",TRUE,TRUE,FALSE,FALSE,TRUE,TRUE
5324,28,"25 tot 35 jaar",TRUE,TRUE,"Helemaal mee eens",TRUE,"Mee eens",TRUE,TRUE,TRUE,TRUE,TRUE,FALSE
5325,34,"25 tot 35 jaar",TRUE,TRUE,"Mee eens",TRUE,"Mee eens",TRUE,TRUE,TRUE,TRUE,TRUE,TRUE
5326,53,"45 tot 55 jaar",TRUE,TRUE,"Mee eens",TRUE,"Niet mee eens, niet mee oneens",FALSE,FALSE,TRUE,TRUE,FALSE,TRUE
5327,42,"35 tot 45 jaar",TRUE,TRUE,"Mee eens",TRUE,"Helemaal mee eens",TRUE,TRUE,TRUE,TRUE,TRUE,TRUE
5328,18,"18 tot 25 jaar",FALSE,TRUE,"Helemaal mee eens",TRUE,"Helemaal mee eens",TRUE,TRUE,TRUE,TRUE,TRUE,TRUE
5329,59,"55 tot 65 jaar",TRUE,TRUE,"Mee eens",TRUE,"Mee oneens",FALSE,TRUE,FALSE,TRUE,FALSE,FALSE
5330,29,"25 tot 35 jaar",FALSE,FALSE,"Niet mee eens, niet mee oneens",FALSE,"Mee oneens",FALSE,FALSE,FALSE,FALSE,FALSE,FALSE
5331,69,"65 tot 75 jaar",FALSE,TRUE,"Mee eens",TRUE,"Niet mee eens, niet mee oneens",FALSE,TRUE,FALSE,TRUE,TRUE,FALSE
5332,77,"75 jaar of ouder",FALSE,TRUE,"Helemaal mee eens",TRUE,"Niet mee eens, niet mee oneens",FALSE,TRUE,TRUE,TRUE,TRUE,TRUE
5333,56,"55 tot 65 jaar",TRUE,TRUE,"Mee eens",TRUE,"Niet mee eens, niet mee oneens",FALSE,FALSE,TRUE,FALSE,FALSE,FALSE
5334,48,"45 tot 55 jaar",FALSE,TRUE,"Helemaal mee eens",TRUE,"Helemaal mee eens",TRUE,TRUE,TRUE,TRUE,TRUE,TRUE
5335,39,"35 tot 45 jaar",TRUE,FALSE,"Helemaal mee eens",TRUE,"Mee eens",TRUE,TRUE,TRUE,TRUE,TRUE,TRUE
5336,48,"45 tot 55 jaar",TRUE,TRUE,"Mee eens",TRUE,"Mee oneens",FALSE,TRUE,TRUE,TRUE,FALSE,TRUE
5337,28,"25 tot 35 jaar",FALSE,TRUE,"Helemaal mee eens",TRUE,"Mee eens",TRUE,TRUE,TRUE,TRUE,TRUE,FALSE
5338,32,"25 tot 35 jaar",FALSE,TRUE,"Niet mee eens, niet mee oneens",FALSE,"Niet mee eens, niet mee oneens",FALSE,TRUE,TRUE,FALSE,FALSE,FALSE
5339,66,"65 tot 75 jaar",FALSE,TRUE,"Mee eens",TRUE,"Mee eens",TRUE,TRUE,TRUE,TRUE,TRUE,TRUE
5340,48,"45 tot 55 jaar",TRUE,TRUE,"Mee eens",TRUE,"Mee eens",TRUE,TRUE,TRUE,TRUE,TRUE,TRUE
5341,45,"45 tot 55 jaar",TRUE,TRUE,"Helemaal mee eens",TRUE,"Helemaal mee eens",TRUE,TRUE,TRUE,TRUE,TRUE,TRUE
5342,22,"18 tot 25 jaar",FALSE,TRUE,"Mee eens",TRUE,"Niet mee eens, niet mee oneens",FALSE,TRUE,TRUE,TRUE,TRUE,FALSE
5343,34,"25 tot 35 jaar",FALSE,TRUE,"Mee eens",TRUE,"Mee eens",TRUE,TRUE,TRUE,TRUE,TRUE,TRUE
5344,21,"18 tot 25 jaar",TRUE,TRUE,"Helemaal mee eens",TRUE,"Helemaal mee eens",TRUE,TRUE,TRUE,TRUE,TRUE,TRUE
5345,25,"25 tot 35 jaar",TRUE,TRUE,"Helemaal mee eens",TRUE,"Mee eens",TRUE,TRUE,TRUE,TRUE,TRUE,TRUE
5346,29,"25 tot 35 jaar",FALSE,TRUE,"Niet mee eens, niet mee oneens",FALSE,"Niet mee eens, niet mee oneens",FALSE,TRUE,TRUE,TRUE,TRUE,TRUE
5347,54,"45 tot 55 jaar",TRUE,TRUE,"Helemaal mee eens",TRUE,"Mee eens",TRUE,TRUE,TRUE,TRUE,TRUE,TRUE
5348,29,"25 tot 35 jaar",TRUE,TRUE,"Helemaal mee eens",TRUE,"Helemaal mee eens",TRUE,TRUE,TRUE,TRUE,TRUE,TRUE
5349,50,"45 tot 55 jaar",FALSE,TRUE,"Mee eens",TRUE,"Niet mee eens, niet mee oneens",FALSE,TRUE,TRUE,TRUE,FALSE,FALSE
5350,22,"18 tot 25 jaar",TRUE,TRUE,"Mee eens",TRUE,"Mee eens",TRUE,TRUE,FALSE,TRUE,TRUE,TRUE
5351,68,"65 tot 75 jaar",FALSE,TRUE,"Helemaal mee eens",TRUE,"Mee eens",TRUE,TRUE,TRUE,TRUE,TRUE,TRUE
5352,87,"75 jaar of ouder",TRUE,TRUE,"Mee eens",TRUE,"Mee eens",TRUE,TRUE,TRUE,FALSE,TRUE,FALSE
5353,20,"18 tot 25 jaar",FALSE,TRUE,"Mee eens",TRUE,"Mee eens",TRUE,TRUE,TRUE,TRUE,TRUE,TRUE
5354,19,"18 tot 25 jaar",FALSE,TRUE,"Helemaal mee eens",TRUE,"Niet mee eens, niet mee oneens",FALSE,TRUE,TRUE,FALSE,TRUE,TRUE
5355,21,"18 tot 25 jaar",FALSE,TRUE,"Mee eens",TRUE,"Helemaal mee eens",TRUE,TRUE,TRUE,TRUE,TRUE,FALSE
5356,72,"65 tot 75 jaar",FALSE,TRUE,"Mee eens",TRUE,"Mee eens",TRUE,TRUE,TRUE,TRUE,TRUE,FALSE
5357,50,"45 tot 55 jaar",FALSE,TRUE,"Niet mee eens, niet mee oneens",FALSE,"Mee oneens",FALSE,TRUE,TRUE,FALSE,FALSE,TRUE
5358,54,"45 tot 55 jaar",TRUE,TRUE,"Helemaal mee eens",TRUE,"Helemaal mee eens",TRUE,TRUE,TRUE,TRUE,TRUE,TRUE
5359,24,"18 tot 25 jaar",FALSE,TRUE,"Mee eens",TRUE,"Mee eens",TRUE,TRUE,TRUE,TRUE,TRUE,FALSE
5360,70,"65 tot 75 jaar",FALSE,TRUE,"Mee eens",TRUE,"Niet mee eens, niet mee oneens",FALSE,TRUE,TRUE,TRUE,TRUE,TRUE
5361,37,"35 tot 45 jaar",TRUE,TRUE,"Mee eens",TRUE,"Mee eens",TRUE,TRUE,FALSE,TRUE,TRUE,TRUE
5362,62,"55 tot 65 jaar",FALSE,TRUE,"Mee eens",TRUE,"Mee eens",TRUE,TRUE,TRUE,TRUE,TRUE,TRUE
5363,70,"65 tot 75 jaar",FALSE,TRUE,"Mee eens",TRUE,"Helemaal mee eens",TRUE,TRUE,TRUE,TRUE,TRUE,TRUE
5364,50,"45 tot 55 jaar",FALSE,TRUE,"Mee eens",TRUE,"Niet mee eens, niet mee oneens",FALSE,TRUE,TRUE,TRUE,TRUE,FALSE
5365,69,"65 tot 75 jaar",TRUE,TRUE,"Helemaal mee eens",TRUE,"Mee eens",TRUE,TRUE,TRUE,TRUE,TRUE,TRUE
5366,74,"65 tot 75 jaar",TRUE,TRUE,"Helemaal mee eens",TRUE,"Helemaal mee eens",TRUE,TRUE,TRUE,TRUE,TRUE,TRUE
5367,70,"65 tot 75 jaar",FALSE,FALSE,"Niet mee eens, niet mee oneens",FALSE,"Mee oneens",FALSE,FALSE,TRUE,FALSE,FALSE,FALSE
5368,74,"65 tot 75 jaar",TRUE,TRUE,"Mee eens",TRUE,"Mee eens",TRUE,TRUE,TRUE,FALSE,TRUE,TRUE
5369,72,"65 tot 75 jaar",FALSE,TRUE,"Mee eens",TRUE,"Mee eens",TRUE,TRUE,TRUE,TRUE,FALSE,TRUE
5370,63,"55 tot 65 jaar",TRUE,TRUE,"Mee eens",TRUE,"Mee oneens",FALSE,TRUE,TRUE,FALSE,FALSE,TRUE
5371,61,"55 tot 65 jaar",FALSE,TRUE,"Helemaal mee eens",TRUE,"Mee eens",TRUE,TRUE,FALSE,FALSE,TRUE,TRUE
5372,45,"45 tot 55 jaar",TRUE,TRUE,"Helemaal mee eens",TRUE,"Helemaal mee eens",TRUE,TRUE,TRUE,TRUE,TRUE,TRUE
5373,45,"45 tot 55 jaar",TRUE,TRUE,"Helemaal mee eens",TRUE,"Mee eens",TRUE,TRUE,TRUE,TRUE,TRUE,TRUE
5374,55,"55 tot 65 jaar",TRUE,TRUE,"Helemaal mee eens",TRUE,"Helemaal mee eens",TRUE,TRUE,TRUE,TRUE,TRUE,TRUE
5375,33,"25 tot 35 jaar",FALSE,TRUE,"Mee eens",TRUE,"Niet mee eens, niet mee oneens",FALSE,TRUE,FALSE,TRUE,FALSE,FALSE
5376,38,"35 tot 45 jaar",FALSE,TRUE,"Mee eens",TRUE,"Mee eens",TRUE,TRUE,TRUE,TRUE,TRUE,TRUE
5377,43,"35 tot 45 jaar",FALSE,TRUE,"Helemaal mee eens",TRUE,"Mee eens",TRUE,TRUE,TRUE,TRUE,TRUE,TRUE
5378,61,"55 tot 65 jaar",FALSE,TRUE,"Helemaal mee eens",TRUE,"Mee eens",TRUE,TRUE,FALSE,FALSE,TRUE,TRUE
5379,25,"25 tot 35 jaar",FALSE,TRUE,"Helemaal mee eens",TRUE,"Helemaal mee eens",TRUE,TRUE,TRUE,TRUE,TRUE,TRUE
5380,46,"45 tot 55 jaar",FALSE,TRUE,"Helemaal mee eens",TRUE,"Mee eens",TRUE,TRUE,TRUE,TRUE,TRUE,TRUE
5381,60,"55 tot 65 jaar",TRUE,TRUE,"Mee eens",TRUE,"Mee eens",TRUE,TRUE,TRUE,FALSE,TRUE,TRUE
5382,50,"45 tot 55 jaar",TRUE,TRUE,"Helemaal mee eens",TRUE,"Helemaal mee eens",TRUE,TRUE,TRUE,TRUE,TRUE,TRUE
5383,37,"35 tot 45 jaar",TRUE,TRUE,"Mee oneens",FALSE,"Mee oneens",FALSE,FALSE,FALSE,FALSE,FALSE,FALSE
5384,52,"45 tot 55 jaar",TRUE,TRUE,"Helemaal mee eens",TRUE,"Helemaal mee eens",TRUE,TRUE,FALSE,TRUE,TRUE,TRUE
5385,88,"75 jaar of ouder",FALSE,TRUE,"Helemaal mee eens",TRUE,"Mee eens",TRUE,TRUE,TRUE,TRUE,TRUE,TRUE
5386,26,"25 tot 35 jaar",FALSE,FALSE,"Mee eens",TRUE,"Mee eens",TRUE,TRUE,TRUE,FALSE,TRUE,FALSE
5387,47,"45 tot 55 jaar",FALSE,TRUE,"Mee eens",TRUE,"Helemaal mee eens",TRUE,TRUE,TRUE,TRUE,TRUE,TRUE
5388,38,"35 tot 45 jaar",TRUE,TRUE,"Mee eens",TRUE,"Mee eens",TRUE,TRUE,TRUE,TRUE,TRUE,TRUE
5389,22,"18 tot 25 jaar",FALSE,TRUE,"Mee eens",TRUE,"Mee eens",TRUE,TRUE,TRUE,TRUE,TRUE,FALSE
5390,78,"75 jaar of ouder",FALSE,TRUE,"Helemaal mee eens",TRUE,"Helemaal mee eens",TRUE,TRUE,TRUE,TRUE,TRUE,TRUE
5391,36,"35 tot 45 jaar",TRUE,TRUE,"Helemaal mee eens",TRUE,"Helemaal mee eens",TRUE,TRUE,TRUE,TRUE,TRUE,TRUE
5392,45,"45 tot 55 jaar",FALSE,TRUE,"Niet mee eens, niet mee oneens",FALSE,"Helemaal mee oneens",FALSE,FALSE,FALSE,FALSE,FALSE,FALSE
5393,65,"65 tot 75 jaar",TRUE,TRUE,"Helemaal mee eens",TRUE,"Mee eens",TRUE,TRUE,TRUE,TRUE,FALSE,FALSE
5394,59,"55 tot 65 jaar",TRUE,TRUE,"Helemaal mee eens",TRUE,"Helemaal mee eens",TRUE,TRUE,TRUE,TRUE,TRUE,TRUE
5395,78,"75 jaar of ouder",FALSE,TRUE,"Helemaal mee eens",TRUE,"Mee eens",TRUE,TRUE,TRUE,TRUE,TRUE,TRUE
5396,42,"35 tot 45 jaar",FALSE,TRUE,"Mee eens",TRUE,"Mee eens",TRUE,TRUE,TRUE,TRUE,TRUE,FALSE
5397,89,"75 jaar of ouder",TRUE,TRUE,"Helemaal mee eens",TRUE,"Helemaal mee eens",TRUE,TRUE,TRUE,TRUE,TRUE,TRUE
5398,66,"65 tot 75 jaar",FALSE,TRUE,"Helemaal mee eens",TRUE,"Mee eens",TRUE,TRUE,FALSE,TRUE,TRUE,TRUE
5399,53,"45 tot 55 jaar",FALSE,TRUE,"Niet mee eens, niet mee oneens",FALSE,"Mee eens",TRUE,TRUE,TRUE,TRUE,TRUE,FALSE
5400,51,"45 tot 55 jaar",TRUE,TRUE,"Mee eens",TRUE,"Mee eens",TRUE,FALSE,TRUE,TRUE,FALSE,FALSE
5401,80,"75 jaar of ouder",TRUE,TRUE,"Mee eens",TRUE,"Mee eens",TRUE,TRUE,TRUE,TRUE,TRUE,TRUE
5402,82,"75 jaar of ouder",FALSE,TRUE,"Mee eens",TRUE,"Helemaal mee eens",TRUE,TRUE,TRUE,TRUE,TRUE,TRUE
5403,73,"65 tot 75 jaar",TRUE,TRUE,"Mee eens",TRUE,"Helemaal mee eens",TRUE,TRUE,FALSE,TRUE,TRUE,TRUE
5404,73,"65 tot 75 jaar",TRUE,TRUE,"Mee eens",TRUE,"Mee eens",TRUE,TRUE,TRUE,TRUE,FALSE,FALSE
5405,64,"55 tot 65 jaar",FALSE,TRUE,"Mee eens",TRUE,"Niet mee eens, niet mee oneens",FALSE,TRUE,FALSE,FALSE,FALSE,TRUE
5406,43,"35 tot 45 jaar",TRUE,TRUE,"Helemaal mee eens",TRUE,"Helemaal mee eens",TRUE,TRUE,TRUE,TRUE,TRUE,TRUE
5407,56,"55 tot 65 jaar",FALSE,TRUE,"Helemaal mee eens",TRUE,"Helemaal mee eens",TRUE,TRUE,TRUE,TRUE,TRUE,TRUE
5408,50,"45 tot 55 jaar",TRUE,TRUE,"Mee eens",TRUE,"Mee eens",TRUE,FALSE,TRUE,FALSE,TRUE,FALSE
5409,40,"35 tot 45 jaar",TRUE,TRUE,"Mee eens",TRUE,"Niet mee eens, niet mee oneens",FALSE,TRUE,TRUE,FALSE,FALSE,FALSE
5410,29,"25 tot 35 jaar",TRUE,TRUE,"Mee eens",TRUE,"Mee eens",TRUE,TRUE,TRUE,TRUE,TRUE,TRUE
5411,74,"65 tot 75 jaar",FALSE,TRUE,"Mee eens",TRUE,"Helemaal mee eens",TRUE,TRUE,TRUE,TRUE,TRUE,TRUE
5412,61,"55 tot 65 jaar",TRUE,TRUE,"Mee eens",TRUE,"Mee eens",TRUE,TRUE,TRUE,TRUE,TRUE,TRUE
5413,82,"75 jaar of ouder",FALSE,TRUE,"Mee eens",TRUE,"Mee eens",TRUE,TRUE,TRUE,TRUE,TRUE,TRUE
5414,32,"25 tot 35 jaar",TRUE,TRUE,"Helemaal mee eens",TRUE,"Helemaal mee eens",TRUE,TRUE,FALSE,TRUE,TRUE,FALSE
5415,26,"25 tot 35 jaar",FALSE,TRUE,"Mee eens",TRUE,"Mee eens",TRUE,TRUE,TRUE,FALSE,TRUE,TRUE
5416,59,"55 tot 65 jaar",FALSE,TRUE,"Mee eens",TRUE,"Mee eens",TRUE,TRUE,TRUE,TRUE,TRUE,TRUE
5417,62,"55 tot 65 jaar",FALSE,TRUE,"Mee eens",TRUE,"Niet mee eens, niet mee oneens",FALSE,TRUE,TRUE,TRUE,TRUE,FALSE
5418,34,"25 tot 35 jaar",FALSE,TRUE,"Helemaal mee eens",TRUE,"Niet mee eens, niet mee oneens",FALSE,TRUE,FALSE,TRUE,TRUE,TRUE
5419,20,"18 tot 25 jaar",TRUE,TRUE,"Mee eens",TRUE,"Mee eens",TRUE,TRUE,TRUE,TRUE,TRUE,TRUE
5420,58,"55 tot 65 jaar",FALSE,TRUE,"Mee eens",TRUE,"Mee eens",TRUE,TRUE,TRUE,TRUE,TRUE,FALSE
5421,50,"45 tot 55 jaar",TRUE,TRUE,"Helemaal mee eens",TRUE,"Mee eens",TRUE,TRUE,TRUE,TRUE,TRUE,TRUE
5422,88,"75 jaar of ouder",FALSE,TRUE,"Mee eens",TRUE,"Mee eens",TRUE,TRUE,TRUE,TRUE,TRUE,FALSE
5423,79,"75 jaar of ouder",TRUE,TRUE,"Mee eens",TRUE,"Niet mee eens, niet mee oneens",FALSE,TRUE,TRUE,FALSE,FALSE,FALSE
5424,48,"45 tot 55 jaar",FALSE,TRUE,"Mee eens",TRUE,"Niet mee eens, niet mee oneens",FALSE,FALSE,TRUE,TRUE,FALSE,FALSE
5425,25,"25 tot 35 jaar",FALSE,TRUE,"Mee eens",TRUE,"Mee eens",TRUE,TRUE,FALSE,TRUE,TRUE,TRUE
5426,19,"18 tot 25 jaar",FALSE,TRUE,"Mee eens",TRUE,"Niet mee eens, niet mee oneens",FALSE,TRUE,TRUE,FALSE,FALSE,TRUE
5427,39,"35 tot 45 jaar",FALSE,FALSE,"Helemaal mee eens",TRUE,"Mee eens",TRUE,TRUE,TRUE,TRUE,TRUE,TRUE
5428,26,"25 tot 35 jaar",TRUE,TRUE,"Mee eens",TRUE,"Helemaal mee eens",TRUE,TRUE,FALSE,TRUE,TRUE,TRUE
5429,23,"18 tot 25 jaar",FALSE,TRUE,"Mee eens",TRUE,"Niet mee eens, niet mee oneens",FALSE,TRUE,TRUE,FALSE,FALSE,TRUE
5430,53,"45 tot 55 jaar",FALSE,TRUE,"Mee eens",TRUE,"Mee oneens",FALSE,TRUE,TRUE,FALSE,FALSE,FALSE
5431,35,"35 tot 45 jaar",TRUE,TRUE,"Helemaal mee eens",TRUE,"Niet mee eens, niet mee oneens",FALSE,FALSE,TRUE,TRUE,TRUE,FALSE
5432,76,"75 jaar of ouder",FALSE,TRUE,"Mee eens",TRUE,"Niet mee eens, niet mee oneens",FALSE,TRUE,TRUE,TRUE,TRUE,TRUE
5433,62,"55 tot 65 jaar",FALSE,TRUE,"Helemaal mee eens",TRUE,"Mee eens",TRUE,TRUE,TRUE,TRUE,TRUE,FALSE
5434,32,"25 tot 35 jaar",FALSE,TRUE,"Niet mee eens, niet mee oneens",FALSE,"Niet mee eens, niet mee oneens",FALSE,FALSE,FALSE,FALSE,FALSE,TRUE
5435,61,"55 tot 65 jaar",TRUE,TRUE,"Helemaal mee eens",TRUE,"Mee eens",TRUE,TRUE,TRUE,TRUE,TRUE,FALSE
5436,33,"25 tot 35 jaar",TRUE,TRUE,"Helemaal mee eens",TRUE,"Mee eens",TRUE,TRUE,TRUE,TRUE,TRUE,FALSE
5437,55,"55 tot 65 jaar",TRUE,TRUE,"Mee eens",TRUE,"Mee eens",TRUE,TRUE,FALSE,TRUE,TRUE,TRUE
5438,49,"45 tot 55 jaar",FALSE,TRUE,"Mee eens",TRUE,"Helemaal mee eens",TRUE,TRUE,TRUE,TRUE,TRUE,TRUE
5439,80,"75 jaar of ouder",TRUE,TRUE,"Mee eens",TRUE,"Mee oneens",FALSE,TRUE,TRUE,FALSE,FALSE,FALSE
5440,26,"25 tot 35 jaar",FALSE,TRUE,"Helemaal mee eens",TRUE,"Mee eens",TRUE,TRUE,TRUE,TRUE,TRUE,TRUE
5441,42,"35 tot 45 jaar",FALSE,TRUE,"Helemaal mee eens",TRUE,"Mee eens",TRUE,TRUE,TRUE,TRUE,TRUE,FALSE
5442,66,"65 tot 75 jaar",FALSE,TRUE,"Mee eens",TRUE,"Mee eens",TRUE,TRUE,TRUE,TRUE,TRUE,TRUE
5443,29,"25 tot 35 jaar",TRUE,TRUE,"Helemaal mee eens",TRUE,"Helemaal mee eens",TRUE,TRUE,TRUE,TRUE,TRUE,TRUE
5444,39,"35 tot 45 jaar",FALSE,TRUE,"Helemaal mee eens",TRUE,"Mee eens",TRUE,FALSE,TRUE,FALSE,TRUE,FALSE
5445,49,"45 tot 55 jaar",FALSE,TRUE,"Mee eens",TRUE,"Mee eens",TRUE,TRUE,FALSE,TRUE,FALSE,FALSE
5446,67,"65 tot 75 jaar",FALSE,TRUE,"Niet mee eens, niet mee oneens",FALSE,"Mee eens",TRUE,TRUE,TRUE,FALSE,TRUE,FALSE
5447,86,"75 jaar of ouder",TRUE,TRUE,"Mee eens",TRUE,"Mee eens",TRUE,TRUE,TRUE,FALSE,FALSE,FALSE
5448,85,"75 jaar of ouder",FALSE,TRUE,"Mee eens",TRUE,"Mee eens",TRUE,TRUE,TRUE,TRUE,TRUE,TRUE
5449,36,"35 tot 45 jaar",TRUE,TRUE,"Mee eens",TRUE,"Mee eens",TRUE,TRUE,TRUE,TRUE,TRUE,TRUE
5450,78,"75 jaar of ouder",TRUE,TRUE,"Helemaal mee eens",TRUE,"Helemaal mee eens",TRUE,TRUE,TRUE,TRUE,TRUE,FALSE
5451,68,"65 tot 75 jaar",FALSE,TRUE,"Helemaal mee eens",TRUE,"Mee oneens",FALSE,TRUE,TRUE,FALSE,TRUE,TRUE
5452,20,"18 tot 25 jaar",FALSE,TRUE,"Helemaal mee eens",TRUE,"Helemaal mee eens",TRUE,TRUE,TRUE,TRUE,FALSE,TRUE
5453,86,"75 jaar of ouder",FALSE,TRUE,"Mee eens",TRUE,"Helemaal mee eens",TRUE,TRUE,TRUE,TRUE,TRUE,TRUE
5454,40,"35 tot 45 jaar",TRUE,TRUE,"Helemaal mee eens",TRUE,"Niet mee eens, niet mee oneens",FALSE,TRUE,FALSE,TRUE,FALSE,TRUE
5455,33,"25 tot 35 jaar",TRUE,TRUE,"Helemaal mee eens",TRUE,"Mee eens",TRUE,TRUE,FALSE,TRUE,TRUE,TRUE
5456,63,"55 tot 65 jaar",TRUE,TRUE,"Helemaal mee eens",TRUE,"Helemaal mee eens",TRUE,TRUE,FALSE,TRUE,TRUE,TRUE
5457,85,"75 jaar of ouder",TRUE,TRUE,"Helemaal mee eens",TRUE,"Mee eens",TRUE,TRUE,TRUE,TRUE,TRUE,TRUE
5458,86,"75 jaar of ouder",FALSE,TRUE,"Mee oneens",FALSE,"Mee oneens",FALSE,FALSE,TRUE,FALSE,FALSE,FALSE
5459,18,"18 tot 25 jaar",FALSE,TRUE,"Helemaal mee eens",TRUE,"Helemaal mee eens",TRUE,TRUE,TRUE,TRUE,TRUE,TRUE
5460,77,"75 jaar of ouder",TRUE,TRUE,"Mee eens",TRUE,"Niet mee eens, niet mee oneens",FALSE,TRUE,TRUE,TRUE,FALSE,FALSE
5461,77,"75 jaar of ouder",FALSE,TRUE,"Mee eens",TRUE,"Niet mee eens, niet mee oneens",FALSE,TRUE,TRUE,TRUE,TRUE,TRUE
5462,28,"25 tot 35 jaar",TRUE,TRUE,"Helemaal mee eens",TRUE,"Mee eens",TRUE,TRUE,TRUE,TRUE,TRUE,TRUE
5463,37,"35 tot 45 jaar",TRUE,TRUE,"Niet mee eens, niet mee oneens",FALSE,"Mee eens",TRUE,FALSE,TRUE,FALSE,TRUE,FALSE
5464,63,"55 tot 65 jaar",FALSE,TRUE,"Mee eens",TRUE,"Mee eens",TRUE,TRUE,TRUE,TRUE,TRUE,TRUE
5465,45,"45 tot 55 jaar",TRUE,TRUE,"Helemaal mee eens",TRUE,"Mee eens",TRUE,TRUE,TRUE,FALSE,TRUE,FALSE
5466,25,"25 tot 35 jaar",FALSE,TRUE,"Mee eens",TRUE,"Mee eens",TRUE,TRUE,TRUE,TRUE,TRUE,FALSE
5467,45,"45 tot 55 jaar",FALSE,TRUE,"Mee eens",TRUE,"Mee eens",TRUE,TRUE,TRUE,TRUE,TRUE,TRUE
5468,56,"55 tot 65 jaar",FALSE,TRUE,"Mee eens",TRUE,"Mee eens",TRUE,TRUE,TRUE,TRUE,TRUE,TRUE
5469,45,"45 tot 55 jaar",TRUE,TRUE,"Mee oneens",FALSE,"Mee oneens",FALSE,TRUE,TRUE,FALSE,FALSE,FALSE
5470,23,"18 tot 25 jaar",FALSE,TRUE,"Mee eens",TRUE,"Niet mee eens, niet mee oneens",FALSE,TRUE,TRUE,TRUE,TRUE,TRUE
5471,46,"45 tot 55 jaar",FALSE,TRUE,"Mee eens",TRUE,"Niet mee eens, niet mee oneens",FALSE,FALSE,TRUE,TRUE,TRUE,FALSE
5472,62,"55 tot 65 jaar",FALSE,TRUE,"Mee eens",TRUE,"Niet mee eens, niet mee oneens",FALSE,TRUE,TRUE,TRUE,TRUE,FALSE
5473,32,"25 tot 35 jaar",FALSE,TRUE,"Helemaal mee eens",TRUE,"Helemaal mee eens",TRUE,TRUE,TRUE,TRUE,TRUE,TRUE
5474,62,"55 tot 65 jaar",TRUE,TRUE,"Mee eens",TRUE,"Mee eens",TRUE,TRUE,TRUE,TRUE,TRUE,FALSE
5475,39,"35 tot 45 jaar",FALSE,TRUE,"Mee eens",TRUE,"Niet mee eens, niet mee oneens",FALSE,TRUE,TRUE,FALSE,FALSE,FALSE
5476,51,"45 tot 55 jaar",FALSE,TRUE,"Helemaal mee eens",TRUE,"Mee eens",TRUE,TRUE,TRUE,TRUE,TRUE,TRUE
5477,48,"45 tot 55 jaar",FALSE,TRUE,"Mee eens",TRUE,"Mee eens",TRUE,TRUE,TRUE,TRUE,TRUE,TRUE
5478,47,"45 tot 55 jaar",TRUE,TRUE,"Helemaal mee eens",TRUE,"Helemaal mee eens",TRUE,TRUE,TRUE,TRUE,TRUE,TRUE
5479,61,"55 tot 65 jaar",TRUE,TRUE,"Helemaal mee eens",TRUE,"Mee eens",TRUE,TRUE,TRUE,TRUE,TRUE,TRUE
5480,81,"75 jaar of ouder",TRUE,TRUE,"Mee eens",TRUE,"Niet mee eens, niet mee oneens",FALSE,TRUE,TRUE,TRUE,TRUE,TRUE
5481,19,"18 tot 25 jaar",FALSE,TRUE,"Helemaal mee eens",TRUE,"Helemaal mee eens",TRUE,TRUE,TRUE,TRUE,TRUE,TRUE
5482,70,"65 tot 75 jaar",TRUE,TRUE,"Helemaal mee eens",TRUE,"Mee eens",TRUE,TRUE,TRUE,TRUE,TRUE,TRUE
5483,23,"18 tot 25 jaar",TRUE,TRUE,"Mee eens",TRUE,"Mee eens",TRUE,TRUE,TRUE,TRUE,TRUE,TRUE
5484,54,"45 tot 55 jaar",TRUE,TRUE,"Mee eens",TRUE,"Mee eens",TRUE,TRUE,TRUE,TRUE,TRUE,FALSE
5485,39,"35 tot 45 jaar",FALSE,TRUE,"Helemaal mee eens",TRUE,"Helemaal mee eens",TRUE,TRUE,TRUE,TRUE,TRUE,TRUE
5486,54,"45 tot 55 jaar",FALSE,TRUE,"Niet mee eens, niet mee oneens",FALSE,"Niet mee eens, niet mee oneens",FALSE,TRUE,TRUE,TRUE,FALSE,TRUE
5487,70,"65 tot 75 jaar",TRUE,TRUE,"Helemaal mee eens",TRUE,"Mee eens",TRUE,TRUE,FALSE,TRUE,TRUE,TRUE
5488,49,"45 tot 55 jaar",FALSE,TRUE,"Niet mee eens, niet mee oneens",FALSE,"Niet mee eens, niet mee oneens",FALSE,TRUE,FALSE,TRUE,FALSE,FALSE
5489,68,"65 tot 75 jaar",TRUE,TRUE,"Helemaal mee eens",TRUE,"Helemaal mee eens",TRUE,TRUE,TRUE,TRUE,TRUE,TRUE
5490,44,"35 tot 45 jaar",FALSE,TRUE,"Mee eens",TRUE,"Niet mee eens, niet mee oneens",FALSE,TRUE,FALSE,TRUE,FALSE,FALSE
5491,60,"55 tot 65 jaar",FALSE,TRUE,"Mee eens",TRUE,"Niet mee eens, niet mee oneens",FALSE,TRUE,TRUE,FALSE,FALSE,TRUE
5492,80,"75 jaar of ouder",FALSE,TRUE,"Mee eens",TRUE,"Niet mee eens, niet mee oneens",FALSE,TRUE,FALSE,TRUE,FALSE,FALSE
5493,72,"65 tot 75 jaar",TRUE,TRUE,"Mee eens",TRUE,"Mee eens",TRUE,FALSE,TRUE,FALSE,TRUE,TRUE
5494,89,"75 jaar of ouder",TRUE,TRUE,"Helemaal mee eens",TRUE,"Mee eens",TRUE,TRUE,TRUE,TRUE,TRUE,TRUE
5495,74,"65 tot 75 jaar",FALSE,TRUE,"Helemaal mee eens",TRUE,"Mee eens",TRUE,TRUE,TRUE,TRUE,TRUE,TRUE
5496,47,"45 tot 55 jaar",FALSE,TRUE,"Niet mee eens, niet mee oneens",FALSE,"Niet mee eens, niet mee oneens",FALSE,TRUE,TRUE,FALSE,FALSE,FALSE
5497,81,"75 jaar of ouder",FALSE,TRUE,"Mee eens",TRUE,"Mee eens",TRUE,FALSE,FALSE,TRUE,FALSE,FALSE
5498,48,"45 tot 55 jaar",FALSE,TRUE,"Helemaal mee eens",TRUE,"Mee eens",TRUE,TRUE,FALSE,TRUE,TRUE,TRUE
5499,34,"25 tot 35 jaar",FALSE,TRUE,"Mee eens",TRUE,"Mee eens",TRUE,TRUE,TRUE,TRUE,TRUE,FALSE
5500,41,"35 tot 45 jaar",TRUE,FALSE,"Helemaal mee eens",TRUE,"Helemaal mee eens",TRUE,TRUE,TRUE,FALSE,TRUE,TRUE
5501,53,"45 tot 55 jaar",FALSE,TRUE,"Helemaal mee eens",TRUE,"Mee eens",TRUE,TRUE,TRUE,TRUE,TRUE,TRUE
5502,80,"75 jaar of ouder",TRUE,TRUE,"Mee eens",TRUE,"Mee eens",TRUE,TRUE,TRUE,TRUE,TRUE,TRUE
5503,52,"45 tot 55 jaar",FALSE,TRUE,"Mee eens",TRUE,"Mee oneens",FALSE,TRUE,TRUE,TRUE,FALSE,TRUE
5504,67,"65 tot 75 jaar",TRUE,TRUE,"Helemaal mee eens",TRUE,"Mee eens",TRUE,TRUE,TRUE,TRUE,TRUE,TRUE
5505,64,"55 tot 65 jaar",FALSE,TRUE,"Mee eens",TRUE,"Helemaal mee eens",TRUE,TRUE,TRUE,TRUE,TRUE,TRUE
5506,47,"45 tot 55 jaar",FALSE,TRUE,"Mee eens",TRUE,"Niet mee eens, niet mee oneens",FALSE,TRUE,FALSE,TRUE,FALSE,TRUE
5507,63,"55 tot 65 jaar",TRUE,TRUE,"Mee eens",TRUE,"Mee eens",TRUE,TRUE,TRUE,TRUE,FALSE,FALSE
5508,73,"65 tot 75 jaar",FALSE,TRUE,"Niet mee eens, niet mee oneens",FALSE,"Mee oneens",FALSE,TRUE,TRUE,FALSE,FALSE,FALSE
5509,66,"65 tot 75 jaar",TRUE,FALSE,"Helemaal mee eens",TRUE,"Helemaal mee eens",TRUE,TRUE,TRUE,TRUE,TRUE,TRUE
5510,36,"35 tot 45 jaar",TRUE,TRUE,"Mee eens",TRUE,"Mee eens",TRUE,TRUE,TRUE,TRUE,TRUE,FALSE
5511,82,"75 jaar of ouder",FALSE,TRUE,"Mee eens",TRUE,"Mee oneens",FALSE,FALSE,TRUE,TRUE,FALSE,FALSE
5512,31,"25 tot 35 jaar",TRUE,TRUE,"Mee eens",TRUE,"Helemaal mee eens",TRUE,TRUE,TRUE,TRUE,TRUE,TRUE
5513,64,"55 tot 65 jaar",FALSE,TRUE,"Mee eens",TRUE,"Niet mee eens, niet mee oneens",FALSE,TRUE,FALSE,TRUE,FALSE,FALSE
5514,66,"65 tot 75 jaar",FALSE,TRUE,"Helemaal mee eens",TRUE,"Mee eens",TRUE,TRUE,TRUE,TRUE,TRUE,TRUE
5515,28,"25 tot 35 jaar",FALSE,TRUE,"Helemaal mee eens",TRUE,"Mee eens",TRUE,TRUE,TRUE,TRUE,TRUE,FALSE
5516,59,"55 tot 65 jaar",TRUE,TRUE,"Helemaal mee eens",TRUE,"Niet mee eens, niet mee oneens",FALSE,TRUE,TRUE,TRUE,TRUE,TRUE
5517,30,"25 tot 35 jaar",FALSE,TRUE,"Helemaal mee eens",TRUE,"Helemaal mee eens",TRUE,FALSE,TRUE,TRUE,TRUE,TRUE
5518,59,"55 tot 65 jaar",FALSE,TRUE,"Helemaal mee eens",TRUE,"Mee eens",TRUE,TRUE,TRUE,TRUE,TRUE,TRUE
5519,34,"25 tot 35 jaar",TRUE,TRUE,"Niet mee eens, niet mee oneens",FALSE,"Mee oneens",FALSE,TRUE,FALSE,TRUE,FALSE,FALSE
5520,44,"35 tot 45 jaar",FALSE,TRUE,"Helemaal mee eens",TRUE,"Mee eens",TRUE,TRUE,TRUE,TRUE,TRUE,TRUE
5521,37,"35 tot 45 jaar",TRUE,TRUE,"Helemaal mee eens",TRUE,"Mee eens",TRUE,TRUE,TRUE,TRUE,TRUE,TRUE
5522,46,"45 tot 55 jaar",FALSE,TRUE,"Helemaal mee eens",TRUE,"Helemaal mee eens",TRUE,TRUE,TRUE,TRUE,TRUE,TRUE
5523,62,"55 tot 65 jaar",FALSE,TRUE,"Mee eens",TRUE,"Helemaal mee eens",TRUE,TRUE,TRUE,TRUE,TRUE,TRUE
5524,55,"55 tot 65 jaar",TRUE,TRUE,"Helemaal mee eens",TRUE,"Mee eens",TRUE,TRUE,FALSE,TRUE,TRUE,TRUE
5525,63,"55 tot 65 jaar",FALSE,TRUE,"Mee eens",TRUE,"Mee eens",TRUE,TRUE,TRUE,TRUE,FALSE,TRUE
5526,46,"45 tot 55 jaar",FALSE,TRUE,"Helemaal mee eens",TRUE,"Helemaal mee eens",TRUE,TRUE,TRUE,TRUE,TRUE,TRUE
5527,77,"75 jaar of ouder",FALSE,TRUE,"Mee eens",TRUE,"Niet mee eens, niet mee oneens",FALSE,TRUE,TRUE,TRUE,TRUE,TRUE
5528,85,"75 jaar of ouder",FALSE,TRUE,"Helemaal mee eens",TRUE,"Helemaal mee eens",TRUE,TRUE,TRUE,TRUE,TRUE,TRUE
5529,30,"25 tot 35 jaar",TRUE,TRUE,"Mee eens",TRUE,"Helemaal mee eens",TRUE,TRUE,TRUE,TRUE,TRUE,TRUE
5530,72,"65 tot 75 jaar",TRUE,TRUE,"Mee eens",TRUE,"Mee eens",TRUE,TRUE,TRUE,TRUE,TRUE,FALSE
5531,72,"65 tot 75 jaar",TRUE,TRUE,"Mee eens",TRUE,"Mee eens",TRUE,TRUE,TRUE,TRUE,TRUE,TRUE
5532,32,"25 tot 35 jaar",FALSE,TRUE,"Helemaal mee eens",TRUE,"Niet mee eens, niet mee oneens",FALSE,TRUE,FALSE,TRUE,TRUE,TRUE
5533,72,"65 tot 75 jaar",FALSE,TRUE,"Helemaal mee eens",TRUE,"Helemaal mee eens",TRUE,TRUE,TRUE,TRUE,TRUE,TRUE
5534,38,"35 tot 45 jaar",FALSE,TRUE,"Helemaal mee eens",TRUE,"Mee eens",TRUE,TRUE,TRUE,TRUE,TRUE,TRUE
5535,63,"55 tot 65 jaar",TRUE,TRUE,"Niet mee eens, niet mee oneens",FALSE,"Mee eens",TRUE,TRUE,TRUE,FALSE,TRUE,FALSE
5536,22,"18 tot 25 jaar",FALSE,TRUE,"Helemaal mee eens",TRUE,"Mee eens",TRUE,TRUE,TRUE,TRUE,TRUE,TRUE
5537,21,"18 tot 25 jaar",FALSE,TRUE,"Helemaal mee eens",TRUE,"Helemaal mee eens",TRUE,TRUE,TRUE,TRUE,TRUE,TRUE
5538,64,"55 tot 65 jaar",FALSE,TRUE,"Helemaal mee eens",TRUE,"Helemaal mee eens",TRUE,TRUE,TRUE,TRUE,TRUE,TRUE
5539,86,"75 jaar of ouder",TRUE,TRUE,"Mee oneens",FALSE,"Mee oneens",FALSE,TRUE,FALSE,TRUE,FALSE,FALSE
5540,69,"65 tot 75 jaar",FALSE,TRUE,"Helemaal mee eens",TRUE,"Helemaal mee eens",TRUE,TRUE,TRUE,FALSE,FALSE,FALSE
5541,56,"55 tot 65 jaar",FALSE,TRUE,"Helemaal mee eens",TRUE,"Niet mee eens, niet mee oneens",FALSE,TRUE,TRUE,TRUE,FALSE,FALSE
5542,84,"75 jaar of ouder",FALSE,TRUE,"Mee eens",TRUE,"Helemaal mee eens",TRUE,TRUE,TRUE,TRUE,TRUE,TRUE
5543,20,"18 tot 25 jaar",TRUE,TRUE,"Mee eens",TRUE,"Mee eens",TRUE,TRUE,TRUE,TRUE,TRUE,FALSE
5544,83,"75 jaar of ouder",FALSE,TRUE,"Niet mee eens, niet mee oneens",FALSE,"Niet mee eens, niet mee oneens",FALSE,TRUE,TRUE,TRUE,TRUE,TRUE
5545,53,"45 tot 55 jaar",FALSE,TRUE,"Mee eens",TRUE,"Niet mee eens, niet mee oneens",FALSE,TRUE,TRUE,FALSE,FALSE,FALSE
5546,87,"75 jaar of ouder",TRUE,TRUE,"Mee eens",TRUE,"Mee eens",TRUE,FALSE,TRUE,TRUE,TRUE,FALSE
5547,83,"75 jaar of ouder",FALSE,TRUE,"Mee eens",TRUE,"Mee eens",TRUE,TRUE,TRUE,TRUE,TRUE,TRUE
5548,64,"55 tot 65 jaar",TRUE,TRUE,"Mee eens",TRUE,"Helemaal mee eens",TRUE,TRUE,TRUE,FALSE,TRUE,TRUE
5549,57,"55 tot 65 jaar",TRUE,TRUE,"Mee eens",TRUE,"Mee eens",TRUE,TRUE,TRUE,TRUE,TRUE,TRUE
5550,40,"35 tot 45 jaar",FALSE,TRUE,"Mee eens",TRUE,"Mee eens",TRUE,TRUE,TRUE,TRUE,TRUE,FALSE
5551,86,"75 jaar of ouder",TRUE,TRUE,"Helemaal mee eens",TRUE,"Mee eens",TRUE,TRUE,TRUE,TRUE,TRUE,TRUE
5552,74,"65 tot 75 jaar",FALSE,TRUE,"Helemaal mee eens",TRUE,"Helemaal mee eens",TRUE,TRUE,TRUE,TRUE,TRUE,TRUE
5553,53,"45 tot 55 jaar",TRUE,TRUE,"Mee eens",TRUE,"Mee eens",TRUE,FALSE,TRUE,FALSE,TRUE,FALSE
5554,85,"75 jaar of ouder",FALSE,TRUE,"Helemaal mee eens",TRUE,"Helemaal mee eens",TRUE,TRUE,TRUE,TRUE,TRUE,TRUE
5555,52,"45 tot 55 jaar",TRUE,TRUE,"Mee eens",TRUE,"Niet mee eens, niet mee oneens",FALSE,FALSE,TRUE,FALSE,FALSE,FALSE
5556,36,"35 tot 45 jaar",FALSE,TRUE,"Mee oneens",FALSE,"Mee oneens",FALSE,TRUE,TRUE,FALSE,FALSE,FALSE
5557,26,"25 tot 35 jaar",TRUE,TRUE,"Helemaal mee eens",TRUE,"Helemaal mee eens",TRUE,TRUE,TRUE,TRUE,TRUE,TRUE
5558,34,"25 tot 35 jaar",TRUE,TRUE,"Mee eens",TRUE,"Mee oneens",FALSE,FALSE,TRUE,TRUE,FALSE,FALSE
5559,31,"25 tot 35 jaar",FALSE,TRUE,"Helemaal mee eens",TRUE,"Helemaal mee eens",TRUE,TRUE,TRUE,TRUE,TRUE,TRUE
5560,31,"25 tot 35 jaar",TRUE,TRUE,"Helemaal mee eens",TRUE,"Mee eens",TRUE,TRUE,FALSE,TRUE,TRUE,TRUE
5561,68,"65 tot 75 jaar",TRUE,TRUE,"Helemaal mee eens",TRUE,"Mee eens",TRUE,TRUE,TRUE,TRUE,TRUE,FALSE
5562,79,"75 jaar of ouder",TRUE,TRUE,"Niet mee eens, niet mee oneens",FALSE,"Helemaal mee oneens",FALSE,TRUE,FALSE,TRUE,FALSE,FALSE
5563,63,"55 tot 65 jaar",FALSE,TRUE,"Mee eens",TRUE,"Mee eens",TRUE,TRUE,TRUE,TRUE,TRUE,TRUE
5564,19,"18 tot 25 jaar",FALSE,TRUE,"Helemaal mee eens",TRUE,"Helemaal mee eens",TRUE,TRUE,TRUE,TRUE,TRUE,TRUE
5565,46,"45 tot 55 jaar",TRUE,TRUE,"Niet mee eens, niet mee oneens",FALSE,"Mee oneens",FALSE,FALSE,FALSE,FALSE,FALSE,FALSE
5566,50,"45 tot 55 jaar",TRUE,TRUE,"Helemaal mee eens",TRUE,"Mee eens",TRUE,TRUE,TRUE,TRUE,TRUE,TRUE
5567,34,"25 tot 35 jaar",FALSE,TRUE,"Helemaal mee eens",TRUE,"Helemaal mee eens",TRUE,TRUE,FALSE,TRUE,TRUE,TRUE
5568,20,"18 tot 25 jaar",FALSE,TRUE,"Helemaal mee eens",TRUE,"Mee eens",TRUE,TRUE,FALSE,TRUE,TRUE,TRUE
5569,32,"25 tot 35 jaar",FALSE,TRUE,"Mee eens",TRUE,"Niet mee eens, niet mee oneens",FALSE,TRUE,TRUE,TRUE,TRUE,TRUE
5570,60,"55 tot 65 jaar",FALSE,TRUE,"Helemaal mee oneens",FALSE,"Helemaal mee oneens",FALSE,TRUE,TRUE,FALSE,FALSE,TRUE
5571,46,"45 tot 55 jaar",FALSE,TRUE,"Niet mee eens, niet mee oneens",FALSE,"Mee eens",TRUE,FALSE,TRUE,FALSE,TRUE,FALSE
5572,48,"45 tot 55 jaar",FALSE,TRUE,"Niet mee eens, niet mee oneens",FALSE,"Niet mee eens, niet mee oneens",FALSE,TRUE,FALSE,TRUE,TRUE,FALSE
5573,39,"35 tot 45 jaar",TRUE,TRUE,"Mee eens",TRUE,"Mee eens",TRUE,TRUE,TRUE,TRUE,TRUE,FALSE
5574,66,"65 tot 75 jaar",FALSE,TRUE,"Helemaal mee eens",TRUE,"Mee eens",TRUE,TRUE,TRUE,TRUE,TRUE,TRUE
5575,73,"65 tot 75 jaar",FALSE,TRUE,"Helemaal mee eens",TRUE,"Helemaal mee eens",TRUE,TRUE,TRUE,TRUE,TRUE,TRUE
5576,23,"18 tot 25 jaar",FALSE,TRUE,"Mee eens",TRUE,"Niet mee eens, niet mee oneens",FALSE,TRUE,TRUE,TRUE,TRUE,TRUE
5577,36,"35 tot 45 jaar",FALSE,TRUE,"Mee eens",TRUE,"Niet mee eens, niet mee oneens",FALSE,FALSE,TRUE,FALSE,TRUE,FALSE
5578,47,"45 tot 55 jaar",FALSE,TRUE,"Helemaal mee eens",TRUE,"Mee eens",TRUE,TRUE,TRUE,TRUE,TRUE,TRUE
5579,40,"35 tot 45 jaar",TRUE,TRUE,"Helemaal mee eens",TRUE,"Mee eens",TRUE,TRUE,TRUE,TRUE,TRUE,TRUE
5580,74,"65 tot 75 jaar",FALSE,TRUE,"Niet mee eens, niet mee oneens",FALSE,"Niet mee eens, niet mee oneens",FALSE,FALSE,FALSE,FALSE,FALSE,FALSE
5581,68,"65 tot 75 jaar",FALSE,TRUE,"Mee eens",TRUE,"Mee eens",TRUE,TRUE,TRUE,TRUE,FALSE,TRUE
5582,22,"18 tot 25 jaar",TRUE,TRUE,"Mee eens",TRUE,"Mee eens",TRUE,TRUE,TRUE,TRUE,TRUE,TRUE
5583,29,"25 tot 35 jaar",TRUE,TRUE,"Mee eens",TRUE,"Mee eens",TRUE,TRUE,TRUE,TRUE,TRUE,TRUE
5584,48,"45 tot 55 jaar",FALSE,FALSE,"Helemaal mee eens",TRUE,"Mee eens",TRUE,TRUE,TRUE,TRUE,TRUE,TRUE
5585,31,"25 tot 35 jaar",FALSE,TRUE,"Helemaal mee eens",TRUE,"Helemaal mee eens",TRUE,TRUE,TRUE,TRUE,TRUE,TRUE
5586,52,"45 tot 55 jaar",FALSE,TRUE,"Mee eens",TRUE,"Mee oneens",FALSE,FALSE,TRUE,FALSE,FALSE,TRUE
5587,69,"65 tot 75 jaar",FALSE,TRUE,"Niet mee eens, niet mee oneens",FALSE,"Niet mee eens, niet mee oneens",FALSE,TRUE,TRUE,TRUE,FALSE,FALSE
5588,50,"45 tot 55 jaar",TRUE,TRUE,"Helemaal mee eens",TRUE,"Helemaal mee eens",TRUE,TRUE,TRUE,TRUE,TRUE,TRUE
5589,42,"35 tot 45 jaar",TRUE,TRUE,"Helemaal mee eens",TRUE,"Mee eens",TRUE,TRUE,TRUE,TRUE,TRUE,FALSE
5590,20,"18 tot 25 jaar",FALSE,TRUE,"Helemaal mee eens",TRUE,"Helemaal mee eens",TRUE,TRUE,TRUE,TRUE,TRUE,TRUE
5591,37,"35 tot 45 jaar",TRUE,TRUE,"Mee eens",TRUE,"Mee eens",TRUE,TRUE,FALSE,FALSE,TRUE,FALSE
5592,39,"35 tot 45 jaar",TRUE,TRUE,"Helemaal mee eens",TRUE,"Helemaal mee eens",TRUE,TRUE,TRUE,TRUE,TRUE,TRUE
5593,62,"55 tot 65 jaar",FALSE,TRUE,"Mee eens",TRUE,"Mee eens",TRUE,TRUE,TRUE,TRUE,TRUE,TRUE
5594,30,"25 tot 35 jaar",FALSE,TRUE,"Helemaal mee eens",TRUE,"Mee eens",TRUE,TRUE,FALSE,TRUE,TRUE,FALSE
5595,63,"55 tot 65 jaar",TRUE,TRUE,"Mee eens",TRUE,"Mee eens",TRUE,TRUE,TRUE,TRUE,TRUE,TRUE
5596,54,"45 tot 55 jaar",TRUE,TRUE,"Mee eens",TRUE,"Mee eens",TRUE,TRUE,TRUE,TRUE,FALSE,TRUE
5597,36,"35 tot 45 jaar",FALSE,TRUE,"Helemaal mee eens",TRUE,"Mee eens",TRUE,TRUE,TRUE,TRUE,TRUE,TRUE
5598,51,"45 tot 55 jaar",TRUE,TRUE,"Mee eens",TRUE,"Niet mee eens, niet mee oneens",FALSE,FALSE,TRUE,TRUE,TRUE,TRUE
5599,70,"65 tot 75 jaar",TRUE,TRUE,"Mee eens",TRUE,"Mee eens",TRUE,TRUE,TRUE,TRUE,TRUE,TRUE
5600,79,"75 jaar of ouder",FALSE,TRUE,"Helemaal mee eens",TRUE,"Niet mee eens, niet mee oneens",FALSE,TRUE,TRUE,TRUE,TRUE,FALSE
5601,71,"65 tot 75 jaar",FALSE,TRUE,"Helemaal mee eens",TRUE,"Helemaal mee eens",TRUE,TRUE,TRUE,TRUE,TRUE,TRUE
5602,45,"45 tot 55 jaar",TRUE,TRUE,"Mee eens",TRUE,"Niet mee eens, niet mee oneens",FALSE,TRUE,FALSE,FALSE,TRUE,FALSE
5603,71,"65 tot 75 jaar",TRUE,TRUE,"Mee eens",TRUE,"Mee eens",TRUE,FALSE,TRUE,TRUE,TRUE,TRUE
5604,57,"55 tot 65 jaar",TRUE,TRUE,"Mee eens",TRUE,"Niet mee eens, niet mee oneens",FALSE,FALSE,TRUE,FALSE,FALSE,FALSE
5605,51,"45 tot 55 jaar",TRUE,FALSE,"Helemaal mee eens",TRUE,"Helemaal mee eens",TRUE,TRUE,TRUE,TRUE,TRUE,TRUE
5606,45,"45 tot 55 jaar",FALSE,TRUE,"Helemaal mee eens",TRUE,"Mee eens",TRUE,TRUE,TRUE,TRUE,TRUE,TRUE
5607,80,"75 jaar of ouder",FALSE,TRUE,"Helemaal mee eens",TRUE,"Mee eens",TRUE,TRUE,TRUE,TRUE,TRUE,FALSE
5608,60,"55 tot 65 jaar",TRUE,TRUE,"Helemaal mee eens",TRUE,"Mee eens",TRUE,TRUE,TRUE,TRUE,TRUE,TRUE
5609,42,"35 tot 45 jaar",TRUE,TRUE,"Helemaal mee eens",TRUE,"Mee eens",TRUE,TRUE,TRUE,TRUE,TRUE,TRUE
5610,35,"35 tot 45 jaar",TRUE,TRUE,"Mee eens",TRUE,"Mee eens",TRUE,TRUE,TRUE,FALSE,TRUE,FALSE
5611,19,"18 tot 25 jaar",FALSE,TRUE,"Mee eens",TRUE,"Mee oneens",FALSE,FALSE,TRUE,FALSE,FALSE,FALSE
5612,65,"65 tot 75 jaar",TRUE,TRUE,"Helemaal mee eens",TRUE,"Helemaal mee eens",TRUE,FALSE,FALSE,TRUE,TRUE,FALSE
5613,21,"18 tot 25 jaar",FALSE,FALSE,"Niet mee eens, niet mee oneens",FALSE,"Niet mee eens, niet mee oneens",FALSE,FALSE,FALSE,FALSE,FALSE,FALSE
5614,34,"25 tot 35 jaar",TRUE,TRUE,"Helemaal mee eens",TRUE,"Mee eens",TRUE,TRUE,TRUE,TRUE,TRUE,TRUE
5615,26,"25 tot 35 jaar",TRUE,TRUE,"Helemaal mee eens",TRUE,"Mee eens",TRUE,TRUE,TRUE,TRUE,TRUE,TRUE
5616,26,"25 tot 35 jaar",FALSE,TRUE,"Helemaal mee eens",TRUE,"Mee eens",TRUE,TRUE,TRUE,TRUE,TRUE,TRUE
5617,44,"35 tot 45 jaar",TRUE,TRUE,"Mee eens",TRUE,"Mee oneens",FALSE,TRUE,TRUE,FALSE,FALSE,FALSE
5618,58,"55 tot 65 jaar",TRUE,TRUE,"Mee eens",TRUE,"Mee eens",TRUE,TRUE,TRUE,TRUE,TRUE,FALSE
5619,68,"65 tot 75 jaar",FALSE,TRUE,"Mee eens",TRUE,"Mee eens",TRUE,TRUE,TRUE,TRUE,TRUE,TRUE
5620,21,"18 tot 25 jaar",FALSE,TRUE,"Helemaal mee eens",TRUE,"Niet mee eens, niet mee oneens",FALSE,TRUE,TRUE,TRUE,TRUE,TRUE
5621,23,"18 tot 25 jaar",TRUE,TRUE,"Mee eens",TRUE,"Niet mee eens, niet mee oneens",FALSE,TRUE,FALSE,FALSE,FALSE,FALSE
5622,58,"55 tot 65 jaar",FALSE,FALSE,"Helemaal mee eens",TRUE,"Mee eens",TRUE,TRUE,TRUE,TRUE,TRUE,TRUE
5623,37,"35 tot 45 jaar",TRUE,TRUE,"Mee eens",TRUE,"Mee eens",TRUE,TRUE,TRUE,TRUE,TRUE,TRUE
5624,56,"55 tot 65 jaar",FALSE,TRUE,"Helemaal mee oneens",FALSE,"Mee oneens",FALSE,FALSE,TRUE,FALSE,FALSE,FALSE
5625,22,"18 tot 25 jaar",FALSE,FALSE,"Helemaal mee eens",TRUE,"Helemaal mee eens",TRUE,TRUE,TRUE,TRUE,TRUE,TRUE
5626,58,"55 tot 65 jaar",FALSE,TRUE,"Mee eens",TRUE,"Mee eens",TRUE,TRUE,TRUE,TRUE,TRUE,FALSE
5627,68,"65 tot 75 jaar",FALSE,TRUE,"Mee eens",TRUE,"Mee eens",TRUE,TRUE,FALSE,TRUE,TRUE,TRUE
5628,30,"25 tot 35 jaar",FALSE,TRUE,"Mee eens",TRUE,"Mee eens",TRUE,TRUE,TRUE,TRUE,TRUE,FALSE
5629,22,"18 tot 25 jaar",TRUE,TRUE,"Mee eens",TRUE,"Niet mee eens, niet mee oneens",FALSE,TRUE,FALSE,TRUE,FALSE,TRUE
5630,35,"35 tot 45 jaar",FALSE,TRUE,"Helemaal mee eens",TRUE,"Mee eens",TRUE,FALSE,TRUE,TRUE,TRUE,TRUE
5631,33,"25 tot 35 jaar",TRUE,TRUE,"Helemaal mee eens",TRUE,"Mee eens",TRUE,TRUE,FALSE,TRUE,TRUE,TRUE
5632,40,"35 tot 45 jaar",TRUE,TRUE,"Helemaal mee eens",TRUE,"Helemaal mee eens",TRUE,TRUE,TRUE,TRUE,TRUE,TRUE
5633,46,"45 tot 55 jaar",FALSE,TRUE,"Mee eens",TRUE,"Mee eens",TRUE,TRUE,TRUE,FALSE,TRUE,TRUE
5634,58,"55 tot 65 jaar",TRUE,TRUE,"Helemaal mee eens",TRUE,"Helemaal mee eens",TRUE,TRUE,TRUE,TRUE,TRUE,TRUE
5635,40,"35 tot 45 jaar",FALSE,TRUE,"Mee eens",TRUE,"Mee oneens",FALSE,FALSE,TRUE,FALSE,TRUE,FALSE
5636,67,"65 tot 75 jaar",TRUE,TRUE,"Mee eens",TRUE,"Mee eens",TRUE,FALSE,TRUE,TRUE,TRUE,FALSE
5637,73,"65 tot 75 jaar",TRUE,TRUE,"Mee eens",TRUE,"Mee eens",TRUE,TRUE,TRUE,TRUE,TRUE,TRUE
5638,73,"65 tot 75 jaar",TRUE,TRUE,"Mee eens",TRUE,"Mee eens",TRUE,TRUE,TRUE,TRUE,TRUE,TRUE
5639,75,"75 jaar of ouder",FALSE,FALSE,"Mee eens",TRUE,"Mee eens",TRUE,TRUE,TRUE,FALSE,TRUE,TRUE
5640,33,"25 tot 35 jaar",TRUE,TRUE,"Helemaal mee eens",TRUE,"Mee eens",TRUE,TRUE,FALSE,FALSE,TRUE,TRUE
5641,57,"55 tot 65 jaar",TRUE,TRUE,"Helemaal mee eens",TRUE,"Helemaal mee eens",TRUE,TRUE,TRUE,TRUE,TRUE,TRUE
5642,49,"45 tot 55 jaar",FALSE,TRUE,"Mee eens",TRUE,"Helemaal mee eens",TRUE,TRUE,TRUE,TRUE,TRUE,TRUE
5643,42,"35 tot 45 jaar",TRUE,TRUE,"Helemaal mee eens",TRUE,"Helemaal mee eens",TRUE,TRUE,TRUE,TRUE,TRUE,TRUE
5644,73,"65 tot 75 jaar",FALSE,TRUE,"Mee eens",TRUE,"Helemaal mee eens",TRUE,TRUE,TRUE,TRUE,TRUE,TRUE
5645,24,"18 tot 25 jaar",TRUE,TRUE,"Helemaal mee eens",TRUE,"Mee eens",TRUE,TRUE,FALSE,FALSE,TRUE,TRUE
5646,46,"45 tot 55 jaar",FALSE,TRUE,"Helemaal mee eens",TRUE,"Helemaal mee eens",TRUE,TRUE,TRUE,TRUE,TRUE,TRUE
5647,62,"55 tot 65 jaar",TRUE,TRUE,"Mee eens",TRUE,"Mee eens",TRUE,TRUE,FALSE,FALSE,TRUE,FALSE
5648,52,"45 tot 55 jaar",TRUE,TRUE,"Mee eens",TRUE,"Mee eens",TRUE,TRUE,TRUE,TRUE,TRUE,TRUE
5649,75,"75 jaar of ouder",TRUE,TRUE,"Helemaal mee eens",TRUE,"Mee eens",TRUE,TRUE,TRUE,TRUE,TRUE,TRUE
5650,76,"75 jaar of ouder",TRUE,TRUE,"Helemaal mee eens",TRUE,"Mee eens",TRUE,TRUE,TRUE,TRUE,TRUE,FALSE
5651,43,"35 tot 45 jaar",FALSE,TRUE,"Mee eens",TRUE,"Niet mee eens, niet mee oneens",FALSE,TRUE,TRUE,TRUE,FALSE,TRUE
5652,58,"55 tot 65 jaar",TRUE,TRUE,"Mee oneens",FALSE,"Mee oneens",FALSE,TRUE,FALSE,FALSE,FALSE,FALSE
5653,31,"25 tot 35 jaar",FALSE,TRUE,"Helemaal mee eens",TRUE,"Mee eens",TRUE,TRUE,TRUE,TRUE,TRUE,TRUE
5654,80,"75 jaar of ouder",FALSE,TRUE,"Niet mee eens, niet mee oneens",FALSE,"Niet mee eens, niet mee oneens",FALSE,TRUE,TRUE,TRUE,TRUE,TRUE
5655,78,"75 jaar of ouder",FALSE,TRUE,"Mee eens",TRUE,"Niet mee eens, niet mee oneens",FALSE,TRUE,TRUE,TRUE,TRUE,TRUE
5656,42,"35 tot 45 jaar",TRUE,TRUE,"Helemaal mee eens",TRUE,"Mee eens",TRUE,TRUE,TRUE,TRUE,TRUE,TRUE
5657,30,"25 tot 35 jaar",TRUE,TRUE,"Helemaal mee eens",TRUE,"Helemaal mee eens",TRUE,TRUE,TRUE,TRUE,TRUE,TRUE
5658,37,"35 tot 45 jaar",FALSE,TRUE,"Helemaal mee eens",TRUE,"Mee eens",TRUE,TRUE,TRUE,TRUE,TRUE,TRUE
5659,19,"18 tot 25 jaar",FALSE,TRUE,"Mee eens",TRUE,"Mee eens",TRUE,TRUE,FALSE,TRUE,TRUE,TRUE
5660,70,"65 tot 75 jaar",TRUE,TRUE,"Helemaal mee eens",TRUE,"Mee eens",TRUE,TRUE,TRUE,TRUE,TRUE,TRUE
5661,36,"35 tot 45 jaar",TRUE,TRUE,"Helemaal mee eens",TRUE,"Mee eens",TRUE,TRUE,TRUE,TRUE,TRUE,TRUE
5662,42,"35 tot 45 jaar",TRUE,TRUE,"Niet mee eens, niet mee oneens",FALSE,"Mee oneens",FALSE,FALSE,TRUE,TRUE,FALSE,FALSE
5663,60,"55 tot 65 jaar",FALSE,TRUE,"Helemaal mee eens",TRUE,"Mee eens",TRUE,TRUE,TRUE,TRUE,TRUE,FALSE
5664,46,"45 tot 55 jaar",FALSE,TRUE,"Helemaal mee eens",TRUE,"Mee eens",TRUE,TRUE,TRUE,TRUE,TRUE,FALSE
5665,37,"35 tot 45 jaar",TRUE,TRUE,"Helemaal mee eens",TRUE,"Mee eens",TRUE,TRUE,TRUE,TRUE,TRUE,TRUE
5666,58,"55 tot 65 jaar",TRUE,TRUE,"Helemaal mee eens",TRUE,"Mee eens",TRUE,TRUE,TRUE,FALSE,TRUE,TRUE
5667,22,"18 tot 25 jaar",FALSE,TRUE,"Mee eens",TRUE,"Mee eens",TRUE,TRUE,TRUE,TRUE,TRUE,TRUE
5668,82,"75 jaar of ouder",FALSE,TRUE,"Mee eens",TRUE,"Mee eens",TRUE,TRUE,FALSE,FALSE,FALSE,FALSE
5669,38,"35 tot 45 jaar",TRUE,TRUE,"Helemaal mee eens",TRUE,"Helemaal mee eens",TRUE,TRUE,TRUE,TRUE,TRUE,TRUE
5670,65,"65 tot 75 jaar",FALSE,TRUE,"Helemaal mee eens",TRUE,"Mee eens",TRUE,TRUE,TRUE,TRUE,TRUE,TRUE
5671,18,"18 tot 25 jaar",TRUE,TRUE,"Helemaal mee eens",TRUE,"Helemaal mee eens",TRUE,TRUE,TRUE,FALSE,TRUE,FALSE
5672,53,"45 tot 55 jaar",TRUE,FALSE,"Mee eens",TRUE,"Mee eens",TRUE,TRUE,TRUE,TRUE,TRUE,TRUE
5673,56,"55 tot 65 jaar",FALSE,TRUE,"Mee eens",TRUE,"Helemaal mee eens",TRUE,TRUE,TRUE,TRUE,TRUE,FALSE
5674,50,"45 tot 55 jaar",TRUE,TRUE,"Helemaal mee eens",TRUE,"Helemaal mee eens",TRUE,TRUE,TRUE,TRUE,TRUE,TRUE
5675,35,"35 tot 45 jaar",FALSE,TRUE,"Mee eens",TRUE,"Mee eens",TRUE,TRUE,FALSE,TRUE,TRUE,TRUE
5676,47,"45 tot 55 jaar",TRUE,TRUE,"Mee eens",TRUE,"Mee eens",TRUE,TRUE,FALSE,FALSE,TRUE,TRUE
5677,60,"55 tot 65 jaar",FALSE,TRUE,"Mee eens",TRUE,"Mee eens",TRUE,TRUE,TRUE,TRUE,TRUE,TRUE
5678,19,"18 tot 25 jaar",TRUE,TRUE,"Mee eens",TRUE,"Mee oneens",FALSE,TRUE,FALSE,FALSE,FALSE,FALSE
5679,48,"45 tot 55 jaar",FALSE,TRUE,"Mee eens",TRUE,"Niet mee eens, niet mee oneens",FALSE,TRUE,TRUE,TRUE,TRUE,TRUE
5680,41,"35 tot 45 jaar",TRUE,TRUE,"Helemaal mee eens",TRUE,"Mee eens",TRUE,TRUE,TRUE,TRUE,TRUE,FALSE
5681,30,"25 tot 35 jaar",TRUE,TRUE,"Mee eens",TRUE,"Mee eens",TRUE,TRUE,TRUE,FALSE,FALSE,TRUE
5682,53,"45 tot 55 jaar",FALSE,TRUE,"Helemaal mee eens",TRUE,"Helemaal mee eens",TRUE,TRUE,TRUE,TRUE,TRUE,TRUE
5683,87,"75 jaar of ouder",FALSE,TRUE,"Helemaal mee eens",TRUE,"Mee eens",TRUE,TRUE,TRUE,TRUE,TRUE,TRUE
5684,51,"45 tot 55 jaar",TRUE,TRUE,"Helemaal mee eens",TRUE,"Helemaal mee eens",TRUE,TRUE,TRUE,TRUE,TRUE,TRUE
5685,22,"18 tot 25 jaar",FALSE,TRUE,"Mee eens",TRUE,"Niet mee eens, niet mee oneens",FALSE,TRUE,TRUE,TRUE,TRUE,FALSE
5686,87,"75 jaar of ouder",TRUE,TRUE,"Helemaal mee eens",TRUE,"Helemaal mee eens",TRUE,TRUE,TRUE,TRUE,TRUE,TRUE
5687,20,"18 tot 25 jaar",FALSE,TRUE,"Mee eens",TRUE,"Mee eens",TRUE,TRUE,TRUE,TRUE,TRUE,TRUE
5688,75,"75 jaar of ouder",TRUE,TRUE,"Helemaal mee eens",TRUE,"Helemaal mee eens",TRUE,TRUE,TRUE,TRUE,TRUE,TRUE
5689,53,"45 tot 55 jaar",FALSE,TRUE,"Mee eens",TRUE,"Mee oneens",FALSE,FALSE,TRUE,FALSE,TRUE,FALSE
5690,33,"25 tot 35 jaar",FALSE,TRUE,"Helemaal mee eens",TRUE,"Mee eens",TRUE,TRUE,TRUE,TRUE,TRUE,FALSE
5691,71,"65 tot 75 jaar",TRUE,TRUE,"Helemaal mee eens",TRUE,"Mee eens",TRUE,TRUE,TRUE,TRUE,FALSE,TRUE
5692,58,"55 tot 65 jaar",FALSE,TRUE,"Helemaal mee eens",TRUE,"Mee eens",TRUE,TRUE,TRUE,TRUE,TRUE,TRUE
5693,44,"35 tot 45 jaar",FALSE,TRUE,"Helemaal mee eens",TRUE,"Mee eens",TRUE,TRUE,FALSE,TRUE,TRUE,FALSE
5694,35,"35 tot 45 jaar",FALSE,TRUE,"Mee eens",TRUE,"Mee eens",TRUE,TRUE,TRUE,TRUE,TRUE,TRUE
5695,50,"45 tot 55 jaar",TRUE,TRUE,"Helemaal mee eens",TRUE,"Mee eens",TRUE,TRUE,TRUE,TRUE,TRUE,TRUE
5696,83,"75 jaar of ouder",FALSE,TRUE,"Helemaal mee eens",TRUE,"Helemaal mee eens",TRUE,TRUE,TRUE,TRUE,TRUE,TRUE
5697,68,"65 tot 75 jaar",FALSE,TRUE,"Mee eens",TRUE,"Mee eens",TRUE,TRUE,TRUE,TRUE,TRUE,TRUE
5698,35,"35 tot 45 jaar",FALSE,TRUE,"Mee eens",TRUE,"Helemaal mee eens",TRUE,TRUE,TRUE,FALSE,TRUE,TRUE
5699,89,"75 jaar of ouder",FALSE,TRUE,"Mee eens",TRUE,"Niet mee eens, niet mee oneens",FALSE,TRUE,TRUE,TRUE,TRUE,TRUE
5700,90,"75 jaar of ouder",TRUE,TRUE,"Mee eens",TRUE,"Niet mee eens, niet mee oneens",FALSE,TRUE,TRUE,FALSE,FALSE,FALSE
5701,72,"65 tot 75 jaar",TRUE,TRUE,"Mee eens",TRUE,"Mee eens",TRUE,TRUE,TRUE,TRUE,TRUE,TRUE
5702,43,"35 tot 45 jaar",FALSE,TRUE,"Helemaal mee eens",TRUE,"Helemaal mee eens",TRUE,TRUE,TRUE,TRUE,TRUE,TRUE
5703,74,"65 tot 75 jaar",FALSE,TRUE,"Mee eens",TRUE,"Niet mee eens, niet mee oneens",FALSE,TRUE,TRUE,FALSE,TRUE,TRUE
5704,81,"75 jaar of ouder",TRUE,TRUE,"Mee eens",TRUE,"Mee eens",TRUE,TRUE,TRUE,TRUE,TRUE,TRUE
5705,53,"45 tot 55 jaar",TRUE,TRUE,"Mee eens",TRUE,"Mee eens",TRUE,FALSE,FALSE,TRUE,TRUE,TRUE
5706,41,"35 tot 45 jaar",TRUE,TRUE,"Mee eens",TRUE,"Mee eens",TRUE,TRUE,TRUE,TRUE,FALSE,TRUE
5707,24,"18 tot 25 jaar",TRUE,TRUE,"Niet mee eens, niet mee oneens",FALSE,"Niet mee eens, niet mee oneens",FALSE,TRUE,FALSE,TRUE,FALSE,FALSE
5708,47,"45 tot 55 jaar",TRUE,TRUE,"Mee eens",TRUE,"Mee eens",TRUE,TRUE,FALSE,TRUE,TRUE,FALSE
5709,64,"55 tot 65 jaar",TRUE,TRUE,"Helemaal mee eens",TRUE,"Helemaal mee eens",TRUE,TRUE,TRUE,TRUE,TRUE,TRUE
5710,39,"35 tot 45 jaar",TRUE,TRUE,"Mee eens",TRUE,"Mee oneens",FALSE,FALSE,FALSE,FALSE,FALSE,FALSE
5711,73,"65 tot 75 jaar",FALSE,TRUE,"Helemaal mee eens",TRUE,"Helemaal mee eens",TRUE,TRUE,TRUE,TRUE,TRUE,TRUE
5712,90,"75 jaar of ouder",TRUE,TRUE,"Helemaal mee eens",TRUE,"Mee eens",TRUE,TRUE,TRUE,TRUE,TRUE,TRUE
5713,85,"75 jaar of ouder",FALSE,TRUE,"Helemaal mee eens",TRUE,"Helemaal mee eens",TRUE,TRUE,TRUE,TRUE,TRUE,TRUE
5714,68,"65 tot 75 jaar",TRUE,TRUE,"Mee eens",TRUE,"Helemaal mee oneens",FALSE,FALSE,FALSE,FALSE,FALSE,FALSE
5715,49,"45 tot 55 jaar",FALSE,TRUE,"Helemaal mee eens",TRUE,"Mee eens",TRUE,TRUE,TRUE,TRUE,TRUE,TRUE
5716,48,"45 tot 55 jaar",FALSE,TRUE,"Mee eens",TRUE,"Mee eens",TRUE,TRUE,TRUE,TRUE,TRUE,FALSE
5717,73,"65 tot 75 jaar",FALSE,TRUE,"Mee eens",TRUE,"Mee oneens",FALSE,FALSE,FALSE,TRUE,FALSE,FALSE
5718,71,"65 tot 75 jaar",TRUE,TRUE,"Helemaal mee eens",TRUE,"Helemaal mee eens",TRUE,TRUE,TRUE,TRUE,TRUE,TRUE
5719,58,"55 tot 65 jaar",TRUE,TRUE,"Mee eens",TRUE,"Mee eens",TRUE,TRUE,TRUE,TRUE,TRUE,TRUE
5720,26,"25 tot 35 jaar",FALSE,TRUE,"Niet mee eens, niet mee oneens",FALSE,"Mee oneens",FALSE,TRUE,FALSE,FALSE,FALSE,FALSE
5721,20,"18 tot 25 jaar",TRUE,TRUE,"Mee eens",TRUE,"Niet mee eens, niet mee oneens",FALSE,TRUE,FALSE,TRUE,TRUE,FALSE
5722,43,"35 tot 45 jaar",TRUE,TRUE,"Helemaal mee eens",TRUE,"Mee eens",TRUE,TRUE,TRUE,TRUE,TRUE,FALSE
5723,26,"25 tot 35 jaar",TRUE,TRUE,"Mee eens",TRUE,"Helemaal mee eens",TRUE,TRUE,TRUE,TRUE,TRUE,TRUE
5724,61,"55 tot 65 jaar",TRUE,TRUE,"Helemaal mee eens",TRUE,"Mee eens",TRUE,TRUE,TRUE,TRUE,TRUE,TRUE
5725,81,"75 jaar of ouder",FALSE,FALSE,"Mee eens",TRUE,"Niet mee eens, niet mee oneens",FALSE,TRUE,TRUE,TRUE,FALSE,FALSE
5726,66,"65 tot 75 jaar",FALSE,TRUE,"Mee eens",TRUE,"Niet mee eens, niet mee oneens",FALSE,TRUE,TRUE,TRUE,TRUE,TRUE
5727,76,"75 jaar of ouder",TRUE,FALSE,"Mee eens",TRUE,"Mee eens",TRUE,TRUE,TRUE,FALSE,TRUE,FALSE
5728,38,"35 tot 45 jaar",FALSE,TRUE,"Helemaal mee eens",TRUE,"Mee eens",TRUE,TRUE,TRUE,TRUE,TRUE,TRUE
5729,42,"35 tot 45 jaar",TRUE,TRUE,"Helemaal mee eens",TRUE,"Mee eens",TRUE,TRUE,TRUE,TRUE,TRUE,TRUE
5730,59,"55 tot 65 jaar",FALSE,TRUE,"Mee eens",TRUE,"Mee eens",TRUE,TRUE,TRUE,TRUE,TRUE,FALSE
5731,53,"45 tot 55 jaar",TRUE,TRUE,"Helemaal mee eens",TRUE,"Mee eens",TRUE,TRUE,TRUE,TRUE,TRUE,TRUE
5732,51,"45 tot 55 jaar",FALSE,TRUE,"Helemaal mee eens",TRUE,"Mee eens",TRUE,TRUE,TRUE,TRUE,TRUE,FALSE
5733,43,"35 tot 45 jaar",TRUE,TRUE,"Mee eens",TRUE,"Mee eens",TRUE,TRUE,TRUE,TRUE,TRUE,FALSE
5734,59,"55 tot 65 jaar",FALSE,TRUE,"Helemaal mee eens",TRUE,"Helemaal mee eens",TRUE,TRUE,TRUE,TRUE,TRUE,TRUE
5735,53,"45 tot 55 jaar",TRUE,TRUE,"Helemaal mee eens",TRUE,"Helemaal mee eens",TRUE,TRUE,TRUE,TRUE,TRUE,TRUE
5736,83,"75 jaar of ouder",TRUE,TRUE,"Mee eens",TRUE,"Mee oneens",FALSE,TRUE,FALSE,FALSE,FALSE,FALSE
5737,22,"18 tot 25 jaar",FALSE,TRUE,"Mee eens",TRUE,"Mee eens",TRUE,TRUE,TRUE,FALSE,TRUE,FALSE
5738,31,"25 tot 35 jaar",TRUE,TRUE,"Mee eens",TRUE,"Mee eens",TRUE,TRUE,TRUE,TRUE,TRUE,TRUE
5739,23,"18 tot 25 jaar",FALSE,TRUE,"Mee eens",TRUE,"Mee oneens",FALSE,TRUE,FALSE,FALSE,TRUE,FALSE
5740,53,"45 tot 55 jaar",TRUE,TRUE,"Mee eens",TRUE,"Mee eens",TRUE,TRUE,FALSE,FALSE,FALSE,FALSE
5741,34,"25 tot 35 jaar",FALSE,TRUE,"Helemaal mee eens",TRUE,"Helemaal mee eens",TRUE,TRUE,TRUE,TRUE,TRUE,TRUE
5742,45,"45 tot 55 jaar",TRUE,TRUE,"Mee eens",TRUE,"Mee eens",TRUE,TRUE,TRUE,TRUE,TRUE,FALSE
5743,23,"18 tot 25 jaar",FALSE,TRUE,"Mee eens",TRUE,"Niet mee eens, niet mee oneens",FALSE,TRUE,TRUE,FALSE,TRUE,FALSE
5744,38,"35 tot 45 jaar",TRUE,TRUE,"Helemaal mee eens",TRUE,"Helemaal mee eens",TRUE,TRUE,TRUE,TRUE,TRUE,TRUE
5745,63,"55 tot 65 jaar",TRUE,TRUE,"Helemaal mee eens",TRUE,"Mee eens",TRUE,TRUE,TRUE,TRUE,TRUE,TRUE
5746,69,"65 tot 75 jaar",FALSE,TRUE,"Helemaal mee eens",TRUE,"Mee eens",TRUE,TRUE,TRUE,TRUE,TRUE,TRUE
5747,86,"75 jaar of ouder",TRUE,TRUE,"Mee eens",TRUE,"Mee eens",TRUE,TRUE,TRUE,FALSE,TRUE,FALSE
5748,51,"45 tot 55 jaar",FALSE,TRUE,"Helemaal mee eens",TRUE,"Helemaal mee eens",TRUE,TRUE,TRUE,TRUE,TRUE,TRUE
5749,55,"55 tot 65 jaar",TRUE,TRUE,"Mee eens",TRUE,"Mee eens",TRUE,TRUE,TRUE,TRUE,FALSE,TRUE
5750,60,"55 tot 65 jaar",TRUE,TRUE,"Mee eens",TRUE,"Mee eens",TRUE,TRUE,FALSE,TRUE,TRUE,FALSE
5751,27,"25 tot 35 jaar",FALSE,TRUE,"Helemaal mee eens",TRUE,"Helemaal mee eens",TRUE,TRUE,TRUE,TRUE,TRUE,TRUE
5752,30,"25 tot 35 jaar",TRUE,TRUE,"Mee eens",TRUE,"Mee eens",TRUE,TRUE,TRUE,TRUE,TRUE,FALSE
5753,59,"55 tot 65 jaar",FALSE,TRUE,"Mee eens",TRUE,"Helemaal mee eens",TRUE,TRUE,TRUE,TRUE,TRUE,TRUE
5754,30,"25 tot 35 jaar",FALSE,TRUE,"Mee eens",TRUE,"Niet mee eens, niet mee oneens",FALSE,TRUE,TRUE,TRUE,FALSE,FALSE
5755,23,"18 tot 25 jaar",FALSE,TRUE,"Helemaal mee eens",TRUE,"Helemaal mee eens",TRUE,TRUE,TRUE,TRUE,TRUE,TRUE
5756,18,"18 tot 25 jaar",TRUE,TRUE,"Mee eens",TRUE,"Niet mee eens, niet mee oneens",FALSE,TRUE,TRUE,TRUE,FALSE,FALSE
5757,72,"65 tot 75 jaar",FALSE,TRUE,"Helemaal mee eens",TRUE,"Helemaal mee eens",TRUE,TRUE,TRUE,TRUE,TRUE,TRUE
5758,36,"35 tot 45 jaar",FALSE,TRUE,"Mee eens",TRUE,"Niet mee eens, niet mee oneens",FALSE,FALSE,FALSE,TRUE,FALSE,FALSE
5759,69,"65 tot 75 jaar",TRUE,TRUE,"Mee eens",TRUE,"Mee eens",TRUE,TRUE,TRUE,TRUE,TRUE,TRUE
5760,38,"35 tot 45 jaar",FALSE,FALSE,"Mee eens",TRUE,"Helemaal mee eens",TRUE,TRUE,TRUE,TRUE,TRUE,TRUE
5761,33,"25 tot 35 jaar",FALSE,TRUE,"Niet mee eens, niet mee oneens",FALSE,"Mee oneens",FALSE,TRUE,TRUE,TRUE,FALSE,FALSE
5762,57,"55 tot 65 jaar",TRUE,TRUE,"Helemaal mee eens",TRUE,"Mee eens",TRUE,TRUE,FALSE,TRUE,TRUE,TRUE
5763,32,"25 tot 35 jaar",TRUE,TRUE,"Helemaal mee eens",TRUE,"Helemaal mee eens",TRUE,TRUE,TRUE,TRUE,TRUE,TRUE
5764,56,"55 tot 65 jaar",TRUE,TRUE,"Helemaal mee eens",TRUE,"Mee eens",TRUE,TRUE,TRUE,TRUE,TRUE,TRUE
5765,32,"25 tot 35 jaar",FALSE,TRUE,"Mee eens",TRUE,"Mee eens",TRUE,TRUE,TRUE,TRUE,TRUE,TRUE
5766,18,"18 tot 25 jaar",TRUE,TRUE,"Mee eens",TRUE,"Mee eens",TRUE,TRUE,TRUE,FALSE,TRUE,FALSE
5767,28,"25 tot 35 jaar",TRUE,TRUE,"Mee eens",TRUE,"Mee eens",TRUE,TRUE,TRUE,TRUE,TRUE,FALSE
5768,24,"18 tot 25 jaar",FALSE,TRUE,"Niet mee eens, niet mee oneens",FALSE,"Mee eens",TRUE,TRUE,FALSE,FALSE,TRUE,FALSE
5769,60,"55 tot 65 jaar",TRUE,TRUE,"Mee eens",TRUE,"Mee eens",TRUE,TRUE,TRUE,TRUE,TRUE,FALSE
5770,29,"25 tot 35 jaar",FALSE,TRUE,"Mee eens",TRUE,"Niet mee eens, niet mee oneens",FALSE,TRUE,TRUE,TRUE,FALSE,FALSE
5771,86,"75 jaar of ouder",FALSE,TRUE,"Helemaal mee eens",TRUE,"Mee eens",TRUE,TRUE,TRUE,TRUE,TRUE,TRUE
5772,26,"25 tot 35 jaar",TRUE,TRUE,"Mee eens",TRUE,"Mee eens",TRUE,FALSE,TRUE,TRUE,TRUE,TRUE
5773,37,"35 tot 45 jaar",FALSE,TRUE,"Mee eens",TRUE,"Helemaal mee eens",TRUE,TRUE,TRUE,TRUE,FALSE,FALSE
5774,52,"45 tot 55 jaar",TRUE,TRUE,"Helemaal mee eens",TRUE,"Helemaal mee eens",TRUE,TRUE,FALSE,TRUE,TRUE,TRUE
5775,29,"25 tot 35 jaar",FALSE,TRUE,"Helemaal mee eens",TRUE,"Mee eens",TRUE,TRUE,TRUE,TRUE,TRUE,TRUE
5776,67,"65 tot 75 jaar",FALSE,TRUE,"Helemaal mee eens",TRUE,"Niet mee eens, niet mee oneens",FALSE,TRUE,TRUE,TRUE,TRUE,TRUE
5777,68,"65 tot 75 jaar",TRUE,TRUE,"Niet mee eens, niet mee oneens",FALSE,"Mee oneens",FALSE,TRUE,FALSE,FALSE,FALSE,FALSE
5778,31,"25 tot 35 jaar",FALSE,TRUE,"Helemaal mee eens",TRUE,"Mee eens",TRUE,TRUE,FALSE,FALSE,TRUE,TRUE
5779,62,"55 tot 65 jaar",FALSE,TRUE,"Helemaal mee eens",TRUE,"Helemaal mee eens",TRUE,TRUE,TRUE,TRUE,TRUE,TRUE
5780,55,"55 tot 65 jaar",FALSE,TRUE,"Niet mee eens, niet mee oneens",FALSE,"Mee oneens",FALSE,TRUE,FALSE,FALSE,FALSE,FALSE
5781,40,"35 tot 45 jaar",TRUE,TRUE,"Helemaal mee eens",TRUE,"Mee eens",TRUE,TRUE,TRUE,TRUE,TRUE,TRUE
5782,24,"18 tot 25 jaar",FALSE,TRUE,"Helemaal mee eens",TRUE,"Mee eens",TRUE,TRUE,TRUE,TRUE,TRUE,FALSE
5783,49,"45 tot 55 jaar",TRUE,TRUE,"Helemaal mee eens",TRUE,"Helemaal mee eens",TRUE,TRUE,TRUE,TRUE,TRUE,TRUE
5784,40,"35 tot 45 jaar",FALSE,TRUE,"Helemaal mee eens",TRUE,"Mee eens",TRUE,TRUE,TRUE,TRUE,TRUE,FALSE
5785,52,"45 tot 55 jaar",TRUE,TRUE,"Helemaal mee eens",TRUE,"Helemaal mee eens",TRUE,TRUE,TRUE,TRUE,TRUE,TRUE
5786,22,"18 tot 25 jaar",TRUE,TRUE,"Helemaal mee eens",TRUE,"Mee eens",TRUE,TRUE,TRUE,TRUE,TRUE,TRUE
5787,42,"35 tot 45 jaar",FALSE,TRUE,"Mee eens",TRUE,"Helemaal mee eens",TRUE,TRUE,TRUE,TRUE,TRUE,FALSE
5788,72,"65 tot 75 jaar",FALSE,TRUE,"Mee oneens",FALSE,"Mee oneens",FALSE,FALSE,TRUE,FALSE,FALSE,FALSE
5789,63,"55 tot 65 jaar",TRUE,TRUE,"Mee eens",TRUE,"Mee eens",TRUE,FALSE,FALSE,TRUE,TRUE,TRUE
5790,47,"45 tot 55 jaar",TRUE,TRUE,"Mee eens",TRUE,"Mee oneens",FALSE,TRUE,TRUE,TRUE,TRUE,TRUE
5791,60,"55 tot 65 jaar",TRUE,TRUE,"Mee eens",TRUE,"Helemaal mee eens",TRUE,FALSE,FALSE,TRUE,TRUE,FALSE
5792,81,"75 jaar of ouder",TRUE,TRUE,"Helemaal mee eens",TRUE,"Helemaal mee eens",TRUE,TRUE,TRUE,TRUE,TRUE,TRUE
5793,31,"25 tot 35 jaar",TRUE,TRUE,"Helemaal mee eens",TRUE,"Mee eens",TRUE,TRUE,TRUE,TRUE,TRUE,TRUE
5794,77,"75 jaar of ouder",TRUE,TRUE,"Mee eens",TRUE,"Mee eens",TRUE,TRUE,TRUE,TRUE,TRUE,FALSE
5795,65,"65 tot 75 jaar",TRUE,TRUE,"Helemaal mee eens",TRUE,"Helemaal mee eens",TRUE,TRUE,TRUE,TRUE,TRUE,TRUE
5796,83,"75 jaar of ouder",FALSE,TRUE,"Helemaal mee eens",TRUE,"Helemaal mee eens",TRUE,TRUE,TRUE,TRUE,TRUE,TRUE
5797,46,"45 tot 55 jaar",TRUE,TRUE,"Niet mee eens, niet mee oneens",FALSE,"Mee eens",TRUE,TRUE,TRUE,FALSE,FALSE,FALSE
5798,57,"55 tot 65 jaar",TRUE,TRUE,"Mee eens",TRUE,"Niet mee eens, niet mee oneens",FALSE,FALSE,TRUE,FALSE,FALSE,FALSE
5799,25,"25 tot 35 jaar",TRUE,TRUE,"Mee eens",TRUE,"Mee eens",TRUE,TRUE,TRUE,TRUE,TRUE,TRUE
5800,40,"35 tot 45 jaar",FALSE,TRUE,"Niet mee eens, niet mee oneens",FALSE,"Niet mee eens, niet mee oneens",FALSE,TRUE,FALSE,TRUE,FALSE,FALSE
5801,59,"55 tot 65 jaar",TRUE,TRUE,"Mee eens",TRUE,"Mee oneens",FALSE,FALSE,TRUE,FALSE,FALSE,FALSE
5802,51,"45 tot 55 jaar",FALSE,TRUE,"Mee eens",TRUE,"Mee oneens",FALSE,TRUE,FALSE,TRUE,FALSE,FALSE
5803,27,"25 tot 35 jaar",TRUE,TRUE,"Mee eens",TRUE,"Mee eens",TRUE,TRUE,TRUE,TRUE,FALSE,FALSE
5804,54,"45 tot 55 jaar",FALSE,TRUE,"Mee eens",TRUE,"Niet mee eens, niet mee oneens",FALSE,TRUE,TRUE,TRUE,TRUE,TRUE
5805,64,"55 tot 65 jaar",FALSE,TRUE,"Helemaal mee eens",TRUE,"Mee eens",TRUE,TRUE,TRUE,TRUE,TRUE,TRUE
5806,58,"55 tot 65 jaar",FALSE,TRUE,"Niet mee eens, niet mee oneens",FALSE,"Niet mee eens, niet mee oneens",FALSE,FALSE,FALSE,TRUE,TRUE,FALSE
5807,35,"35 tot 45 jaar",TRUE,TRUE,"Mee eens",TRUE,"Mee eens",TRUE,TRUE,TRUE,TRUE,TRUE,TRUE
5808,69,"65 tot 75 jaar",TRUE,TRUE,"Niet mee eens, niet mee oneens",FALSE,"Mee oneens",FALSE,TRUE,FALSE,FALSE,FALSE,FALSE
5809,74,"65 tot 75 jaar",TRUE,TRUE,"Helemaal mee eens",TRUE,"Helemaal mee eens",TRUE,TRUE,TRUE,TRUE,TRUE,TRUE
5810,61,"55 tot 65 jaar",TRUE,TRUE,"Niet mee eens, niet mee oneens",FALSE,"Mee oneens",FALSE,TRUE,TRUE,TRUE,FALSE,FALSE
5811,43,"35 tot 45 jaar",FALSE,TRUE,"Helemaal mee eens",TRUE,"Mee eens",TRUE,TRUE,TRUE,TRUE,TRUE,TRUE
5812,47,"45 tot 55 jaar",FALSE,TRUE,"Mee eens",TRUE,"Niet mee eens, niet mee oneens",FALSE,TRUE,FALSE,TRUE,FALSE,FALSE
5813,59,"55 tot 65 jaar",FALSE,TRUE,"Helemaal mee eens",TRUE,"Mee eens",TRUE,TRUE,TRUE,TRUE,TRUE,TRUE
5814,35,"35 tot 45 jaar",FALSE,TRUE,"Helemaal mee eens",TRUE,"Niet mee eens, niet mee oneens",FALSE,TRUE,TRUE,FALSE,FALSE,TRUE
5815,65,"65 tot 75 jaar",FALSE,TRUE,"Helemaal mee eens",TRUE,"Mee eens",TRUE,TRUE,TRUE,TRUE,TRUE,TRUE
5816,50,"45 tot 55 jaar",TRUE,TRUE,"Mee eens",TRUE,"Niet mee eens, niet mee oneens",FALSE,TRUE,FALSE,FALSE,FALSE,TRUE
5817,62,"55 tot 65 jaar",TRUE,TRUE,"Mee eens",TRUE,"Mee eens",TRUE,TRUE,TRUE,TRUE,TRUE,TRUE
5818,19,"18 tot 25 jaar",FALSE,TRUE,"Mee eens",TRUE,"Mee eens",TRUE,TRUE,TRUE,TRUE,TRUE,TRUE
5819,63,"55 tot 65 jaar",FALSE,FALSE,"Helemaal mee eens",TRUE,"Helemaal mee eens",TRUE,TRUE,TRUE,TRUE,TRUE,TRUE
5820,40,"35 tot 45 jaar",FALSE,TRUE,"Helemaal mee eens",TRUE,"Mee eens",TRUE,TRUE,TRUE,TRUE,TRUE,TRUE
5821,90,"75 jaar of ouder",TRUE,TRUE,"Helemaal mee eens",TRUE,"Mee eens",TRUE,TRUE,TRUE,TRUE,TRUE,TRUE
5822,73,"65 tot 75 jaar",TRUE,TRUE,"Mee eens",TRUE,"Mee eens",TRUE,TRUE,FALSE,TRUE,TRUE,FALSE
5823,50,"45 tot 55 jaar",TRUE,TRUE,"Mee eens",TRUE,"Mee eens",TRUE,TRUE,FALSE,TRUE,FALSE,TRUE
5824,53,"45 tot 55 jaar",FALSE,TRUE,"Mee eens",TRUE,"Mee eens",TRUE,TRUE,TRUE,FALSE,TRUE,TRUE
5825,64,"55 tot 65 jaar",FALSE,TRUE,"Helemaal mee eens",TRUE,"Mee eens",TRUE,TRUE,FALSE,TRUE,TRUE,TRUE
5826,52,"45 tot 55 jaar",TRUE,TRUE,"Mee eens",TRUE,"Mee eens",TRUE,TRUE,TRUE,TRUE,FALSE,FALSE
5827,63,"55 tot 65 jaar",FALSE,TRUE,"Mee eens",TRUE,"Helemaal mee eens",TRUE,TRUE,TRUE,TRUE,TRUE,TRUE
5828,21,"18 tot 25 jaar",TRUE,TRUE,"Helemaal mee eens",TRUE,"Helemaal mee eens",TRUE,TRUE,TRUE,TRUE,TRUE,TRUE
5829,87,"75 jaar of ouder",TRUE,TRUE,"Mee eens",TRUE,"Mee eens",TRUE,TRUE,TRUE,TRUE,TRUE,TRUE
5830,46,"45 tot 55 jaar",FALSE,TRUE,"Helemaal mee eens",TRUE,"Mee eens",TRUE,TRUE,TRUE,TRUE,TRUE,TRUE
5831,62,"55 tot 65 jaar",TRUE,TRUE,"Helemaal mee eens",TRUE,"Mee eens",TRUE,TRUE,TRUE,TRUE,TRUE,TRUE
5832,50,"45 tot 55 jaar",TRUE,TRUE,"Helemaal mee eens",TRUE,"Mee eens",TRUE,TRUE,TRUE,TRUE,TRUE,TRUE
5833,41,"35 tot 45 jaar",TRUE,TRUE,"Helemaal mee eens",TRUE,"Helemaal mee eens",TRUE,TRUE,TRUE,TRUE,TRUE,TRUE
5834,89,"75 jaar of ouder",FALSE,TRUE,"Mee eens",TRUE,"Helemaal mee eens",TRUE,TRUE,TRUE,TRUE,TRUE,TRUE
5835,61,"55 tot 65 jaar",TRUE,TRUE,"Helemaal mee eens",TRUE,"Mee eens",TRUE,TRUE,TRUE,TRUE,TRUE,FALSE
5836,54,"45 tot 55 jaar",TRUE,TRUE,"Mee eens",TRUE,"Helemaal mee eens",TRUE,TRUE,TRUE,TRUE,TRUE,TRUE
5837,38,"35 tot 45 jaar",TRUE,TRUE,"Helemaal mee eens",TRUE,"Helemaal mee eens",TRUE,TRUE,TRUE,TRUE,TRUE,TRUE
5838,73,"65 tot 75 jaar",TRUE,TRUE,"Mee eens",TRUE,"Helemaal mee oneens",FALSE,TRUE,TRUE,TRUE,FALSE,FALSE
5839,58,"55 tot 65 jaar",TRUE,TRUE,"Mee eens",TRUE,"Mee eens",TRUE,TRUE,TRUE,TRUE,TRUE,FALSE
5840,45,"45 tot 55 jaar",FALSE,TRUE,"Mee eens",TRUE,"Niet mee eens, niet mee oneens",FALSE,TRUE,TRUE,TRUE,TRUE,TRUE
5841,59,"55 tot 65 jaar",FALSE,TRUE,"Mee eens",TRUE,"Mee oneens",FALSE,TRUE,TRUE,FALSE,TRUE,FALSE
5842,63,"55 tot 65 jaar",TRUE,TRUE,"Mee eens",TRUE,"Mee eens",TRUE,TRUE,TRUE,TRUE,TRUE,TRUE
5843,44,"35 tot 45 jaar",FALSE,TRUE,"Mee eens",TRUE,"Mee eens",TRUE,TRUE,TRUE,TRUE,TRUE,FALSE
5844,37,"35 tot 45 jaar",FALSE,TRUE,"Helemaal mee eens",TRUE,"Mee eens",TRUE,TRUE,TRUE,TRUE,TRUE,FALSE
5845,40,"35 tot 45 jaar",FALSE,TRUE,"Helemaal mee eens",TRUE,"Mee eens",TRUE,TRUE,TRUE,TRUE,TRUE,TRUE
5846,74,"65 tot 75 jaar",TRUE,TRUE,"Helemaal mee eens",TRUE,"Helemaal mee eens",TRUE,TRUE,TRUE,TRUE,TRUE,TRUE
5847,25,"25 tot 35 jaar",TRUE,FALSE,"Mee eens",TRUE,"Niet mee eens, niet mee oneens",FALSE,TRUE,FALSE,TRUE,FALSE,TRUE
5848,58,"55 tot 65 jaar",FALSE,TRUE,"Mee eens",TRUE,"Mee eens",TRUE,TRUE,TRUE,FALSE,FALSE,FALSE
5849,83,"75 jaar of ouder",FALSE,TRUE,"Niet mee eens, niet mee oneens",FALSE,"Mee oneens",FALSE,TRUE,TRUE,FALSE,FALSE,TRUE
5850,19,"18 tot 25 jaar",FALSE,TRUE,"Mee eens",TRUE,"Mee eens",TRUE,TRUE,TRUE,FALSE,TRUE,TRUE
5851,48,"45 tot 55 jaar",TRUE,TRUE,"Mee eens",TRUE,"Mee eens",TRUE,TRUE,TRUE,TRUE,TRUE,TRUE
5852,90,"75 jaar of ouder",FALSE,TRUE,"Mee eens",TRUE,"Niet mee eens, niet mee oneens",FALSE,TRUE,TRUE,TRUE,TRUE,TRUE
5853,37,"35 tot 45 jaar",FALSE,TRUE,"Helemaal mee eens",TRUE,"Helemaal mee eens",TRUE,TRUE,TRUE,TRUE,TRUE,TRUE
5854,22,"18 tot 25 jaar",FALSE,TRUE,"Mee eens",TRUE,"Mee eens",TRUE,TRUE,TRUE,TRUE,TRUE,TRUE
5855,26,"25 tot 35 jaar",FALSE,TRUE,"Niet mee eens, niet mee oneens",FALSE,"Niet mee eens, niet mee oneens",FALSE,TRUE,TRUE,FALSE,TRUE,TRUE
5856,54,"45 tot 55 jaar",FALSE,FALSE,"Helemaal mee eens",TRUE,"Niet mee eens, niet mee oneens",FALSE,TRUE,TRUE,TRUE,TRUE,TRUE
5857,89,"75 jaar of ouder",FALSE,TRUE,"Helemaal mee eens",TRUE,"Helemaal mee eens",TRUE,TRUE,TRUE,TRUE,TRUE,TRUE
5858,63,"55 tot 65 jaar",FALSE,TRUE,"Mee eens",TRUE,"Niet mee eens, niet mee oneens",FALSE,TRUE,TRUE,FALSE,TRUE,TRUE
5859,79,"75 jaar of ouder",TRUE,TRUE,"Mee eens",TRUE,"Mee eens",TRUE,TRUE,FALSE,FALSE,TRUE,TRUE
5860,55,"55 tot 65 jaar",FALSE,TRUE,"Mee eens",TRUE,"Mee eens",TRUE,FALSE,TRUE,TRUE,TRUE,TRUE
5861,44,"35 tot 45 jaar",FALSE,TRUE,"Helemaal mee eens",TRUE,"Helemaal mee eens",TRUE,TRUE,TRUE,TRUE,TRUE,TRUE
5862,32,"25 tot 35 jaar",TRUE,TRUE,"Mee eens",TRUE,"Mee eens",TRUE,TRUE,TRUE,TRUE,TRUE,FALSE
5863,59,"55 tot 65 jaar",TRUE,TRUE,"Niet mee eens, niet mee oneens",FALSE,"Niet mee eens, niet mee oneens",FALSE,TRUE,TRUE,TRUE,FALSE,FALSE
5864,54,"45 tot 55 jaar",FALSE,TRUE,"Helemaal mee eens",TRUE,"Mee eens",TRUE,TRUE,TRUE,FALSE,TRUE,TRUE
5865,22,"18 tot 25 jaar",FALSE,TRUE,"Helemaal mee eens",TRUE,"Mee eens",TRUE,TRUE,TRUE,TRUE,TRUE,TRUE
5866,73,"65 tot 75 jaar",FALSE,TRUE,"Mee eens",TRUE,"Niet mee eens, niet mee oneens",FALSE,TRUE,TRUE,FALSE,TRUE,TRUE
5867,51,"45 tot 55 jaar",TRUE,TRUE,"Mee eens",TRUE,"Mee eens",TRUE,TRUE,TRUE,TRUE,TRUE,TRUE
5868,47,"45 tot 55 jaar",TRUE,TRUE,"Mee eens",TRUE,"Niet mee eens, niet mee oneens",FALSE,TRUE,FALSE,FALSE,FALSE,TRUE
5869,63,"55 tot 65 jaar",TRUE,TRUE,"Helemaal mee eens",TRUE,"Helemaal mee eens",TRUE,TRUE,TRUE,TRUE,TRUE,TRUE
5870,50,"45 tot 55 jaar",TRUE,TRUE,"Mee eens",TRUE,"Niet mee eens, niet mee oneens",FALSE,TRUE,TRUE,TRUE,TRUE,FALSE
5871,81,"75 jaar of ouder",FALSE,TRUE,"Niet mee eens, niet mee oneens",FALSE,"Niet mee eens, niet mee oneens",FALSE,FALSE,FALSE,FALSE,FALSE,FALSE
5872,34,"25 tot 35 jaar",TRUE,TRUE,"Mee eens",TRUE,"Mee eens",TRUE,TRUE,TRUE,TRUE,TRUE,FALSE
5873,43,"35 tot 45 jaar",FALSE,TRUE,"Helemaal mee eens",TRUE,"Helemaal mee eens",TRUE,TRUE,TRUE,TRUE,TRUE,TRUE
5874,67,"65 tot 75 jaar",TRUE,TRUE,"Mee eens",TRUE,"Mee eens",TRUE,TRUE,TRUE,TRUE,TRUE,FALSE
5875,31,"25 tot 35 jaar",TRUE,TRUE,"Helemaal mee eens",TRUE,"Helemaal mee eens",TRUE,TRUE,TRUE,TRUE,TRUE,TRUE
5876,63,"55 tot 65 jaar",TRUE,TRUE,"Mee eens",TRUE,"Mee eens",TRUE,TRUE,TRUE,TRUE,TRUE,TRUE
5877,67,"65 tot 75 jaar",FALSE,TRUE,"Helemaal mee eens",TRUE,"Mee eens",TRUE,TRUE,TRUE,TRUE,TRUE,TRUE
5878,84,"75 jaar of ouder",TRUE,TRUE,"Mee oneens",FALSE,"Mee oneens",FALSE,TRUE,TRUE,TRUE,FALSE,FALSE
5879,21,"18 tot 25 jaar",TRUE,TRUE,"Mee eens",TRUE,"Mee eens",TRUE,TRUE,TRUE,TRUE,TRUE,TRUE
5880,33,"25 tot 35 jaar",FALSE,TRUE,"Helemaal mee eens",TRUE,"Mee eens",TRUE,TRUE,FALSE,TRUE,TRUE,TRUE
5881,27,"25 tot 35 jaar",FALSE,TRUE,"Mee eens",TRUE,"Niet mee eens, niet mee oneens",FALSE,TRUE,TRUE,FALSE,FALSE,FALSE
5882,64,"55 tot 65 jaar",FALSE,TRUE,"Helemaal mee eens",TRUE,"Mee eens",TRUE,TRUE,FALSE,TRUE,TRUE,FALSE
5883,65,"65 tot 75 jaar",TRUE,TRUE,"Niet mee eens, niet mee oneens",FALSE,"Mee oneens",FALSE,TRUE,TRUE,FALSE,FALSE,FALSE
5884,23,"18 tot 25 jaar",TRUE,TRUE,"Helemaal mee eens",TRUE,"Mee eens",TRUE,TRUE,TRUE,TRUE,TRUE,TRUE
5885,83,"75 jaar of ouder",FALSE,TRUE,"Mee eens",TRUE,"Niet mee eens, niet mee oneens",FALSE,TRUE,TRUE,FALSE,FALSE,TRUE
5886,37,"35 tot 45 jaar",TRUE,TRUE,"Mee eens",TRUE,"Mee eens",TRUE,TRUE,TRUE,TRUE,TRUE,TRUE
5887,85,"75 jaar of ouder",TRUE,TRUE,"Mee eens",TRUE,"Mee eens",TRUE,TRUE,TRUE,TRUE,TRUE,FALSE
5888,39,"35 tot 45 jaar",FALSE,TRUE,"Niet mee eens, niet mee oneens",FALSE,"Niet mee eens, niet mee oneens",FALSE,FALSE,FALSE,TRUE,FALSE,FALSE
5889,57,"55 tot 65 jaar",FALSE,TRUE,"Mee eens",TRUE,"Niet mee eens, niet mee oneens",FALSE,TRUE,TRUE,TRUE,TRUE,TRUE
5890,88,"75 jaar of ouder",FALSE,TRUE,"Mee eens",TRUE,"Mee oneens",FALSE,TRUE,FALSE,FALSE,FALSE,FALSE
5891,30,"25 tot 35 jaar",FALSE,TRUE,"Mee eens",TRUE,"Mee eens",TRUE,TRUE,TRUE,TRUE,TRUE,TRUE
5892,31,"25 tot 35 jaar",FALSE,TRUE,"Helemaal mee eens",TRUE,"Mee eens",TRUE,TRUE,TRUE,TRUE,TRUE,TRUE
5893,54,"45 tot 55 jaar",FALSE,TRUE,"Helemaal mee eens",TRUE,"Niet mee eens, niet mee oneens",FALSE,TRUE,TRUE,TRUE,TRUE,TRUE
5894,65,"65 tot 75 jaar",TRUE,TRUE,"Helemaal mee eens",TRUE,"Mee eens",TRUE,TRUE,TRUE,TRUE,TRUE,TRUE
5895,30,"25 tot 35 jaar",TRUE,TRUE,"Mee eens",TRUE,"Mee eens",TRUE,TRUE,TRUE,FALSE,TRUE,FALSE
5896,90,"75 jaar of ouder",FALSE,TRUE,"Helemaal mee eens",TRUE,"Mee eens",TRUE,TRUE,TRUE,TRUE,TRUE,TRUE
5897,24,"18 tot 25 jaar",FALSE,TRUE,"Helemaal mee eens",TRUE,"Helemaal mee eens",TRUE,TRUE,TRUE,TRUE,TRUE,TRUE
5898,40,"35 tot 45 jaar",TRUE,TRUE,"Helemaal mee eens",TRUE,"Helemaal mee eens",TRUE,TRUE,TRUE,TRUE,TRUE,TRUE
5899,43,"35 tot 45 jaar",TRUE,TRUE,"Helemaal mee eens",TRUE,"Helemaal mee eens",TRUE,TRUE,TRUE,TRUE,TRUE,TRUE
5900,64,"55 tot 65 jaar",FALSE,TRUE,"Helemaal mee eens",TRUE,"Helemaal mee eens",TRUE,TRUE,TRUE,TRUE,TRUE,TRUE
5901,46,"45 tot 55 jaar",TRUE,TRUE,"Mee eens",TRUE,"Mee eens",TRUE,TRUE,FALSE,TRUE,TRUE,FALSE
5902,73,"65 tot 75 jaar",TRUE,TRUE,"Helemaal mee eens",TRUE,"Mee eens",TRUE,TRUE,TRUE,TRUE,TRUE,TRUE
5903,78,"75 jaar of ouder",FALSE,TRUE,"Mee eens",TRUE,"Mee eens",TRUE,TRUE,TRUE,TRUE,TRUE,TRUE
5904,48,"45 tot 55 jaar",TRUE,TRUE,"Mee eens",TRUE,"Mee eens",TRUE,TRUE,TRUE,TRUE,TRUE,TRUE
5905,22,"18 tot 25 jaar",FALSE,TRUE,"Mee eens",TRUE,"Niet mee eens, niet mee oneens",FALSE,TRUE,FALSE,FALSE,FALSE,TRUE
5906,23,"18 tot 25 jaar",TRUE,TRUE,"Mee eens",TRUE,"Mee eens",TRUE,TRUE,TRUE,TRUE,TRUE,TRUE
5907,35,"35 tot 45 jaar",TRUE,TRUE,"Mee eens",TRUE,"Mee eens",TRUE,TRUE,TRUE,TRUE,TRUE,TRUE
5908,23,"18 tot 25 jaar",FALSE,TRUE,"Mee eens",TRUE,"Mee oneens",FALSE,FALSE,TRUE,FALSE,TRUE,FALSE
5909,38,"35 tot 45 jaar",TRUE,TRUE,"Helemaal mee eens",TRUE,"Mee eens",TRUE,TRUE,TRUE,TRUE,TRUE,TRUE
5910,73,"65 tot 75 jaar",TRUE,TRUE,"Mee eens",TRUE,"Mee eens",TRUE,TRUE,FALSE,TRUE,TRUE,TRUE
5911,18,"18 tot 25 jaar",TRUE,TRUE,"Helemaal mee eens",TRUE,"Mee eens",TRUE,TRUE,TRUE,TRUE,TRUE,TRUE
5912,27,"25 tot 35 jaar",FALSE,TRUE,"Helemaal mee eens",TRUE,"Mee eens",TRUE,TRUE,TRUE,TRUE,TRUE,TRUE
5913,79,"75 jaar of ouder",FALSE,TRUE,"Helemaal mee eens",TRUE,"Mee eens",TRUE,TRUE,FALSE,TRUE,TRUE,TRUE
5914,52,"45 tot 55 jaar",TRUE,TRUE,"Mee eens",TRUE,"Niet mee eens, niet mee oneens",FALSE,FALSE,TRUE,FALSE,FALSE,TRUE
5915,79,"75 jaar of ouder",FALSE,TRUE,"Helemaal mee eens",TRUE,"Helemaal mee eens",TRUE,TRUE,TRUE,TRUE,TRUE,TRUE
5916,74,"65 tot 75 jaar",FALSE,TRUE,"Helemaal mee eens",TRUE,"Helemaal mee eens",TRUE,TRUE,TRUE,TRUE,TRUE,TRUE
5917,43,"35 tot 45 jaar",FALSE,TRUE,"Niet mee eens, niet mee oneens",FALSE,"Mee eens",TRUE,TRUE,FALSE,TRUE,TRUE,TRUE
5918,56,"55 tot 65 jaar",TRUE,TRUE,"Mee eens",TRUE,"Mee eens",TRUE,TRUE,TRUE,TRUE,FALSE,TRUE
5919,51,"45 tot 55 jaar",TRUE,TRUE,"Helemaal mee eens",TRUE,"Mee eens",TRUE,TRUE,TRUE,TRUE,TRUE,TRUE
5920,32,"25 tot 35 jaar",FALSE,TRUE,"Mee eens",TRUE,"Niet mee eens, niet mee oneens",FALSE,TRUE,TRUE,TRUE,TRUE,FALSE
5921,61,"55 tot 65 jaar",TRUE,TRUE,"Mee eens",TRUE,"Mee oneens",FALSE,FALSE,FALSE,TRUE,FALSE,FALSE
5922,28,"25 tot 35 jaar",TRUE,TRUE,"Helemaal mee eens",TRUE,"Helemaal mee eens",TRUE,TRUE,TRUE,TRUE,TRUE,TRUE
5923,22,"18 tot 25 jaar",TRUE,TRUE,"Helemaal mee eens",TRUE,"Mee eens",TRUE,TRUE,TRUE,TRUE,TRUE,TRUE
5924,42,"35 tot 45 jaar",FALSE,TRUE,"Mee eens",TRUE,"Niet mee eens, niet mee oneens",FALSE,TRUE,TRUE,FALSE,FALSE,FALSE
5925,59,"55 tot 65 jaar",TRUE,TRUE,"Mee eens",TRUE,"Mee eens",TRUE,TRUE,TRUE,TRUE,TRUE,TRUE
5926,35,"35 tot 45 jaar",TRUE,TRUE,"Mee eens",TRUE,"Mee eens",TRUE,TRUE,TRUE,TRUE,TRUE,TRUE
5927,36,"35 tot 45 jaar",FALSE,FALSE,"Niet mee eens, niet mee oneens",FALSE,"Niet mee eens, niet mee oneens",FALSE,TRUE,TRUE,TRUE,FALSE,TRUE
5928,53,"45 tot 55 jaar",TRUE,TRUE,"Helemaal mee eens",TRUE,"Helemaal mee eens",TRUE,TRUE,TRUE,TRUE,TRUE,TRUE
5929,24,"18 tot 25 jaar",FALSE,TRUE,"Helemaal mee eens",TRUE,"Helemaal mee eens",TRUE,TRUE,TRUE,TRUE,TRUE,TRUE
5930,18,"18 tot 25 jaar",TRUE,TRUE,"Mee eens",TRUE,"Mee eens",TRUE,TRUE,TRUE,TRUE,TRUE,TRUE
5931,24,"18 tot 25 jaar",TRUE,TRUE,"Helemaal mee eens",TRUE,"Helemaal mee eens",TRUE,TRUE,TRUE,TRUE,TRUE,TRUE
5932,27,"25 tot 35 jaar",FALSE,TRUE,"Mee eens",TRUE,"Mee eens",TRUE,TRUE,TRUE,TRUE,TRUE,TRUE
5933,50,"45 tot 55 jaar",FALSE,TRUE,"Helemaal mee eens",TRUE,"Mee eens",TRUE,TRUE,TRUE,TRUE,TRUE,TRUE
5934,48,"45 tot 55 jaar",TRUE,TRUE,"Helemaal mee eens",TRUE,"Mee eens",TRUE,TRUE,TRUE,TRUE,TRUE,TRUE
5935,38,"35 tot 45 jaar",FALSE,TRUE,"Mee eens",TRUE,"Mee eens",TRUE,TRUE,TRUE,TRUE,TRUE,TRUE
5936,60,"55 tot 65 jaar",TRUE,TRUE,"Mee eens",TRUE,"Helemaal mee eens",TRUE,TRUE,TRUE,TRUE,TRUE,FALSE
5937,44,"35 tot 45 jaar",FALSE,TRUE,"Mee eens",TRUE,"Niet mee eens, niet mee oneens",FALSE,TRUE,FALSE,TRUE,FALSE,TRUE
5938,52,"45 tot 55 jaar",TRUE,TRUE,"Mee eens",TRUE,"Mee eens",TRUE,TRUE,TRUE,TRUE,TRUE,TRUE
5939,81,"75 jaar of ouder",TRUE,TRUE,"Mee eens",TRUE,"Niet mee eens, niet mee oneens",FALSE,TRUE,FALSE,TRUE,TRUE,FALSE
5940,85,"75 jaar of ouder",FALSE,TRUE,"Helemaal mee eens",TRUE,"Mee eens",TRUE,TRUE,FALSE,TRUE,TRUE,FALSE
5941,78,"75 jaar of ouder",TRUE,TRUE,"Mee eens",TRUE,"Mee eens",TRUE,TRUE,TRUE,TRUE,TRUE,TRUE
5942,61,"55 tot 65 jaar",FALSE,FALSE,"Niet mee eens, niet mee oneens",FALSE,"Niet mee eens, niet mee oneens",FALSE,TRUE,TRUE,TRUE,FALSE,TRUE
5943,84,"75 jaar of ouder",TRUE,TRUE,"Helemaal mee eens",TRUE,"Helemaal mee eens",TRUE,TRUE,TRUE,TRUE,TRUE,TRUE
5944,53,"45 tot 55 jaar",TRUE,TRUE,"Mee eens",TRUE,"Niet mee eens, niet mee oneens",FALSE,TRUE,TRUE,TRUE,FALSE,TRUE
5945,35,"35 tot 45 jaar",FALSE,TRUE,"Helemaal mee eens",TRUE,"Mee eens",TRUE,TRUE,FALSE,TRUE,TRUE,TRUE
5946,30,"25 tot 35 jaar",TRUE,TRUE,"Helemaal mee eens",TRUE,"Mee eens",TRUE,TRUE,TRUE,TRUE,TRUE,TRUE
5947,52,"45 tot 55 jaar",FALSE,TRUE,"Mee eens",TRUE,"Mee eens",TRUE,TRUE,TRUE,FALSE,TRUE,FALSE
5948,70,"65 tot 75 jaar",TRUE,TRUE,"Helemaal mee eens",TRUE,"Mee eens",TRUE,TRUE,FALSE,TRUE,TRUE,TRUE
5949,39,"35 tot 45 jaar",TRUE,TRUE,"Mee eens",TRUE,"Mee eens",TRUE,TRUE,TRUE,TRUE,TRUE,FALSE
5950,81,"75 jaar of ouder",FALSE,TRUE,"Mee eens",TRUE,"Niet mee eens, niet mee oneens",FALSE,TRUE,TRUE,TRUE,TRUE,FALSE
5951,83,"75 jaar of ouder",TRUE,TRUE,"Mee eens",TRUE,"Mee eens",TRUE,TRUE,TRUE,TRUE,TRUE,FALSE
5952,65,"65 tot 75 jaar",TRUE,TRUE,"Helemaal mee eens",TRUE,"Mee eens",TRUE,TRUE,TRUE,TRUE,TRUE,TRUE
5953,47,"45 tot 55 jaar",TRUE,TRUE,"Helemaal mee eens",TRUE,"Mee eens",TRUE,TRUE,FALSE,TRUE,TRUE,TRUE
5954,47,"45 tot 55 jaar",FALSE,TRUE,"Mee eens",TRUE,"Mee eens",TRUE,TRUE,TRUE,FALSE,TRUE,TRUE
5955,60,"55 tot 65 jaar",FALSE,TRUE,"Mee eens",TRUE,"Niet mee eens, niet mee oneens",FALSE,TRUE,TRUE,FALSE,FALSE,FALSE
5956,20,"18 tot 25 jaar",FALSE,TRUE,"Helemaal mee eens",TRUE,"Niet mee eens, niet mee oneens",FALSE,TRUE,TRUE,FALSE,TRUE,TRUE
5957,58,"55 tot 65 jaar",FALSE,TRUE,"Mee eens",TRUE,"Mee oneens",FALSE,FALSE,TRUE,TRUE,FALSE,FALSE
5958,48,"45 tot 55 jaar",TRUE,FALSE,"Helemaal mee eens",TRUE,"Mee eens",TRUE,TRUE,TRUE,TRUE,TRUE,TRUE
5959,68,"65 tot 75 jaar",TRUE,TRUE,"Helemaal mee eens",TRUE,"Helemaal mee eens",TRUE,TRUE,TRUE,TRUE,TRUE,TRUE
5960,29,"25 tot 35 jaar",TRUE,TRUE,"Mee eens",TRUE,"Mee eens",TRUE,TRUE,TRUE,TRUE,TRUE,TRUE
5961,67,"65 tot 75 jaar",FALSE,TRUE,"Helemaal mee eens",TRUE,"Helemaal mee eens",TRUE,TRUE,TRUE,TRUE,TRUE,TRUE
5962,43,"35 tot 45 jaar",TRUE,TRUE,"Helemaal mee eens",TRUE,"Mee eens",TRUE,TRUE,FALSE,TRUE,TRUE,TRUE
5963,28,"25 tot 35 jaar",TRUE,TRUE,"Mee eens",TRUE,"Mee eens",TRUE,TRUE,TRUE,FALSE,FALSE,FALSE
5964,66,"65 tot 75 jaar",TRUE,TRUE,"Helemaal mee eens",TRUE,"Helemaal mee eens",TRUE,TRUE,TRUE,TRUE,TRUE,TRUE
5965,73,"65 tot 75 jaar",TRUE,TRUE,"Mee eens",TRUE,"Mee oneens",FALSE,TRUE,TRUE,TRUE,FALSE,TRUE
5966,59,"55 tot 65 jaar",TRUE,TRUE,"Helemaal mee eens",TRUE,"Mee eens",TRUE,TRUE,TRUE,TRUE,TRUE,TRUE
5967,78,"75 jaar of ouder",FALSE,TRUE,"Mee eens",TRUE,"Mee eens",TRUE,TRUE,TRUE,TRUE,TRUE,TRUE
5968,25,"25 tot 35 jaar",FALSE,FALSE,"Niet mee eens, niet mee oneens",FALSE,"Niet mee eens, niet mee oneens",FALSE,TRUE,TRUE,TRUE,FALSE,TRUE
5969,78,"75 jaar of ouder",TRUE,FALSE,"Mee eens",TRUE,"Niet mee eens, niet mee oneens",FALSE,TRUE,FALSE,TRUE,TRUE,TRUE
5970,60,"55 tot 65 jaar",FALSE,TRUE,"Mee eens",TRUE,"Niet mee eens, niet mee oneens",FALSE,FALSE,TRUE,TRUE,TRUE,TRUE
5971,52,"45 tot 55 jaar",TRUE,TRUE,"Helemaal mee eens",TRUE,"Mee eens",TRUE,TRUE,TRUE,TRUE,TRUE,TRUE
5972,58,"55 tot 65 jaar",FALSE,TRUE,"Mee eens",TRUE,"Niet mee eens, niet mee oneens",FALSE,TRUE,TRUE,TRUE,TRUE,TRUE
5973,33,"25 tot 35 jaar",TRUE,TRUE,"Mee eens",TRUE,"Mee eens",TRUE,TRUE,TRUE,TRUE,FALSE,FALSE
5974,20,"18 tot 25 jaar",TRUE,TRUE,"Mee eens",TRUE,"Mee eens",TRUE,TRUE,TRUE,TRUE,TRUE,TRUE
5975,41,"35 tot 45 jaar",TRUE,TRUE,"Mee eens",TRUE,"Mee eens",TRUE,TRUE,TRUE,TRUE,FALSE,FALSE
5976,40,"35 tot 45 jaar",TRUE,TRUE,"Helemaal mee eens",TRUE,"Mee eens",TRUE,TRUE,TRUE,TRUE,FALSE,TRUE
5977,87,"75 jaar of ouder",FALSE,TRUE,"Niet mee eens, niet mee oneens",FALSE,"Niet mee eens, niet mee oneens",FALSE,FALSE,TRUE,FALSE,TRUE,FALSE
5978,84,"75 jaar of ouder",FALSE,FALSE,"Mee eens",TRUE,"Helemaal mee eens",TRUE,TRUE,TRUE,TRUE,TRUE,FALSE
5979,68,"65 tot 75 jaar",TRUE,TRUE,"Mee eens",TRUE,"Mee eens",TRUE,TRUE,TRUE,TRUE,TRUE,TRUE
5980,68,"65 tot 75 jaar",FALSE,TRUE,"Mee eens",TRUE,"Mee eens",TRUE,TRUE,TRUE,TRUE,TRUE,TRUE
5981,85,"75 jaar of ouder",FALSE,TRUE,"Mee eens",TRUE,"Niet mee eens, niet mee oneens",FALSE,TRUE,TRUE,FALSE,TRUE,FALSE
5982,39,"35 tot 45 jaar",FALSE,TRUE,"Mee eens",TRUE,"Mee eens",TRUE,TRUE,TRUE,FALSE,TRUE,TRUE
5983,46,"45 tot 55 jaar",FALSE,TRUE,"Mee eens",TRUE,"Mee eens",TRUE,TRUE,TRUE,TRUE,TRUE,FALSE
5984,57,"55 tot 65 jaar",FALSE,TRUE,"Mee eens",TRUE,"Helemaal mee eens",TRUE,TRUE,TRUE,TRUE,TRUE,TRUE
5985,66,"65 tot 75 jaar",TRUE,TRUE,"Helemaal mee eens",TRUE,"Helemaal mee eens",TRUE,TRUE,TRUE,TRUE,TRUE,TRUE
5986,79,"75 jaar of ouder",FALSE,TRUE,"Helemaal mee eens",TRUE,"Helemaal mee eens",TRUE,TRUE,TRUE,TRUE,TRUE,TRUE
5987,30,"25 tot 35 jaar",TRUE,TRUE,"Niet mee eens, niet mee oneens",FALSE,"Mee oneens",FALSE,FALSE,FALSE,FALSE,FALSE,FALSE
5988,35,"35 tot 45 jaar",TRUE,TRUE,"Mee eens",TRUE,"Mee oneens",FALSE,TRUE,FALSE,FALSE,TRUE,TRUE
5989,26,"25 tot 35 jaar",TRUE,TRUE,"Helemaal mee eens",TRUE,"Niet mee eens, niet mee oneens",FALSE,TRUE,TRUE,FALSE,FALSE,FALSE
5990,64,"55 tot 65 jaar",TRUE,TRUE,"Helemaal mee eens",TRUE,"Helemaal mee eens",TRUE,TRUE,TRUE,TRUE,TRUE,TRUE
5991,37,"35 tot 45 jaar",FALSE,TRUE,"Helemaal mee eens",TRUE,"Mee eens",TRUE,TRUE,TRUE,TRUE,TRUE,TRUE
5992,48,"45 tot 55 jaar",FALSE,TRUE,"Mee eens",TRUE,"Mee eens",TRUE,TRUE,TRUE,TRUE,TRUE,TRUE
5993,87,"75 jaar of ouder",FALSE,TRUE,"Mee eens",TRUE,"Niet mee eens, niet mee oneens",FALSE,TRUE,FALSE,TRUE,TRUE,TRUE
5994,81,"75 jaar of ouder",FALSE,TRUE,"Helemaal mee eens",TRUE,"Mee eens",TRUE,TRUE,TRUE,TRUE,TRUE,TRUE
5995,26,"25 tot 35 jaar",FALSE,TRUE,"Helemaal mee eens",TRUE,"Mee eens",TRUE,TRUE,TRUE,TRUE,TRUE,TRUE
5996,80,"75 jaar of ouder",FALSE,TRUE,"Mee eens",TRUE,"Niet mee eens, niet mee oneens",FALSE,TRUE,TRUE,TRUE,TRUE,TRUE
5997,39,"35 tot 45 jaar",FALSE,TRUE,"Helemaal mee eens",TRUE,"Mee eens",TRUE,TRUE,TRUE,TRUE,TRUE,TRUE
5998,61,"55 tot 65 jaar",TRUE,TRUE,"Helemaal mee eens",TRUE,"Helemaal mee eens",TRUE,TRUE,TRUE,TRUE,TRUE,TRUE
5999,20,"18 tot 25 jaar",TRUE,TRUE,"Helemaal mee eens",TRUE,"Helemaal mee eens",TRUE,TRUE,TRUE,TRUE,TRUE,TRUE
6000,19,"18 tot 25 jaar",FALSE,TRUE,"Mee eens",TRUE,"Niet mee eens, niet mee oneens",FALSE,TRUE,TRUE,FALSE,TRUE,FALSE
6001,56,"55 tot 65 jaar",TRUE,TRUE,"Mee eens",TRUE,"Niet mee eens, niet mee oneens",FALSE,TRUE,TRUE,TRUE,TRUE,TRUE
6002,44,"35 tot 45 jaar",TRUE,TRUE,"Helemaal mee eens",TRUE,"Helemaal mee eens",TRUE,TRUE,FALSE,TRUE,TRUE,TRUE
6003,31,"25 tot 35 jaar",FALSE,TRUE,"Helemaal mee eens",TRUE,"Mee eens",TRUE,TRUE,TRUE,TRUE,TRUE,FALSE
6004,60,"55 tot 65 jaar",FALSE,TRUE,"Mee eens",TRUE,"Mee eens",TRUE,TRUE,TRUE,TRUE,FALSE,TRUE
6005,56,"55 tot 65 jaar",TRUE,TRUE,"Mee eens",TRUE,"Mee eens",TRUE,TRUE,TRUE,FALSE,TRUE,FALSE
6006,79,"75 jaar of ouder",FALSE,TRUE,"Mee eens",TRUE,"Niet mee eens, niet mee oneens",FALSE,TRUE,TRUE,TRUE,TRUE,FALSE
6007,19,"18 tot 25 jaar",TRUE,TRUE,"Mee eens",TRUE,"Helemaal mee eens",TRUE,TRUE,TRUE,TRUE,TRUE,TRUE
6008,23,"18 tot 25 jaar",TRUE,TRUE,"Mee eens",TRUE,"Mee eens",TRUE,TRUE,FALSE,TRUE,FALSE,TRUE
6009,48,"45 tot 55 jaar",FALSE,TRUE,"Helemaal mee eens",TRUE,"Mee eens",TRUE,TRUE,TRUE,TRUE,TRUE,TRUE
6010,57,"55 tot 65 jaar",TRUE,TRUE,"Helemaal mee eens",TRUE,"Mee eens",TRUE,TRUE,TRUE,TRUE,TRUE,TRUE
6011,31,"25 tot 35 jaar",TRUE,TRUE,"Mee eens",TRUE,"Mee eens",TRUE,TRUE,TRUE,TRUE,TRUE,TRUE
6012,62,"55 tot 65 jaar",FALSE,TRUE,"Niet mee eens, niet mee oneens",FALSE,"Helemaal mee oneens",FALSE,TRUE,FALSE,FALSE,FALSE,TRUE
6013,51,"45 tot 55 jaar",FALSE,TRUE,"Mee eens",TRUE,"Mee eens",TRUE,FALSE,TRUE,TRUE,TRUE,TRUE
6014,72,"65 tot 75 jaar",FALSE,TRUE,"Mee eens",TRUE,"Mee eens",TRUE,TRUE,TRUE,TRUE,FALSE,TRUE
6015,67,"65 tot 75 jaar",FALSE,FALSE,"Niet mee eens, niet mee oneens",FALSE,"Niet mee eens, niet mee oneens",FALSE,TRUE,TRUE,TRUE,FALSE,FALSE
6016,18,"18 tot 25 jaar",TRUE,TRUE,"Mee eens",TRUE,"Mee eens",TRUE,TRUE,TRUE,TRUE,TRUE,TRUE
6017,52,"45 tot 55 jaar",TRUE,TRUE,"Helemaal mee oneens",FALSE,"Niet mee eens, niet mee oneens",FALSE,FALSE,TRUE,FALSE,TRUE,FALSE
6018,25,"25 tot 35 jaar",FALSE,TRUE,"Helemaal mee eens",TRUE,"Niet mee eens, niet mee oneens",FALSE,TRUE,FALSE,FALSE,FALSE,TRUE
6019,48,"45 tot 55 jaar",TRUE,TRUE,"Mee eens",TRUE,"Mee oneens",FALSE,FALSE,TRUE,FALSE,FALSE,FALSE
6020,34,"25 tot 35 jaar",FALSE,TRUE,"Helemaal mee eens",TRUE,"Helemaal mee eens",TRUE,TRUE,TRUE,TRUE,TRUE,TRUE
6021,69,"65 tot 75 jaar",FALSE,TRUE,"Mee eens",TRUE,"Mee eens",TRUE,TRUE,TRUE,TRUE,TRUE,TRUE
6022,45,"45 tot 55 jaar",TRUE,TRUE,"Mee eens",TRUE,"Mee eens",TRUE,TRUE,TRUE,TRUE,TRUE,FALSE
6023,62,"55 tot 65 jaar",TRUE,TRUE,"Mee eens",TRUE,"Niet mee eens, niet mee oneens",FALSE,TRUE,TRUE,TRUE,FALSE,TRUE
6024,52,"45 tot 55 jaar",FALSE,FALSE,"Helemaal mee eens",TRUE,"Mee eens",TRUE,TRUE,TRUE,TRUE,TRUE,TRUE
6025,84,"75 jaar of ouder",FALSE,TRUE,"Niet mee eens, niet mee oneens",FALSE,"Niet mee eens, niet mee oneens",FALSE,TRUE,TRUE,TRUE,TRUE,TRUE
6026,57,"55 tot 65 jaar",TRUE,TRUE,"Mee eens",TRUE,"Niet mee eens, niet mee oneens",FALSE,TRUE,TRUE,TRUE,FALSE,FALSE
6027,62,"55 tot 65 jaar",FALSE,TRUE,"Helemaal mee eens",TRUE,"Helemaal mee eens",TRUE,TRUE,TRUE,TRUE,TRUE,TRUE
6028,37,"35 tot 45 jaar",FALSE,TRUE,"Helemaal mee eens",TRUE,"Mee eens",TRUE,TRUE,TRUE,TRUE,TRUE,TRUE
6029,28,"25 tot 35 jaar",TRUE,TRUE,"Mee eens",TRUE,"Niet mee eens, niet mee oneens",FALSE,TRUE,TRUE,TRUE,TRUE,TRUE
6030,61,"55 tot 65 jaar",FALSE,FALSE,"Helemaal mee eens",TRUE,"Helemaal mee eens",TRUE,TRUE,TRUE,TRUE,TRUE,TRUE
6031,36,"35 tot 45 jaar",TRUE,TRUE,"Mee eens",TRUE,"Mee eens",TRUE,TRUE,TRUE,TRUE,TRUE,TRUE
6032,54,"45 tot 55 jaar",FALSE,TRUE,"Helemaal mee eens",TRUE,"Mee eens",TRUE,TRUE,TRUE,TRUE,TRUE,TRUE
6033,63,"55 tot 65 jaar",TRUE,TRUE,"Helemaal mee eens",TRUE,"Mee eens",TRUE,TRUE,TRUE,TRUE,TRUE,TRUE
6034,22,"18 tot 25 jaar",FALSE,TRUE,"Helemaal mee eens",TRUE,"Mee eens",TRUE,TRUE,TRUE,TRUE,TRUE,TRUE
6035,27,"25 tot 35 jaar",FALSE,TRUE,"Mee eens",TRUE,"Niet mee eens, niet mee oneens",FALSE,TRUE,TRUE,TRUE,FALSE,TRUE
6036,69,"65 tot 75 jaar",TRUE,TRUE,"Mee eens",TRUE,"Niet mee eens, niet mee oneens",FALSE,TRUE,TRUE,TRUE,TRUE,FALSE
6037,83,"75 jaar of ouder",FALSE,TRUE,"Mee eens",TRUE,"Niet mee eens, niet mee oneens",FALSE,TRUE,TRUE,TRUE,TRUE,FALSE
6038,57,"55 tot 65 jaar",FALSE,TRUE,"Helemaal mee eens",TRUE,"Helemaal mee eens",TRUE,TRUE,TRUE,TRUE,TRUE,TRUE
6039,38,"35 tot 45 jaar",TRUE,TRUE,"Mee eens",TRUE,"Mee eens",TRUE,TRUE,TRUE,TRUE,TRUE,TRUE
6040,65,"65 tot 75 jaar",FALSE,TRUE,"Mee eens",TRUE,"Mee eens",TRUE,TRUE,TRUE,TRUE,TRUE,FALSE
6041,54,"45 tot 55 jaar",FALSE,TRUE,"Mee eens",TRUE,"Niet mee eens, niet mee oneens",FALSE,TRUE,TRUE,TRUE,TRUE,TRUE
6042,25,"25 tot 35 jaar",FALSE,TRUE,"Helemaal mee eens",TRUE,"Helemaal mee eens",TRUE,TRUE,TRUE,TRUE,TRUE,TRUE
6043,55,"55 tot 65 jaar",FALSE,TRUE,"Helemaal mee eens",TRUE,"Helemaal mee eens",TRUE,TRUE,TRUE,TRUE,TRUE,TRUE
6044,78,"75 jaar of ouder",FALSE,TRUE,"Helemaal mee eens",TRUE,"Helemaal mee eens",TRUE,TRUE,TRUE,TRUE,TRUE,TRUE
6045,59,"55 tot 65 jaar",TRUE,TRUE,"Mee eens",TRUE,"Mee eens",TRUE,TRUE,FALSE,TRUE,FALSE,FALSE
6046,42,"35 tot 45 jaar",FALSE,TRUE,"Helemaal mee eens",TRUE,"Helemaal mee eens",TRUE,TRUE,FALSE,TRUE,TRUE,TRUE
6047,52,"45 tot 55 jaar",TRUE,TRUE,"Mee eens",TRUE,"Mee eens",TRUE,TRUE,FALSE,TRUE,TRUE,FALSE
6048,45,"45 tot 55 jaar",FALSE,TRUE,"Helemaal mee eens",TRUE,"Mee eens",TRUE,TRUE,TRUE,TRUE,TRUE,TRUE
6049,24,"18 tot 25 jaar",FALSE,TRUE,"Helemaal mee eens",TRUE,"Mee eens",TRUE,TRUE,TRUE,FALSE,TRUE,TRUE
6050,68,"65 tot 75 jaar",TRUE,TRUE,"Helemaal mee eens",TRUE,"Mee eens",TRUE,TRUE,FALSE,FALSE,TRUE,TRUE
6051,59,"55 tot 65 jaar",TRUE,TRUE,"Mee eens",TRUE,"Niet mee eens, niet mee oneens",FALSE,TRUE,TRUE,TRUE,FALSE,FALSE
6052,84,"75 jaar of ouder",TRUE,TRUE,"Niet mee eens, niet mee oneens",FALSE,"Mee oneens",FALSE,TRUE,FALSE,TRUE,FALSE,TRUE
6053,29,"25 tot 35 jaar",FALSE,TRUE,"Mee eens",TRUE,"Helemaal mee eens",TRUE,TRUE,TRUE,TRUE,TRUE,TRUE
6054,23,"18 tot 25 jaar",FALSE,TRUE,"Niet mee eens, niet mee oneens",FALSE,"Mee oneens",FALSE,TRUE,TRUE,FALSE,FALSE,FALSE
6055,52,"45 tot 55 jaar",TRUE,TRUE,"Mee eens",TRUE,"Mee oneens",FALSE,FALSE,TRUE,TRUE,FALSE,FALSE
6056,54,"45 tot 55 jaar",TRUE,TRUE,"Mee eens",TRUE,"Mee eens",TRUE,TRUE,TRUE,TRUE,FALSE,FALSE
6057,66,"65 tot 75 jaar",FALSE,TRUE,"Helemaal mee eens",TRUE,"Mee eens",TRUE,TRUE,TRUE,TRUE,TRUE,FALSE
6058,19,"18 tot 25 jaar",FALSE,TRUE,"Helemaal mee eens",TRUE,"Niet mee eens, niet mee oneens",FALSE,TRUE,TRUE,TRUE,TRUE,TRUE
6059,66,"65 tot 75 jaar",TRUE,TRUE,"Helemaal mee eens",TRUE,"Helemaal mee eens",TRUE,TRUE,TRUE,TRUE,TRUE,FALSE
6060,74,"65 tot 75 jaar",TRUE,TRUE,"Helemaal mee eens",TRUE,"Helemaal mee eens",TRUE,TRUE,TRUE,TRUE,TRUE,TRUE
6061,19,"18 tot 25 jaar",TRUE,TRUE,"Helemaal mee eens",TRUE,"Mee eens",TRUE,TRUE,TRUE,TRUE,FALSE,FALSE
6062,28,"25 tot 35 jaar",FALSE,TRUE,"Helemaal mee eens",TRUE,"Mee eens",TRUE,TRUE,TRUE,TRUE,TRUE,TRUE
6063,45,"45 tot 55 jaar",FALSE,TRUE,"Mee eens",TRUE,"Niet mee eens, niet mee oneens",FALSE,TRUE,TRUE,TRUE,TRUE,TRUE
6064,86,"75 jaar of ouder",FALSE,TRUE,"Niet mee eens, niet mee oneens",FALSE,"Niet mee eens, niet mee oneens",FALSE,TRUE,TRUE,TRUE,FALSE,FALSE
6065,63,"55 tot 65 jaar",TRUE,TRUE,"Helemaal mee eens",TRUE,"Mee eens",TRUE,TRUE,TRUE,TRUE,TRUE,TRUE
6066,27,"25 tot 35 jaar",FALSE,TRUE,"Helemaal mee eens",TRUE,"Mee eens",TRUE,TRUE,TRUE,TRUE,TRUE,FALSE
6067,56,"55 tot 65 jaar",TRUE,TRUE,"Mee eens",TRUE,"Niet mee eens, niet mee oneens",FALSE,TRUE,FALSE,TRUE,FALSE,FALSE
6068,20,"18 tot 25 jaar",FALSE,TRUE,"Helemaal mee eens",TRUE,"Helemaal mee eens",TRUE,TRUE,TRUE,TRUE,TRUE,TRUE
6069,34,"25 tot 35 jaar",TRUE,TRUE,"Helemaal mee eens",TRUE,"Helemaal mee eens",TRUE,TRUE,TRUE,TRUE,TRUE,TRUE
6070,25,"25 tot 35 jaar",FALSE,TRUE,"Mee eens",TRUE,"Mee eens",TRUE,TRUE,TRUE,TRUE,TRUE,TRUE
6071,33,"25 tot 35 jaar",FALSE,TRUE,"Helemaal mee eens",TRUE,"Helemaal mee eens",TRUE,TRUE,TRUE,TRUE,TRUE,TRUE
6072,41,"35 tot 45 jaar",FALSE,TRUE,"Niet mee eens, niet mee oneens",FALSE,"Helemaal mee eens",TRUE,TRUE,TRUE,TRUE,TRUE,TRUE
6073,19,"18 tot 25 jaar",FALSE,TRUE,"Helemaal mee eens",TRUE,"Niet mee eens, niet mee oneens",FALSE,TRUE,TRUE,TRUE,TRUE,TRUE
6074,57,"55 tot 65 jaar",TRUE,TRUE,"Mee eens",TRUE,"Niet mee eens, niet mee oneens",FALSE,TRUE,FALSE,TRUE,FALSE,FALSE
6075,45,"45 tot 55 jaar",FALSE,TRUE,"Helemaal mee eens",TRUE,"Mee eens",TRUE,TRUE,TRUE,TRUE,TRUE,TRUE
6076,50,"45 tot 55 jaar",TRUE,TRUE,"Mee eens",TRUE,"Mee eens",TRUE,TRUE,TRUE,FALSE,TRUE,FALSE
6077,57,"55 tot 65 jaar",TRUE,TRUE,"Mee eens",TRUE,"Niet mee eens, niet mee oneens",FALSE,TRUE,TRUE,TRUE,FALSE,FALSE
6078,54,"45 tot 55 jaar",TRUE,TRUE,"Helemaal mee eens",TRUE,"Helemaal mee eens",TRUE,TRUE,TRUE,TRUE,TRUE,TRUE
6079,46,"45 tot 55 jaar",FALSE,TRUE,"Mee eens",TRUE,"Mee eens",TRUE,TRUE,TRUE,FALSE,TRUE,TRUE
6080,51,"45 tot 55 jaar",TRUE,TRUE,"Helemaal mee eens",TRUE,"Helemaal mee eens",TRUE,TRUE,TRUE,TRUE,TRUE,TRUE
6081,24,"18 tot 25 jaar",FALSE,TRUE,"Mee eens",TRUE,"Mee eens",TRUE,FALSE,FALSE,FALSE,TRUE,FALSE
6082,57,"55 tot 65 jaar",FALSE,TRUE,"Helemaal mee eens",TRUE,"Helemaal mee eens",TRUE,TRUE,TRUE,TRUE,TRUE,TRUE
6083,33,"25 tot 35 jaar",TRUE,TRUE,"Helemaal mee eens",TRUE,"Mee eens",TRUE,TRUE,TRUE,TRUE,TRUE,FALSE
6084,50,"45 tot 55 jaar",TRUE,TRUE,"Helemaal mee eens",TRUE,"Mee eens",TRUE,TRUE,FALSE,TRUE,TRUE,TRUE
6085,47,"45 tot 55 jaar",TRUE,TRUE,"Helemaal mee eens",TRUE,"Mee eens",TRUE,TRUE,FALSE,TRUE,FALSE,TRUE
6086,73,"65 tot 75 jaar",FALSE,TRUE,"Mee eens",TRUE,"Niet mee eens, niet mee oneens",FALSE,TRUE,TRUE,FALSE,TRUE,TRUE
6087,56,"55 tot 65 jaar",TRUE,TRUE,"Mee eens",TRUE,"Helemaal mee oneens",FALSE,TRUE,FALSE,FALSE,FALSE,FALSE
6088,62,"55 tot 65 jaar",TRUE,TRUE,"Mee eens",TRUE,"Niet mee eens, niet mee oneens",FALSE,TRUE,TRUE,TRUE,FALSE,TRUE
6089,58,"55 tot 65 jaar",TRUE,TRUE,"Mee eens",TRUE,"Mee eens",TRUE,TRUE,FALSE,TRUE,TRUE,FALSE
6090,81,"75 jaar of ouder",FALSE,TRUE,"Helemaal mee eens",TRUE,"Helemaal mee eens",TRUE,TRUE,TRUE,TRUE,TRUE,FALSE
6091,50,"45 tot 55 jaar",FALSE,TRUE,"Mee eens",TRUE,"Niet mee eens, niet mee oneens",FALSE,FALSE,TRUE,TRUE,TRUE,FALSE
6092,56,"55 tot 65 jaar",FALSE,TRUE,"Mee eens",TRUE,"Mee eens",TRUE,TRUE,TRUE,TRUE,TRUE,TRUE
6093,25,"25 tot 35 jaar",TRUE,TRUE,"Mee eens",TRUE,"Helemaal mee eens",TRUE,TRUE,TRUE,TRUE,TRUE,TRUE
6094,53,"45 tot 55 jaar",FALSE,TRUE,"Helemaal mee eens",TRUE,"Helemaal mee eens",TRUE,TRUE,TRUE,TRUE,TRUE,TRUE
6095,69,"65 tot 75 jaar",TRUE,TRUE,"Mee eens",TRUE,"Mee eens",TRUE,TRUE,TRUE,TRUE,TRUE,TRUE
6096,29,"25 tot 35 jaar",FALSE,TRUE,"Mee eens",TRUE,"Mee eens",TRUE,TRUE,TRUE,TRUE,TRUE,TRUE
6097,82,"75 jaar of ouder",FALSE,TRUE,"Helemaal mee eens",TRUE,"Helemaal mee eens",TRUE,TRUE,TRUE,TRUE,TRUE,TRUE
6098,45,"45 tot 55 jaar",FALSE,TRUE,"Helemaal mee eens",TRUE,"Helemaal mee eens",TRUE,TRUE,TRUE,TRUE,TRUE,TRUE
6099,72,"65 tot 75 jaar",FALSE,TRUE,"Helemaal mee eens",TRUE,"Mee eens",TRUE,TRUE,TRUE,FALSE,FALSE,TRUE
6100,30,"25 tot 35 jaar",TRUE,TRUE,"Mee eens",TRUE,"Niet mee eens, niet mee oneens",FALSE,TRUE,TRUE,FALSE,TRUE,TRUE
6101,20,"18 tot 25 jaar",FALSE,TRUE,"Helemaal mee eens",TRUE,"Niet mee eens, niet mee oneens",FALSE,TRUE,TRUE,TRUE,TRUE,TRUE
6102,81,"75 jaar of ouder",FALSE,TRUE,"Mee eens",TRUE,"Mee oneens",FALSE,TRUE,TRUE,TRUE,TRUE,TRUE
6103,29,"25 tot 35 jaar",TRUE,TRUE,"Mee eens",TRUE,"Mee eens",TRUE,TRUE,TRUE,FALSE,TRUE,TRUE
6104,42,"35 tot 45 jaar",FALSE,TRUE,"Helemaal mee eens",TRUE,"Helemaal mee eens",TRUE,TRUE,TRUE,TRUE,TRUE,TRUE
6105,19,"18 tot 25 jaar",FALSE,TRUE,"Helemaal mee eens",TRUE,"Mee eens",TRUE,TRUE,TRUE,TRUE,TRUE,FALSE
6106,72,"65 tot 75 jaar",FALSE,TRUE,"Mee eens",TRUE,"Mee eens",TRUE,TRUE,TRUE,TRUE,TRUE,FALSE
6107,33,"25 tot 35 jaar",FALSE,FALSE,"Helemaal mee eens",TRUE,"Niet mee eens, niet mee oneens",FALSE,TRUE,TRUE,TRUE,TRUE,TRUE
6108,34,"25 tot 35 jaar",FALSE,TRUE,"Helemaal mee eens",TRUE,"Mee eens",TRUE,TRUE,FALSE,TRUE,TRUE,TRUE
6109,75,"75 jaar of ouder",TRUE,TRUE,"Mee eens",TRUE,"Mee eens",TRUE,TRUE,TRUE,TRUE,TRUE,TRUE
6110,51,"45 tot 55 jaar",TRUE,TRUE,"Helemaal mee eens",TRUE,"Mee eens",TRUE,TRUE,TRUE,FALSE,TRUE,FALSE
6111,60,"55 tot 65 jaar",FALSE,TRUE,"Helemaal mee eens",TRUE,"Mee eens",TRUE,TRUE,FALSE,TRUE,TRUE,TRUE
6112,22,"18 tot 25 jaar",FALSE,TRUE,"Helemaal mee eens",TRUE,"Niet mee eens, niet mee oneens",FALSE,TRUE,TRUE,TRUE,TRUE,TRUE
6113,49,"45 tot 55 jaar",TRUE,TRUE,"Mee eens",TRUE,"Mee eens",TRUE,TRUE,FALSE,FALSE,TRUE,FALSE
6114,32,"25 tot 35 jaar",FALSE,TRUE,"Niet mee eens, niet mee oneens",FALSE,"Mee oneens",FALSE,TRUE,FALSE,FALSE,FALSE,FALSE
6115,37,"35 tot 45 jaar",TRUE,TRUE,"Mee eens",TRUE,"Mee eens",TRUE,TRUE,TRUE,TRUE,TRUE,TRUE
6116,32,"25 tot 35 jaar",FALSE,FALSE,"Helemaal mee eens",TRUE,"Helemaal mee eens",TRUE,TRUE,TRUE,TRUE,TRUE,TRUE
6117,42,"35 tot 45 jaar",TRUE,TRUE,"Mee eens",TRUE,"Mee eens",TRUE,TRUE,TRUE,TRUE,TRUE,TRUE
6118,45,"45 tot 55 jaar",TRUE,TRUE,"Mee eens",TRUE,"Mee eens",TRUE,TRUE,TRUE,FALSE,TRUE,FALSE
6119,74,"65 tot 75 jaar",TRUE,TRUE,"Mee eens",TRUE,"Mee eens",TRUE,TRUE,FALSE,TRUE,TRUE,TRUE
6120,38,"35 tot 45 jaar",TRUE,TRUE,"Niet mee eens, niet mee oneens",FALSE,"Niet mee eens, niet mee oneens",FALSE,FALSE,TRUE,TRUE,FALSE,TRUE
6121,50,"45 tot 55 jaar",TRUE,TRUE,"Mee eens",TRUE,"Mee oneens",FALSE,TRUE,TRUE,TRUE,TRUE,TRUE
6122,19,"18 tot 25 jaar",TRUE,TRUE,"Mee eens",TRUE,"Niet mee eens, niet mee oneens",FALSE,TRUE,TRUE,FALSE,FALSE,FALSE
6123,59,"55 tot 65 jaar",TRUE,TRUE,"Mee eens",TRUE,"Mee oneens",FALSE,TRUE,TRUE,TRUE,FALSE,FALSE
6124,48,"45 tot 55 jaar",FALSE,TRUE,"Niet mee eens, niet mee oneens",FALSE,"Niet mee eens, niet mee oneens",FALSE,TRUE,FALSE,TRUE,FALSE,FALSE
6125,45,"45 tot 55 jaar",TRUE,TRUE,"Mee eens",TRUE,"Mee eens",TRUE,TRUE,FALSE,TRUE,FALSE,TRUE
6126,73,"65 tot 75 jaar",FALSE,TRUE,"Helemaal mee eens",TRUE,"Niet mee eens, niet mee oneens",FALSE,TRUE,TRUE,TRUE,TRUE,TRUE
6127,59,"55 tot 65 jaar",TRUE,TRUE,"Helemaal mee eens",TRUE,"Mee oneens",FALSE,FALSE,FALSE,FALSE,FALSE,FALSE
6128,34,"25 tot 35 jaar",FALSE,TRUE,"Niet mee eens, niet mee oneens",FALSE,"Niet mee eens, niet mee oneens",FALSE,FALSE,TRUE,TRUE,TRUE,FALSE
6129,57,"55 tot 65 jaar",TRUE,TRUE,"Helemaal mee eens",TRUE,"Mee eens",TRUE,TRUE,FALSE,TRUE,TRUE,TRUE
6130,74,"65 tot 75 jaar",FALSE,TRUE,"Mee eens",TRUE,"Niet mee eens, niet mee oneens",FALSE,FALSE,TRUE,TRUE,FALSE,TRUE
6131,23,"18 tot 25 jaar",TRUE,TRUE,"Mee eens",TRUE,"Mee oneens",FALSE,TRUE,FALSE,TRUE,FALSE,FALSE
6132,73,"65 tot 75 jaar",FALSE,TRUE,"Niet mee eens, niet mee oneens",FALSE,"Niet mee eens, niet mee oneens",FALSE,TRUE,FALSE,TRUE,TRUE,TRUE
6133,70,"65 tot 75 jaar",TRUE,TRUE,"Mee eens",TRUE,"Mee eens",TRUE,TRUE,FALSE,TRUE,TRUE,TRUE
6134,70,"65 tot 75 jaar",TRUE,TRUE,"Helemaal mee eens",TRUE,"Mee eens",TRUE,TRUE,TRUE,TRUE,TRUE,TRUE
6135,25,"25 tot 35 jaar",FALSE,FALSE,"Helemaal mee eens",TRUE,"Mee eens",TRUE,TRUE,TRUE,TRUE,TRUE,TRUE
6136,45,"45 tot 55 jaar",TRUE,TRUE,"Helemaal mee eens",TRUE,"Helemaal mee eens",TRUE,TRUE,TRUE,TRUE,TRUE,TRUE
6137,60,"55 tot 65 jaar",FALSE,TRUE,"Mee eens",TRUE,"Niet mee eens, niet mee oneens",FALSE,TRUE,TRUE,TRUE,TRUE,TRUE
6138,56,"55 tot 65 jaar",TRUE,TRUE,"Mee eens",TRUE,"Mee eens",TRUE,TRUE,TRUE,FALSE,TRUE,TRUE
6139,68,"65 tot 75 jaar",FALSE,TRUE,"Mee eens",TRUE,"Mee eens",TRUE,TRUE,TRUE,TRUE,TRUE,FALSE
6140,67,"65 tot 75 jaar",FALSE,TRUE,"Helemaal mee eens",TRUE,"Mee eens",TRUE,TRUE,FALSE,FALSE,TRUE,TRUE
6141,60,"55 tot 65 jaar",FALSE,TRUE,"Helemaal mee eens",TRUE,"Mee eens",TRUE,TRUE,FALSE,TRUE,TRUE,TRUE
6142,30,"25 tot 35 jaar",FALSE,TRUE,"Niet mee eens, niet mee oneens",FALSE,"Niet mee eens, niet mee oneens",FALSE,FALSE,TRUE,FALSE,FALSE,FALSE
6143,20,"18 tot 25 jaar",FALSE,TRUE,"Mee eens",TRUE,"Mee eens",TRUE,TRUE,TRUE,TRUE,TRUE,TRUE
6144,26,"25 tot 35 jaar",FALSE,TRUE,"Niet mee eens, niet mee oneens",FALSE,"Niet mee eens, niet mee oneens",FALSE,TRUE,TRUE,TRUE,FALSE,FALSE
6145,84,"75 jaar of ouder",FALSE,TRUE,"Niet mee eens, niet mee oneens",FALSE,"Mee eens",TRUE,TRUE,TRUE,TRUE,TRUE,TRUE
6146,64,"55 tot 65 jaar",FALSE,TRUE,"Helemaal mee eens",TRUE,"Mee eens",TRUE,TRUE,TRUE,TRUE,TRUE,FALSE
6147,30,"25 tot 35 jaar",TRUE,TRUE,"Mee eens",TRUE,"Mee eens",TRUE,TRUE,TRUE,TRUE,TRUE,TRUE
6148,81,"75 jaar of ouder",FALSE,TRUE,"Mee eens",TRUE,"Niet mee eens, niet mee oneens",FALSE,FALSE,TRUE,TRUE,TRUE,TRUE
6149,79,"75 jaar of ouder",TRUE,TRUE,"Mee eens",TRUE,"Mee eens",TRUE,TRUE,TRUE,TRUE,TRUE,TRUE
6150,19,"18 tot 25 jaar",FALSE,TRUE,"Mee eens",TRUE,"Mee eens",TRUE,TRUE,TRUE,FALSE,TRUE,TRUE
6151,48,"45 tot 55 jaar",TRUE,TRUE,"Helemaal mee eens",TRUE,"Mee eens",TRUE,TRUE,TRUE,TRUE,TRUE,TRUE
6152,89,"75 jaar of ouder",FALSE,TRUE,"Mee eens",TRUE,"Niet mee eens, niet mee oneens",FALSE,TRUE,TRUE,TRUE,TRUE,FALSE
6153,67,"65 tot 75 jaar",FALSE,TRUE,"Helemaal mee eens",TRUE,"Helemaal mee eens",TRUE,TRUE,TRUE,TRUE,TRUE,TRUE
6154,80,"75 jaar of ouder",FALSE,TRUE,"Helemaal mee eens",TRUE,"Helemaal mee eens",TRUE,TRUE,TRUE,TRUE,TRUE,TRUE
6155,55,"55 tot 65 jaar",FALSE,TRUE,"Mee eens",TRUE,"Mee eens",TRUE,TRUE,TRUE,TRUE,TRUE,FALSE
6156,75,"75 jaar of ouder",FALSE,TRUE,"Mee eens",TRUE,"Helemaal mee eens",TRUE,TRUE,TRUE,TRUE,TRUE,TRUE
6157,26,"25 tot 35 jaar",FALSE,TRUE,"Helemaal mee eens",TRUE,"Helemaal mee eens",TRUE,TRUE,TRUE,TRUE,TRUE,TRUE
6158,25,"25 tot 35 jaar",FALSE,FALSE,"Mee oneens",FALSE,"Mee oneens",FALSE,TRUE,FALSE,FALSE,FALSE,FALSE
6159,72,"65 tot 75 jaar",TRUE,TRUE,"Helemaal mee eens",TRUE,"Helemaal mee eens",TRUE,TRUE,TRUE,TRUE,TRUE,TRUE
6160,86,"75 jaar of ouder",TRUE,TRUE,"Mee eens",TRUE,"Mee eens",TRUE,TRUE,TRUE,TRUE,FALSE,FALSE
6161,68,"65 tot 75 jaar",FALSE,TRUE,"Mee eens",TRUE,"Mee oneens",FALSE,TRUE,TRUE,TRUE,FALSE,FALSE
6162,54,"45 tot 55 jaar",TRUE,TRUE,"Mee eens",TRUE,"Mee eens",TRUE,TRUE,TRUE,TRUE,TRUE,TRUE
6163,54,"45 tot 55 jaar",TRUE,TRUE,"Helemaal mee eens",TRUE,"Helemaal mee eens",TRUE,TRUE,TRUE,TRUE,TRUE,TRUE
6164,89,"75 jaar of ouder",TRUE,TRUE,"Helemaal mee eens",TRUE,"Mee eens",TRUE,TRUE,TRUE,TRUE,TRUE,TRUE
6165,34,"25 tot 35 jaar",FALSE,TRUE,"Helemaal mee eens",TRUE,"Helemaal mee eens",TRUE,TRUE,TRUE,TRUE,TRUE,TRUE
6166,55,"55 tot 65 jaar",TRUE,TRUE,"Helemaal mee eens",TRUE,"Mee eens",TRUE,TRUE,FALSE,TRUE,TRUE,TRUE
6167,52,"45 tot 55 jaar",TRUE,TRUE,"Helemaal mee eens",TRUE,"Mee eens",TRUE,TRUE,FALSE,TRUE,TRUE,FALSE
6168,42,"35 tot 45 jaar",FALSE,TRUE,"Helemaal mee eens",TRUE,"Mee eens",TRUE,TRUE,TRUE,TRUE,TRUE,FALSE
6169,71,"65 tot 75 jaar",TRUE,TRUE,"Helemaal mee eens",TRUE,"Helemaal mee eens",TRUE,TRUE,TRUE,TRUE,TRUE,TRUE
6170,65,"65 tot 75 jaar",FALSE,TRUE,"Helemaal mee eens",TRUE,"Mee eens",TRUE,TRUE,TRUE,TRUE,TRUE,TRUE
6171,19,"18 tot 25 jaar",TRUE,TRUE,"Helemaal mee eens",TRUE,"Helemaal mee eens",TRUE,TRUE,TRUE,TRUE,TRUE,TRUE
6172,26,"25 tot 35 jaar",FALSE,TRUE,"Mee eens",TRUE,"Niet mee eens, niet mee oneens",FALSE,TRUE,TRUE,TRUE,TRUE,FALSE
6173,42,"35 tot 45 jaar",FALSE,TRUE,"Niet mee eens, niet mee oneens",FALSE,"Niet mee eens, niet mee oneens",FALSE,FALSE,FALSE,FALSE,FALSE,FALSE
6174,77,"75 jaar of ouder",TRUE,TRUE,"Mee eens",TRUE,"Niet mee eens, niet mee oneens",FALSE,TRUE,TRUE,TRUE,TRUE,TRUE
6175,84,"75 jaar of ouder",FALSE,TRUE,"Mee eens",TRUE,"Mee oneens",FALSE,FALSE,TRUE,FALSE,FALSE,FALSE
6176,30,"25 tot 35 jaar",FALSE,TRUE,"Helemaal mee eens",TRUE,"Mee eens",TRUE,TRUE,TRUE,TRUE,TRUE,TRUE
6177,25,"25 tot 35 jaar",FALSE,TRUE,"Helemaal mee eens",TRUE,"Helemaal mee eens",TRUE,TRUE,TRUE,TRUE,TRUE,TRUE
6178,22,"18 tot 25 jaar",TRUE,TRUE,"Mee oneens",FALSE,"Mee oneens",FALSE,TRUE,FALSE,FALSE,FALSE,FALSE
6179,54,"45 tot 55 jaar",FALSE,TRUE,"Niet mee eens, niet mee oneens",FALSE,"Mee oneens",FALSE,TRUE,FALSE,TRUE,FALSE,TRUE
6180,38,"35 tot 45 jaar",TRUE,TRUE,"Mee eens",TRUE,"Mee eens",TRUE,TRUE,FALSE,FALSE,TRUE,TRUE
6181,69,"65 tot 75 jaar",FALSE,TRUE,"Mee eens",TRUE,"Niet mee eens, niet mee oneens",FALSE,TRUE,TRUE,TRUE,TRUE,FALSE
6182,32,"25 tot 35 jaar",TRUE,TRUE,"Mee eens",TRUE,"Niet mee eens, niet mee oneens",FALSE,TRUE,TRUE,FALSE,FALSE,FALSE
6183,29,"25 tot 35 jaar",TRUE,TRUE,"Helemaal mee eens",TRUE,"Mee eens",TRUE,TRUE,TRUE,TRUE,TRUE,TRUE
6184,72,"65 tot 75 jaar",TRUE,TRUE,"Mee eens",TRUE,"Niet mee eens, niet mee oneens",FALSE,TRUE,FALSE,TRUE,FALSE,FALSE
6185,73,"65 tot 75 jaar",FALSE,TRUE,"Helemaal mee eens",TRUE,"Helemaal mee eens",TRUE,TRUE,TRUE,TRUE,TRUE,TRUE
6186,50,"45 tot 55 jaar",TRUE,TRUE,"Helemaal mee eens",TRUE,"Mee eens",TRUE,TRUE,TRUE,TRUE,TRUE,TRUE
6187,30,"25 tot 35 jaar",FALSE,TRUE,"Mee eens",TRUE,"Mee eens",TRUE,TRUE,FALSE,FALSE,TRUE,TRUE
6188,67,"65 tot 75 jaar",TRUE,TRUE,"Helemaal mee eens",TRUE,"Mee eens",TRUE,TRUE,TRUE,TRUE,TRUE,TRUE
6189,31,"25 tot 35 jaar",TRUE,TRUE,"Helemaal mee eens",TRUE,"Helemaal mee eens",TRUE,TRUE,TRUE,TRUE,TRUE,TRUE
6190,52,"45 tot 55 jaar",TRUE,TRUE,"Mee eens",TRUE,"Mee eens",TRUE,TRUE,FALSE,FALSE,FALSE,FALSE
6191,31,"25 tot 35 jaar",FALSE,TRUE,"Helemaal mee eens",TRUE,"Helemaal mee eens",TRUE,FALSE,TRUE,TRUE,TRUE,TRUE
6192,67,"65 tot 75 jaar",FALSE,TRUE,"Helemaal mee eens",TRUE,"Mee eens",TRUE,TRUE,TRUE,TRUE,TRUE,FALSE
6193,25,"25 tot 35 jaar",TRUE,TRUE,"Helemaal mee eens",TRUE,"Mee eens",TRUE,TRUE,TRUE,TRUE,TRUE,TRUE
6194,37,"35 tot 45 jaar",TRUE,TRUE,"Mee eens",TRUE,"Mee eens",TRUE,TRUE,TRUE,TRUE,TRUE,TRUE
6195,40,"35 tot 45 jaar",TRUE,TRUE,"Mee eens",TRUE,"Mee eens",TRUE,TRUE,TRUE,TRUE,TRUE,TRUE
6196,42,"35 tot 45 jaar",TRUE,TRUE,"Helemaal mee eens",TRUE,"Mee eens",TRUE,TRUE,TRUE,TRUE,TRUE,TRUE
6197,38,"35 tot 45 jaar",FALSE,TRUE,"Helemaal mee eens",TRUE,"Mee eens",TRUE,TRUE,TRUE,TRUE,TRUE,FALSE
6198,67,"65 tot 75 jaar",FALSE,TRUE,"Mee eens",TRUE,"Mee oneens",FALSE,TRUE,TRUE,TRUE,TRUE,FALSE
6199,18,"18 tot 25 jaar",FALSE,TRUE,"Helemaal mee eens",TRUE,"Helemaal mee eens",TRUE,TRUE,TRUE,TRUE,TRUE,TRUE
6200,54,"45 tot 55 jaar",FALSE,TRUE,"Helemaal mee eens",TRUE,"Helemaal mee eens",TRUE,TRUE,TRUE,TRUE,TRUE,TRUE
6201,24,"18 tot 25 jaar",TRUE,TRUE,"Mee oneens",FALSE,"Niet mee eens, niet mee oneens",FALSE,TRUE,FALSE,FALSE,FALSE,FALSE
6202,41,"35 tot 45 jaar",TRUE,TRUE,"Mee eens",TRUE,"Mee eens",TRUE,TRUE,TRUE,FALSE,TRUE,FALSE
6203,48,"45 tot 55 jaar",TRUE,FALSE,"Helemaal mee eens",TRUE,"Helemaal mee eens",TRUE,TRUE,TRUE,TRUE,TRUE,TRUE
6204,33,"25 tot 35 jaar",FALSE,TRUE,"Helemaal mee eens",TRUE,"Mee eens",TRUE,TRUE,TRUE,TRUE,TRUE,TRUE
6205,66,"65 tot 75 jaar",TRUE,TRUE,"Helemaal mee eens",TRUE,"Helemaal mee eens",TRUE,TRUE,TRUE,TRUE,TRUE,TRUE
6206,31,"25 tot 35 jaar",FALSE,TRUE,"Helemaal mee eens",TRUE,"Niet mee eens, niet mee oneens",FALSE,FALSE,TRUE,TRUE,TRUE,TRUE
6207,38,"35 tot 45 jaar",FALSE,TRUE,"Helemaal mee eens",TRUE,"Helemaal mee eens",TRUE,TRUE,TRUE,TRUE,TRUE,TRUE
6208,73,"65 tot 75 jaar",FALSE,TRUE,"Mee eens",TRUE,"Niet mee eens, niet mee oneens",FALSE,TRUE,TRUE,TRUE,TRUE,FALSE
6209,41,"35 tot 45 jaar",TRUE,TRUE,"Mee eens",TRUE,"Mee eens",TRUE,TRUE,TRUE,TRUE,FALSE,FALSE
6210,78,"75 jaar of ouder",TRUE,TRUE,"Mee eens",TRUE,"Mee oneens",FALSE,FALSE,FALSE,TRUE,FALSE,FALSE
6211,78,"75 jaar of ouder",TRUE,TRUE,"Mee eens",TRUE,"Niet mee eens, niet mee oneens",FALSE,TRUE,FALSE,FALSE,FALSE,FALSE
6212,56,"55 tot 65 jaar",FALSE,TRUE,"Niet mee eens, niet mee oneens",FALSE,"Mee oneens",FALSE,TRUE,FALSE,FALSE,FALSE,FALSE
6213,52,"45 tot 55 jaar",FALSE,TRUE,"Helemaal mee eens",TRUE,"Mee eens",TRUE,TRUE,TRUE,TRUE,TRUE,TRUE
6214,80,"75 jaar of ouder",FALSE,TRUE,"Helemaal mee eens",TRUE,"Niet mee eens, niet mee oneens",FALSE,FALSE,TRUE,FALSE,FALSE,TRUE
6215,89,"75 jaar of ouder",FALSE,TRUE,"Helemaal mee eens",TRUE,"Mee eens",TRUE,TRUE,TRUE,TRUE,TRUE,FALSE
6216,26,"25 tot 35 jaar",TRUE,TRUE,"Mee eens",TRUE,"Mee eens",TRUE,TRUE,TRUE,TRUE,TRUE,FALSE
6217,43,"35 tot 45 jaar",FALSE,TRUE,"Helemaal mee eens",TRUE,"Mee eens",TRUE,TRUE,TRUE,TRUE,TRUE,TRUE
6218,32,"25 tot 35 jaar",FALSE,TRUE,"Mee eens",TRUE,"Niet mee eens, niet mee oneens",FALSE,TRUE,TRUE,TRUE,FALSE,TRUE
6219,29,"25 tot 35 jaar",TRUE,TRUE,"Mee eens",TRUE,"Mee eens",TRUE,TRUE,TRUE,FALSE,TRUE,FALSE
6220,77,"75 jaar of ouder",TRUE,TRUE,"Mee eens",TRUE,"Niet mee eens, niet mee oneens",FALSE,TRUE,TRUE,FALSE,FALSE,TRUE
6221,82,"75 jaar of ouder",FALSE,TRUE,"Helemaal mee eens",TRUE,"Mee eens",TRUE,TRUE,TRUE,FALSE,TRUE,FALSE
6222,65,"65 tot 75 jaar",FALSE,TRUE,"Mee eens",TRUE,"Niet mee eens, niet mee oneens",FALSE,FALSE,TRUE,TRUE,FALSE,FALSE
6223,81,"75 jaar of ouder",FALSE,TRUE,"Helemaal mee eens",TRUE,"Helemaal mee eens",TRUE,TRUE,TRUE,TRUE,TRUE,TRUE
6224,87,"75 jaar of ouder",FALSE,TRUE,"Mee eens",TRUE,"Mee oneens",FALSE,TRUE,TRUE,TRUE,TRUE,TRUE
6225,20,"18 tot 25 jaar",FALSE,FALSE,"Helemaal mee eens",TRUE,"Mee eens",TRUE,FALSE,TRUE,TRUE,TRUE,TRUE
6226,45,"45 tot 55 jaar",FALSE,TRUE,"Helemaal mee eens",TRUE,"Mee eens",TRUE,TRUE,TRUE,TRUE,TRUE,TRUE
6227,52,"45 tot 55 jaar",TRUE,TRUE,"Mee eens",TRUE,"Mee oneens",FALSE,FALSE,FALSE,FALSE,TRUE,FALSE
6228,50,"45 tot 55 jaar",TRUE,TRUE,"Mee eens",TRUE,"Mee eens",TRUE,TRUE,FALSE,TRUE,FALSE,TRUE
6229,21,"18 tot 25 jaar",FALSE,TRUE,"Helemaal mee eens",TRUE,"Mee eens",TRUE,TRUE,TRUE,TRUE,TRUE,TRUE
6230,88,"75 jaar of ouder",TRUE,TRUE,"Helemaal mee eens",TRUE,"Mee eens",TRUE,TRUE,TRUE,TRUE,TRUE,TRUE
6231,49,"45 tot 55 jaar",TRUE,TRUE,"Helemaal mee oneens",FALSE,"Mee oneens",FALSE,FALSE,FALSE,FALSE,FALSE,FALSE
6232,60,"55 tot 65 jaar",TRUE,TRUE,"Mee eens",TRUE,"Mee eens",TRUE,TRUE,TRUE,FALSE,TRUE,TRUE
6233,90,"75 jaar of ouder",TRUE,TRUE,"Mee eens",TRUE,"Mee eens",TRUE,TRUE,TRUE,TRUE,TRUE,TRUE
6234,54,"45 tot 55 jaar",FALSE,TRUE,"Helemaal mee eens",TRUE,"Helemaal mee eens",TRUE,TRUE,TRUE,TRUE,TRUE,FALSE
6235,54,"45 tot 55 jaar",TRUE,TRUE,"Helemaal mee eens",TRUE,"Helemaal mee eens",TRUE,TRUE,TRUE,TRUE,TRUE,TRUE
6236,23,"18 tot 25 jaar",FALSE,TRUE,"Mee eens",TRUE,"Helemaal mee eens",TRUE,TRUE,TRUE,TRUE,TRUE,TRUE
6237,60,"55 tot 65 jaar",TRUE,TRUE,"Helemaal mee eens",TRUE,"Mee eens",TRUE,TRUE,FALSE,TRUE,TRUE,TRUE
6238,29,"25 tot 35 jaar",TRUE,TRUE,"Mee eens",TRUE,"Mee eens",TRUE,TRUE,TRUE,TRUE,FALSE,TRUE
6239,81,"75 jaar of ouder",TRUE,TRUE,"Helemaal mee eens",TRUE,"Helemaal mee eens",TRUE,TRUE,TRUE,TRUE,TRUE,TRUE
6240,57,"55 tot 65 jaar",TRUE,TRUE,"Helemaal mee eens",TRUE,"Helemaal mee eens",TRUE,TRUE,TRUE,TRUE,TRUE,TRUE
6241,67,"65 tot 75 jaar",FALSE,TRUE,"Mee eens",TRUE,"Helemaal mee eens",TRUE,TRUE,TRUE,TRUE,TRUE,TRUE
6242,60,"55 tot 65 jaar",TRUE,TRUE,"Helemaal mee eens",TRUE,"Niet mee eens, niet mee oneens",FALSE,TRUE,FALSE,TRUE,TRUE,FALSE
6243,48,"45 tot 55 jaar",TRUE,TRUE,"Helemaal mee eens",TRUE,"Mee eens",TRUE,TRUE,TRUE,TRUE,TRUE,TRUE
6244,18,"18 tot 25 jaar",FALSE,FALSE,"Mee eens",TRUE,"Mee oneens",FALSE,FALSE,TRUE,FALSE,FALSE,FALSE
6245,90,"75 jaar of ouder",TRUE,TRUE,"Mee eens",TRUE,"Helemaal mee eens",TRUE,TRUE,TRUE,TRUE,TRUE,TRUE
6246,69,"65 tot 75 jaar",TRUE,TRUE,"Mee eens",TRUE,"Niet mee eens, niet mee oneens",FALSE,TRUE,TRUE,TRUE,TRUE,FALSE
6247,27,"25 tot 35 jaar",FALSE,TRUE,"Mee eens",TRUE,"Mee eens",TRUE,TRUE,TRUE,FALSE,TRUE,TRUE
6248,23,"18 tot 25 jaar",TRUE,TRUE,"Mee eens",TRUE,"Mee oneens",FALSE,FALSE,FALSE,TRUE,FALSE,FALSE
6249,45,"45 tot 55 jaar",TRUE,TRUE,"Mee eens",TRUE,"Mee eens",TRUE,TRUE,TRUE,FALSE,FALSE,FALSE
6250,43,"35 tot 45 jaar",FALSE,TRUE,"Helemaal mee eens",TRUE,"Helemaal mee eens",TRUE,TRUE,TRUE,TRUE,TRUE,TRUE
6251,89,"75 jaar of ouder",TRUE,FALSE,"Helemaal mee eens",TRUE,"Mee eens",TRUE,TRUE,TRUE,TRUE,TRUE,TRUE
6252,42,"35 tot 45 jaar",FALSE,TRUE,"Helemaal mee eens",TRUE,"Mee eens",TRUE,TRUE,FALSE,TRUE,FALSE,TRUE
6253,65,"65 tot 75 jaar",FALSE,TRUE,"Helemaal mee eens",TRUE,"Mee eens",TRUE,TRUE,FALSE,TRUE,TRUE,TRUE
6254,21,"18 tot 25 jaar",FALSE,TRUE,"Mee eens",TRUE,"Helemaal mee eens",TRUE,TRUE,FALSE,TRUE,TRUE,TRUE
6255,37,"35 tot 45 jaar",TRUE,TRUE,"Mee eens",TRUE,"Mee eens",TRUE,TRUE,TRUE,FALSE,TRUE,FALSE
6256,28,"25 tot 35 jaar",FALSE,TRUE,"Niet mee eens, niet mee oneens",FALSE,"Niet mee eens, niet mee oneens",FALSE,TRUE,TRUE,FALSE,FALSE,FALSE
6257,19,"18 tot 25 jaar",TRUE,TRUE,"Helemaal mee eens",TRUE,"Helemaal mee eens",TRUE,TRUE,TRUE,TRUE,TRUE,FALSE
6258,47,"45 tot 55 jaar",TRUE,FALSE,"Helemaal mee eens",TRUE,"Helemaal mee eens",TRUE,TRUE,TRUE,TRUE,TRUE,TRUE
6259,22,"18 tot 25 jaar",FALSE,TRUE,"Mee eens",TRUE,"Niet mee eens, niet mee oneens",FALSE,TRUE,FALSE,TRUE,FALSE,TRUE
6260,58,"55 tot 65 jaar",FALSE,TRUE,"Mee eens",TRUE,"Niet mee eens, niet mee oneens",FALSE,FALSE,TRUE,TRUE,TRUE,FALSE
6261,41,"35 tot 45 jaar",TRUE,TRUE,"Mee eens",TRUE,"Mee oneens",FALSE,TRUE,TRUE,FALSE,FALSE,FALSE
6262,42,"35 tot 45 jaar",TRUE,TRUE,"Mee eens",TRUE,"Niet mee eens, niet mee oneens",FALSE,TRUE,FALSE,FALSE,FALSE,FALSE
6263,56,"55 tot 65 jaar",FALSE,TRUE,"Helemaal mee eens",TRUE,"Helemaal mee eens",TRUE,TRUE,TRUE,TRUE,TRUE,TRUE
6264,67,"65 tot 75 jaar",FALSE,TRUE,"Mee eens",TRUE,"Niet mee eens, niet mee oneens",FALSE,TRUE,TRUE,TRUE,TRUE,TRUE
6265,89,"75 jaar of ouder",FALSE,TRUE,"Mee eens",TRUE,"Mee eens",TRUE,TRUE,TRUE,TRUE,TRUE,TRUE
6266,64,"55 tot 65 jaar",TRUE,TRUE,"Mee eens",TRUE,"Mee eens",TRUE,TRUE,FALSE,TRUE,TRUE,FALSE
6267,54,"45 tot 55 jaar",TRUE,TRUE,"Helemaal mee eens",TRUE,"Mee eens",TRUE,TRUE,TRUE,TRUE,TRUE,TRUE
6268,66,"65 tot 75 jaar",FALSE,TRUE,"Niet mee eens, niet mee oneens",FALSE,"Niet mee eens, niet mee oneens",FALSE,TRUE,TRUE,FALSE,FALSE,FALSE
6269,35,"35 tot 45 jaar",TRUE,TRUE,"Helemaal mee eens",TRUE,"Mee eens",TRUE,TRUE,TRUE,TRUE,TRUE,TRUE
6270,43,"35 tot 45 jaar",TRUE,TRUE,"Helemaal mee eens",TRUE,"Mee eens",TRUE,TRUE,FALSE,TRUE,TRUE,TRUE
6271,68,"65 tot 75 jaar",TRUE,TRUE,"Helemaal mee eens",TRUE,"Helemaal mee eens",TRUE,TRUE,TRUE,TRUE,TRUE,TRUE
6272,38,"35 tot 45 jaar",FALSE,TRUE,"Helemaal mee eens",TRUE,"Mee eens",TRUE,TRUE,TRUE,TRUE,TRUE,FALSE
6273,53,"45 tot 55 jaar",TRUE,TRUE,"Mee eens",TRUE,"Niet mee eens, niet mee oneens",FALSE,TRUE,TRUE,FALSE,FALSE,TRUE
6274,31,"25 tot 35 jaar",FALSE,TRUE,"Helemaal mee eens",TRUE,"Mee eens",TRUE,TRUE,TRUE,TRUE,TRUE,TRUE
6275,50,"45 tot 55 jaar",FALSE,TRUE,"Helemaal mee eens",TRUE,"Mee eens",TRUE,TRUE,TRUE,TRUE,TRUE,TRUE
6276,40,"35 tot 45 jaar",FALSE,TRUE,"Helemaal mee eens",TRUE,"Mee eens",TRUE,TRUE,TRUE,TRUE,TRUE,FALSE
6277,42,"35 tot 45 jaar",TRUE,TRUE,"Helemaal mee eens",TRUE,"Helemaal mee eens",TRUE,TRUE,TRUE,TRUE,TRUE,TRUE
6278,33,"25 tot 35 jaar",TRUE,TRUE,"Helemaal mee eens",TRUE,"Helemaal mee eens",TRUE,TRUE,TRUE,TRUE,TRUE,TRUE
6279,19,"18 tot 25 jaar",FALSE,TRUE,"Niet mee eens, niet mee oneens",FALSE,"Mee oneens",FALSE,TRUE,TRUE,TRUE,FALSE,FALSE
6280,65,"65 tot 75 jaar",FALSE,TRUE,"Mee eens",TRUE,"Niet mee eens, niet mee oneens",FALSE,TRUE,TRUE,FALSE,FALSE,TRUE
6281,28,"25 tot 35 jaar",FALSE,TRUE,"Mee eens",TRUE,"Niet mee eens, niet mee oneens",FALSE,TRUE,FALSE,TRUE,FALSE,FALSE
6282,55,"55 tot 65 jaar",TRUE,TRUE,"Mee eens",TRUE,"Mee eens",TRUE,FALSE,TRUE,TRUE,TRUE,TRUE
6283,30,"25 tot 35 jaar",TRUE,TRUE,"Helemaal mee eens",TRUE,"Mee eens",TRUE,TRUE,TRUE,TRUE,TRUE,TRUE
6284,74,"65 tot 75 jaar",FALSE,TRUE,"Mee eens",TRUE,"Mee eens",TRUE,TRUE,TRUE,TRUE,TRUE,TRUE
6285,68,"65 tot 75 jaar",FALSE,TRUE,"Niet mee eens, niet mee oneens",FALSE,"Niet mee eens, niet mee oneens",FALSE,FALSE,TRUE,TRUE,FALSE,TRUE
6286,33,"25 tot 35 jaar",FALSE,TRUE,"Helemaal mee eens",TRUE,"Mee eens",TRUE,TRUE,TRUE,TRUE,TRUE,TRUE
6287,52,"45 tot 55 jaar",FALSE,TRUE,"Mee eens",TRUE,"Niet mee eens, niet mee oneens",FALSE,TRUE,FALSE,FALSE,FALSE,FALSE
6288,83,"75 jaar of ouder",FALSE,TRUE,"Helemaal mee eens",TRUE,"Niet mee eens, niet mee oneens",FALSE,TRUE,FALSE,TRUE,TRUE,FALSE
6289,47,"45 tot 55 jaar",TRUE,TRUE,"Mee eens",TRUE,"Mee eens",TRUE,TRUE,TRUE,TRUE,TRUE,TRUE
6290,51,"45 tot 55 jaar",TRUE,TRUE,"Mee eens",TRUE,"Mee eens",TRUE,TRUE,TRUE,FALSE,TRUE,FALSE
6291,55,"55 tot 65 jaar",FALSE,TRUE,"Helemaal mee eens",TRUE,"Mee eens",TRUE,TRUE,TRUE,TRUE,TRUE,FALSE
6292,71,"65 tot 75 jaar",FALSE,TRUE,"Mee eens",TRUE,"Niet mee eens, niet mee oneens",FALSE,TRUE,FALSE,TRUE,TRUE,FALSE
6293,30,"25 tot 35 jaar",TRUE,TRUE,"Mee eens",TRUE,"Niet mee eens, niet mee oneens",FALSE,TRUE,TRUE,TRUE,TRUE,TRUE
6294,63,"55 tot 65 jaar",FALSE,TRUE,"Mee eens",TRUE,"Mee eens",TRUE,TRUE,FALSE,TRUE,TRUE,TRUE
6295,49,"45 tot 55 jaar",FALSE,TRUE,"Helemaal mee eens",TRUE,"Niet mee eens, niet mee oneens",FALSE,TRUE,TRUE,TRUE,FALSE,TRUE
6296,87,"75 jaar of ouder",TRUE,TRUE,"Mee eens",TRUE,"Mee eens",TRUE,TRUE,TRUE,TRUE,FALSE,TRUE
6297,38,"35 tot 45 jaar",FALSE,TRUE,"Helemaal mee eens",TRUE,"Mee eens",TRUE,TRUE,TRUE,TRUE,TRUE,TRUE
6298,29,"25 tot 35 jaar",FALSE,TRUE,"Niet mee eens, niet mee oneens",FALSE,"Mee oneens",FALSE,TRUE,FALSE,TRUE,FALSE,FALSE
6299,51,"45 tot 55 jaar",FALSE,TRUE,"Niet mee eens, niet mee oneens",FALSE,"Niet mee eens, niet mee oneens",FALSE,TRUE,TRUE,FALSE,FALSE,FALSE
6300,54,"45 tot 55 jaar",FALSE,TRUE,"Mee eens",TRUE,"Niet mee eens, niet mee oneens",FALSE,TRUE,FALSE,FALSE,FALSE,FALSE
6301,25,"25 tot 35 jaar",FALSE,TRUE,"Mee eens",TRUE,"Mee eens",TRUE,TRUE,TRUE,FALSE,TRUE,TRUE
6302,49,"45 tot 55 jaar",FALSE,TRUE,"Mee eens",TRUE,"Niet mee eens, niet mee oneens",FALSE,FALSE,TRUE,TRUE,FALSE,FALSE
6303,69,"65 tot 75 jaar",TRUE,TRUE,"Helemaal mee eens",TRUE,"Mee eens",TRUE,TRUE,TRUE,TRUE,TRUE,TRUE
6304,67,"65 tot 75 jaar",FALSE,TRUE,"Mee eens",TRUE,"Helemaal mee eens",TRUE,TRUE,TRUE,TRUE,TRUE,TRUE
6305,20,"18 tot 25 jaar",FALSE,TRUE,"Helemaal mee eens",TRUE,"Mee eens",TRUE,TRUE,TRUE,TRUE,TRUE,TRUE
6306,65,"65 tot 75 jaar",TRUE,TRUE,"Helemaal mee eens",TRUE,"Mee eens",TRUE,TRUE,TRUE,TRUE,TRUE,TRUE
6307,52,"45 tot 55 jaar",FALSE,TRUE,"Helemaal mee eens",TRUE,"Mee eens",TRUE,TRUE,TRUE,TRUE,TRUE,TRUE
6308,42,"35 tot 45 jaar",TRUE,TRUE,"Helemaal mee eens",TRUE,"Helemaal mee eens",TRUE,TRUE,TRUE,TRUE,TRUE,TRUE
6309,26,"25 tot 35 jaar",FALSE,TRUE,"Helemaal mee eens",TRUE,"Helemaal mee eens",TRUE,TRUE,TRUE,TRUE,TRUE,FALSE
6310,39,"35 tot 45 jaar",FALSE,TRUE,"Mee eens",TRUE,"Niet mee eens, niet mee oneens",FALSE,TRUE,TRUE,TRUE,FALSE,TRUE
6311,76,"75 jaar of ouder",FALSE,TRUE,"Helemaal mee eens",TRUE,"Mee eens",TRUE,TRUE,TRUE,TRUE,TRUE,TRUE
6312,26,"25 tot 35 jaar",FALSE,TRUE,"Mee eens",TRUE,"Niet mee eens, niet mee oneens",FALSE,FALSE,TRUE,FALSE,TRUE,FALSE
6313,26,"25 tot 35 jaar",TRUE,TRUE,"Helemaal mee eens",TRUE,"Mee eens",TRUE,TRUE,TRUE,TRUE,TRUE,TRUE
6314,63,"55 tot 65 jaar",FALSE,TRUE,"Helemaal mee eens",TRUE,"Niet mee eens, niet mee oneens",FALSE,TRUE,TRUE,TRUE,TRUE,TRUE
6315,67,"65 tot 75 jaar",FALSE,TRUE,"Mee eens",TRUE,"Mee eens",TRUE,TRUE,TRUE,TRUE,TRUE,FALSE
6316,50,"45 tot 55 jaar",FALSE,TRUE,"Mee eens",TRUE,"Mee eens",TRUE,TRUE,TRUE,TRUE,TRUE,TRUE
6317,58,"55 tot 65 jaar",TRUE,TRUE,"Helemaal mee eens",TRUE,"Helemaal mee eens",TRUE,TRUE,TRUE,TRUE,TRUE,TRUE
6318,35,"35 tot 45 jaar",TRUE,TRUE,"Mee oneens",FALSE,"Helemaal mee oneens",FALSE,FALSE,TRUE,FALSE,FALSE,FALSE
6319,52,"45 tot 55 jaar",TRUE,TRUE,"Helemaal mee eens",TRUE,"Helemaal mee eens",TRUE,TRUE,TRUE,TRUE,TRUE,TRUE
6320,66,"65 tot 75 jaar",TRUE,TRUE,"Mee eens",TRUE,"Mee eens",TRUE,FALSE,TRUE,FALSE,TRUE,FALSE
6321,49,"45 tot 55 jaar",TRUE,TRUE,"Mee eens",TRUE,"Mee eens",TRUE,TRUE,TRUE,FALSE,TRUE,TRUE
6322,46,"45 tot 55 jaar",FALSE,TRUE,"Helemaal mee eens",TRUE,"Mee eens",TRUE,TRUE,TRUE,TRUE,TRUE,FALSE
6323,88,"75 jaar of ouder",TRUE,TRUE,"Mee eens",TRUE,"Niet mee eens, niet mee oneens",FALSE,TRUE,TRUE,TRUE,FALSE,TRUE
6324,75,"75 jaar of ouder",TRUE,TRUE,"Mee eens",TRUE,"Niet mee eens, niet mee oneens",FALSE,TRUE,TRUE,TRUE,TRUE,TRUE
6325,35,"35 tot 45 jaar",TRUE,TRUE,"Helemaal mee eens",TRUE,"Helemaal mee eens",TRUE,TRUE,TRUE,TRUE,TRUE,TRUE
6326,21,"18 tot 25 jaar",TRUE,TRUE,"Mee eens",TRUE,"Mee eens",TRUE,TRUE,TRUE,TRUE,TRUE,TRUE
6327,33,"25 tot 35 jaar",FALSE,TRUE,"Helemaal mee eens",TRUE,"Helemaal mee eens",TRUE,TRUE,TRUE,TRUE,TRUE,TRUE
6328,76,"75 jaar of ouder",FALSE,TRUE,"Helemaal mee eens",TRUE,"Helemaal mee eens",TRUE,TRUE,TRUE,TRUE,TRUE,FALSE
6329,34,"25 tot 35 jaar",FALSE,TRUE,"Mee eens",TRUE,"Mee eens",TRUE,TRUE,TRUE,TRUE,TRUE,TRUE
6330,43,"35 tot 45 jaar",FALSE,TRUE,"Helemaal mee eens",TRUE,"Mee eens",TRUE,TRUE,TRUE,TRUE,TRUE,TRUE
6331,29,"25 tot 35 jaar",TRUE,TRUE,"Helemaal mee eens",TRUE,"Niet mee eens, niet mee oneens",FALSE,TRUE,TRUE,TRUE,FALSE,TRUE
6332,33,"25 tot 35 jaar",TRUE,TRUE,"Mee eens",TRUE,"Mee oneens",FALSE,TRUE,TRUE,TRUE,TRUE,TRUE
6333,45,"45 tot 55 jaar",FALSE,TRUE,"Mee eens",TRUE,"Helemaal mee eens",TRUE,TRUE,TRUE,TRUE,TRUE,TRUE
6334,21,"18 tot 25 jaar",FALSE,TRUE,"Mee eens",TRUE,"Mee eens",TRUE,TRUE,TRUE,TRUE,TRUE,TRUE
6335,42,"35 tot 45 jaar",TRUE,TRUE,"Mee eens",TRUE,"Mee eens",TRUE,TRUE,FALSE,TRUE,TRUE,TRUE
6336,64,"55 tot 65 jaar",TRUE,FALSE,"Mee eens",TRUE,"Niet mee eens, niet mee oneens",FALSE,TRUE,TRUE,TRUE,FALSE,FALSE
6337,63,"55 tot 65 jaar",FALSE,TRUE,"Mee eens",TRUE,"Mee eens",TRUE,TRUE,TRUE,FALSE,FALSE,FALSE
6338,52,"45 tot 55 jaar",FALSE,TRUE,"Niet mee eens, niet mee oneens",FALSE,"Mee eens",TRUE,TRUE,FALSE,FALSE,FALSE,FALSE
6339,73,"65 tot 75 jaar",TRUE,TRUE,"Mee eens",TRUE,"Mee eens",TRUE,TRUE,TRUE,FALSE,TRUE,TRUE
6340,56,"55 tot 65 jaar",FALSE,TRUE,"Mee eens",TRUE,"Niet mee eens, niet mee oneens",FALSE,TRUE,TRUE,TRUE,FALSE,FALSE
6341,74,"65 tot 75 jaar",TRUE,TRUE,"Mee eens",TRUE,"Mee eens",TRUE,TRUE,TRUE,TRUE,TRUE,TRUE
6342,78,"75 jaar of ouder",FALSE,TRUE,"Helemaal mee eens",TRUE,"Helemaal mee eens",TRUE,TRUE,TRUE,TRUE,TRUE,TRUE
6343,58,"55 tot 65 jaar",TRUE,TRUE,"Mee eens",TRUE,"Mee eens",TRUE,TRUE,TRUE,FALSE,TRUE,FALSE
6344,85,"75 jaar of ouder",FALSE,TRUE,"Helemaal mee eens",TRUE,"Mee eens",TRUE,TRUE,TRUE,TRUE,TRUE,TRUE
6345,65,"65 tot 75 jaar",FALSE,TRUE,"Mee eens",TRUE,"Niet mee eens, niet mee oneens",FALSE,TRUE,TRUE,TRUE,FALSE,FALSE
6346,67,"65 tot 75 jaar",FALSE,TRUE,"Mee eens",TRUE,"Mee eens",TRUE,TRUE,TRUE,TRUE,TRUE,TRUE
6347,66,"65 tot 75 jaar",TRUE,TRUE,"Helemaal mee eens",TRUE,"Mee eens",TRUE,TRUE,TRUE,TRUE,TRUE,FALSE
6348,27,"25 tot 35 jaar",FALSE,TRUE,"Mee eens",TRUE,"Helemaal mee eens",TRUE,TRUE,TRUE,TRUE,TRUE,TRUE
6349,85,"75 jaar of ouder",TRUE,TRUE,"Mee eens",TRUE,"Mee eens",TRUE,TRUE,TRUE,TRUE,TRUE,TRUE
6350,33,"25 tot 35 jaar",FALSE,TRUE,"Mee eens",TRUE,"Mee eens",TRUE,TRUE,TRUE,TRUE,TRUE,TRUE
6351,47,"45 tot 55 jaar",TRUE,TRUE,"Mee eens",TRUE,"Mee eens",TRUE,TRUE,FALSE,FALSE,TRUE,FALSE
6352,52,"45 tot 55 jaar",TRUE,TRUE,"Mee eens",TRUE,"Mee eens",TRUE,TRUE,TRUE,TRUE,TRUE,FALSE
6353,28,"25 tot 35 jaar",FALSE,TRUE,"Mee eens",TRUE,"Mee oneens",FALSE,TRUE,FALSE,TRUE,FALSE,TRUE
6354,20,"18 tot 25 jaar",TRUE,TRUE,"Mee eens",TRUE,"Mee eens",TRUE,TRUE,TRUE,TRUE,TRUE,TRUE
6355,89,"75 jaar of ouder",TRUE,TRUE,"Mee eens",TRUE,"Niet mee eens, niet mee oneens",FALSE,FALSE,TRUE,FALSE,TRUE,FALSE
6356,23,"18 tot 25 jaar",FALSE,TRUE,"Helemaal mee eens",TRUE,"Helemaal mee eens",TRUE,TRUE,TRUE,TRUE,TRUE,TRUE
6357,48,"45 tot 55 jaar",TRUE,TRUE,"Mee eens",TRUE,"Mee eens",TRUE,TRUE,TRUE,TRUE,TRUE,TRUE
6358,35,"35 tot 45 jaar",TRUE,TRUE,"Mee eens",TRUE,"Helemaal mee eens",TRUE,TRUE,TRUE,TRUE,TRUE,FALSE
6359,66,"65 tot 75 jaar",FALSE,TRUE,"Helemaal mee eens",TRUE,"Mee eens",TRUE,TRUE,TRUE,TRUE,TRUE,TRUE
6360,72,"65 tot 75 jaar",FALSE,TRUE,"Mee eens",TRUE,"Niet mee eens, niet mee oneens",FALSE,FALSE,TRUE,FALSE,TRUE,FALSE
6361,46,"45 tot 55 jaar",FALSE,TRUE,"Mee eens",TRUE,"Niet mee eens, niet mee oneens",FALSE,TRUE,TRUE,TRUE,FALSE,TRUE
6362,21,"18 tot 25 jaar",FALSE,TRUE,"Helemaal mee eens",TRUE,"Helemaal mee eens",TRUE,TRUE,TRUE,TRUE,TRUE,TRUE
6363,89,"75 jaar of ouder",FALSE,TRUE,"Helemaal mee eens",TRUE,"Mee eens",TRUE,TRUE,TRUE,TRUE,TRUE,TRUE
6364,56,"55 tot 65 jaar",FALSE,TRUE,"Mee oneens",FALSE,"Helemaal mee oneens",FALSE,TRUE,TRUE,TRUE,FALSE,FALSE
6365,38,"35 tot 45 jaar",TRUE,TRUE,"Helemaal mee eens",TRUE,"Mee eens",TRUE,TRUE,TRUE,TRUE,TRUE,FALSE
6366,45,"45 tot 55 jaar",TRUE,TRUE,"Helemaal mee eens",TRUE,"Mee eens",TRUE,TRUE,FALSE,TRUE,TRUE,TRUE
6367,56,"55 tot 65 jaar",FALSE,TRUE,"Helemaal mee eens",TRUE,"Mee eens",TRUE,TRUE,TRUE,FALSE,TRUE,FALSE
6368,71,"65 tot 75 jaar",FALSE,TRUE,"Mee eens",TRUE,"Niet mee eens, niet mee oneens",FALSE,TRUE,TRUE,TRUE,TRUE,FALSE
6369,49,"45 tot 55 jaar",FALSE,TRUE,"Mee eens",TRUE,"Niet mee eens, niet mee oneens",FALSE,TRUE,TRUE,TRUE,FALSE,TRUE
6370,29,"25 tot 35 jaar",FALSE,TRUE,"Mee eens",TRUE,"Niet mee eens, niet mee oneens",FALSE,TRUE,TRUE,FALSE,TRUE,FALSE
6371,47,"45 tot 55 jaar",FALSE,TRUE,"Helemaal mee eens",TRUE,"Mee eens",TRUE,TRUE,FALSE,TRUE,TRUE,TRUE
6372,21,"18 tot 25 jaar",FALSE,TRUE,"Mee eens",TRUE,"Mee eens",TRUE,TRUE,TRUE,TRUE,TRUE,TRUE
6373,21,"18 tot 25 jaar",TRUE,TRUE,"Mee eens",TRUE,"Mee eens",TRUE,TRUE,TRUE,TRUE,TRUE,TRUE
6374,43,"35 tot 45 jaar",FALSE,TRUE,"Helemaal mee eens",TRUE,"Helemaal mee eens",TRUE,TRUE,TRUE,TRUE,TRUE,TRUE
6375,29,"25 tot 35 jaar",FALSE,TRUE,"Mee eens",TRUE,"Mee eens",TRUE,TRUE,TRUE,TRUE,TRUE,TRUE
6376,82,"75 jaar of ouder",TRUE,TRUE,"Mee oneens",FALSE,"Niet mee eens, niet mee oneens",FALSE,FALSE,TRUE,TRUE,FALSE,FALSE
6377,40,"35 tot 45 jaar",FALSE,TRUE,"Niet mee eens, niet mee oneens",FALSE,"Niet mee eens, niet mee oneens",FALSE,TRUE,FALSE,FALSE,TRUE,FALSE
6378,26,"25 tot 35 jaar",TRUE,TRUE,"Mee eens",TRUE,"Helemaal mee eens",TRUE,TRUE,TRUE,TRUE,TRUE,TRUE
6379,55,"55 tot 65 jaar",TRUE,TRUE,"Helemaal mee eens",TRUE,"Mee eens",TRUE,TRUE,TRUE,TRUE,TRUE,FALSE
6380,69,"65 tot 75 jaar",FALSE,TRUE,"Helemaal mee eens",TRUE,"Niet mee eens, niet mee oneens",FALSE,TRUE,TRUE,TRUE,TRUE,TRUE
6381,22,"18 tot 25 jaar",FALSE,TRUE,"Mee oneens",FALSE,"Mee oneens",FALSE,TRUE,FALSE,FALSE,FALSE,TRUE
6382,73,"65 tot 75 jaar",TRUE,TRUE,"Mee eens",TRUE,"Mee eens",TRUE,TRUE,TRUE,TRUE,TRUE,TRUE
6383,42,"35 tot 45 jaar",FALSE,TRUE,"Mee oneens",FALSE,"Mee oneens",FALSE,FALSE,TRUE,FALSE,FALSE,FALSE
6384,51,"45 tot 55 jaar",FALSE,TRUE,"Mee eens",TRUE,"Mee eens",TRUE,TRUE,TRUE,TRUE,TRUE,FALSE
6385,43,"35 tot 45 jaar",FALSE,TRUE,"Helemaal mee eens",TRUE,"Helemaal mee eens",TRUE,TRUE,TRUE,TRUE,TRUE,TRUE
6386,81,"75 jaar of ouder",TRUE,TRUE,"Mee eens",TRUE,"Mee eens",TRUE,TRUE,TRUE,TRUE,TRUE,TRUE
6387,34,"25 tot 35 jaar",FALSE,TRUE,"Mee eens",TRUE,"Mee eens",TRUE,TRUE,TRUE,TRUE,TRUE,TRUE
6388,73,"65 tot 75 jaar",FALSE,TRUE,"Helemaal mee eens",TRUE,"Mee eens",TRUE,TRUE,TRUE,TRUE,TRUE,TRUE
6389,43,"35 tot 45 jaar",FALSE,TRUE,"Niet mee eens, niet mee oneens",FALSE,"Mee oneens",FALSE,TRUE,TRUE,FALSE,FALSE,FALSE
6390,65,"65 tot 75 jaar",FALSE,TRUE,"Mee oneens",FALSE,"Mee oneens",FALSE,TRUE,TRUE,FALSE,FALSE,FALSE
6391,73,"65 tot 75 jaar",FALSE,TRUE,"Helemaal mee eens",TRUE,"Helemaal mee eens",TRUE,TRUE,TRUE,TRUE,TRUE,FALSE
6392,73,"65 tot 75 jaar",FALSE,TRUE,"Niet mee eens, niet mee oneens",FALSE,"Niet mee eens, niet mee oneens",FALSE,TRUE,TRUE,FALSE,FALSE,FALSE
6393,72,"65 tot 75 jaar",TRUE,TRUE,"Mee eens",TRUE,"Niet mee eens, niet mee oneens",FALSE,FALSE,FALSE,TRUE,FALSE,FALSE
6394,66,"65 tot 75 jaar",TRUE,TRUE,"Mee eens",TRUE,"Niet mee eens, niet mee oneens",FALSE,FALSE,FALSE,FALSE,FALSE,TRUE
6395,55,"55 tot 65 jaar",TRUE,TRUE,"Helemaal mee eens",TRUE,"Niet mee eens, niet mee oneens",FALSE,TRUE,TRUE,FALSE,TRUE,FALSE
6396,31,"25 tot 35 jaar",TRUE,TRUE,"Helemaal mee eens",TRUE,"Mee eens",TRUE,TRUE,TRUE,TRUE,TRUE,FALSE
6397,69,"65 tot 75 jaar",TRUE,TRUE,"Helemaal mee eens",TRUE,"Helemaal mee eens",TRUE,TRUE,TRUE,TRUE,TRUE,TRUE
6398,61,"55 tot 65 jaar",FALSE,FALSE,"Helemaal mee eens",TRUE,"Niet mee eens, niet mee oneens",FALSE,TRUE,TRUE,TRUE,TRUE,TRUE
6399,30,"25 tot 35 jaar",TRUE,TRUE,"Mee eens",TRUE,"Mee eens",TRUE,TRUE,TRUE,TRUE,TRUE,TRUE
6400,23,"18 tot 25 jaar",FALSE,TRUE,"Mee eens",TRUE,"Helemaal mee oneens",FALSE,FALSE,FALSE,FALSE,FALSE,FALSE
6401,26,"25 tot 35 jaar",TRUE,TRUE,"Helemaal mee eens",TRUE,"Mee eens",TRUE,TRUE,TRUE,TRUE,TRUE,TRUE
6402,61,"55 tot 65 jaar",TRUE,TRUE,"Mee eens",TRUE,"Niet mee eens, niet mee oneens",FALSE,FALSE,TRUE,FALSE,TRUE,TRUE
6403,26,"25 tot 35 jaar",TRUE,TRUE,"Mee eens",TRUE,"Mee eens",TRUE,FALSE,TRUE,TRUE,TRUE,FALSE
6404,88,"75 jaar of ouder",TRUE,TRUE,"Mee eens",TRUE,"Mee oneens",FALSE,TRUE,FALSE,FALSE,FALSE,TRUE
6405,20,"18 tot 25 jaar",FALSE,TRUE,"Mee eens",TRUE,"Mee eens",TRUE,TRUE,TRUE,FALSE,FALSE,TRUE
6406,89,"75 jaar of ouder",FALSE,TRUE,"Mee eens",TRUE,"Niet mee eens, niet mee oneens",FALSE,TRUE,FALSE,TRUE,TRUE,FALSE
6407,42,"35 tot 45 jaar",FALSE,TRUE,"Mee eens",TRUE,"Niet mee eens, niet mee oneens",FALSE,TRUE,TRUE,TRUE,TRUE,FALSE
6408,19,"18 tot 25 jaar",FALSE,TRUE,"Mee eens",TRUE,"Mee oneens",FALSE,TRUE,FALSE,FALSE,FALSE,FALSE
6409,42,"35 tot 45 jaar",FALSE,TRUE,"Helemaal mee eens",TRUE,"Helemaal mee eens",TRUE,TRUE,FALSE,TRUE,TRUE,TRUE
6410,60,"55 tot 65 jaar",TRUE,TRUE,"Niet mee eens, niet mee oneens",FALSE,"Mee eens",TRUE,TRUE,TRUE,FALSE,TRUE,FALSE
6411,86,"75 jaar of ouder",FALSE,TRUE,"Mee eens",TRUE,"Mee eens",TRUE,TRUE,TRUE,TRUE,TRUE,TRUE
6412,72,"65 tot 75 jaar",TRUE,TRUE,"Mee eens",TRUE,"Mee eens",TRUE,TRUE,TRUE,TRUE,TRUE,TRUE
6413,44,"35 tot 45 jaar",FALSE,TRUE,"Mee eens",TRUE,"Mee eens",TRUE,TRUE,TRUE,FALSE,FALSE,FALSE
6414,36,"35 tot 45 jaar",FALSE,TRUE,"Helemaal mee eens",TRUE,"Niet mee eens, niet mee oneens",FALSE,TRUE,TRUE,TRUE,TRUE,TRUE
6415,73,"65 tot 75 jaar",TRUE,TRUE,"Helemaal mee eens",TRUE,"Mee eens",TRUE,TRUE,TRUE,TRUE,TRUE,TRUE
6416,29,"25 tot 35 jaar",TRUE,TRUE,"Helemaal mee eens",TRUE,"Mee eens",TRUE,TRUE,TRUE,TRUE,TRUE,FALSE
6417,61,"55 tot 65 jaar",FALSE,TRUE,"Helemaal mee eens",TRUE,"Helemaal mee eens",TRUE,TRUE,TRUE,TRUE,TRUE,TRUE
6418,28,"25 tot 35 jaar",FALSE,TRUE,"Helemaal mee eens",TRUE,"Mee eens",TRUE,TRUE,TRUE,TRUE,TRUE,TRUE
6419,20,"18 tot 25 jaar",TRUE,TRUE,"Mee eens",TRUE,"Niet mee eens, niet mee oneens",FALSE,TRUE,TRUE,TRUE,FALSE,TRUE
6420,69,"65 tot 75 jaar",TRUE,TRUE,"Mee eens",TRUE,"Mee oneens",FALSE,FALSE,TRUE,FALSE,FALSE,FALSE
6421,36,"35 tot 45 jaar",FALSE,TRUE,"Helemaal mee eens",TRUE,"Mee eens",TRUE,TRUE,TRUE,TRUE,TRUE,TRUE
6422,55,"55 tot 65 jaar",TRUE,TRUE,"Mee eens",TRUE,"Helemaal mee eens",TRUE,TRUE,TRUE,TRUE,TRUE,TRUE
6423,34,"25 tot 35 jaar",TRUE,TRUE,"Helemaal mee eens",TRUE,"Helemaal mee eens",TRUE,TRUE,TRUE,TRUE,TRUE,TRUE
6424,24,"18 tot 25 jaar",FALSE,TRUE,"Helemaal mee eens",TRUE,"Mee eens",TRUE,FALSE,TRUE,TRUE,TRUE,TRUE
6425,66,"65 tot 75 jaar",TRUE,TRUE,"Helemaal mee eens",TRUE,"Mee eens",TRUE,TRUE,TRUE,TRUE,TRUE,TRUE
6426,25,"25 tot 35 jaar",FALSE,TRUE,"Mee eens",TRUE,"Mee eens",TRUE,TRUE,FALSE,TRUE,TRUE,FALSE
6427,27,"25 tot 35 jaar",TRUE,TRUE,"Mee eens",TRUE,"Mee eens",TRUE,TRUE,TRUE,TRUE,TRUE,TRUE
6428,37,"35 tot 45 jaar",FALSE,TRUE,"Mee eens",TRUE,"Niet mee eens, niet mee oneens",FALSE,FALSE,TRUE,TRUE,FALSE,TRUE
6429,58,"55 tot 65 jaar",FALSE,TRUE,"Mee eens",TRUE,"Niet mee eens, niet mee oneens",FALSE,TRUE,FALSE,TRUE,FALSE,FALSE
6430,78,"75 jaar of ouder",FALSE,TRUE,"Helemaal mee eens",TRUE,"Helemaal mee eens",TRUE,TRUE,TRUE,TRUE,TRUE,TRUE
6431,36,"35 tot 45 jaar",TRUE,TRUE,"Niet mee eens, niet mee oneens",FALSE,"Mee oneens",FALSE,TRUE,TRUE,FALSE,FALSE,FALSE
6432,26,"25 tot 35 jaar",FALSE,TRUE,"Mee eens",TRUE,"Niet mee eens, niet mee oneens",FALSE,TRUE,FALSE,TRUE,TRUE,TRUE
6433,69,"65 tot 75 jaar",TRUE,TRUE,"Mee eens",TRUE,"Mee eens",TRUE,TRUE,FALSE,FALSE,FALSE,FALSE
6434,49,"45 tot 55 jaar",FALSE,TRUE,"Helemaal mee eens",TRUE,"Mee eens",TRUE,TRUE,TRUE,TRUE,TRUE,TRUE
6435,73,"65 tot 75 jaar",TRUE,TRUE,"Mee eens",TRUE,"Mee eens",TRUE,TRUE,FALSE,FALSE,TRUE,FALSE
6436,56,"55 tot 65 jaar",FALSE,TRUE,"Helemaal mee eens",TRUE,"Helemaal mee eens",TRUE,TRUE,TRUE,TRUE,TRUE,TRUE
6437,31,"25 tot 35 jaar",FALSE,TRUE,"Helemaal mee eens",TRUE,"Mee eens",TRUE,TRUE,TRUE,TRUE,TRUE,FALSE
6438,52,"45 tot 55 jaar",FALSE,TRUE,"Helemaal mee eens",TRUE,"Mee oneens",FALSE,TRUE,FALSE,TRUE,FALSE,TRUE
6439,38,"35 tot 45 jaar",TRUE,TRUE,"Helemaal mee eens",TRUE,"Helemaal mee eens",TRUE,TRUE,TRUE,TRUE,TRUE,TRUE
6440,67,"65 tot 75 jaar",FALSE,TRUE,"Helemaal mee eens",TRUE,"Helemaal mee eens",TRUE,TRUE,FALSE,TRUE,TRUE,TRUE
6441,19,"18 tot 25 jaar",FALSE,TRUE,"Mee eens",TRUE,"Mee eens",TRUE,TRUE,TRUE,TRUE,TRUE,TRUE
6442,71,"65 tot 75 jaar",FALSE,TRUE,"Mee eens",TRUE,"Mee eens",TRUE,TRUE,TRUE,TRUE,TRUE,TRUE
6443,66,"65 tot 75 jaar",FALSE,TRUE,"Niet mee eens, niet mee oneens",FALSE,"Mee eens",TRUE,FALSE,FALSE,FALSE,TRUE,FALSE
6444,42,"35 tot 45 jaar",FALSE,TRUE,"Mee eens",TRUE,"Mee eens",TRUE,FALSE,TRUE,FALSE,TRUE,FALSE
6445,70,"65 tot 75 jaar",FALSE,TRUE,"Mee eens",TRUE,"Mee eens",TRUE,TRUE,FALSE,TRUE,TRUE,TRUE
6446,30,"25 tot 35 jaar",TRUE,TRUE,"Helemaal mee eens",TRUE,"Helemaal mee eens",TRUE,TRUE,TRUE,TRUE,TRUE,TRUE
6447,18,"18 tot 25 jaar",FALSE,TRUE,"Mee eens",TRUE,"Mee eens",TRUE,TRUE,FALSE,TRUE,TRUE,FALSE
6448,61,"55 tot 65 jaar",TRUE,TRUE,"Helemaal mee eens",TRUE,"Mee eens",TRUE,TRUE,TRUE,TRUE,TRUE,TRUE
6449,18,"18 tot 25 jaar",TRUE,TRUE,"Helemaal mee eens",TRUE,"Niet mee eens, niet mee oneens",FALSE,TRUE,TRUE,TRUE,FALSE,TRUE
6450,29,"25 tot 35 jaar",TRUE,TRUE,"Helemaal mee eens",TRUE,"Mee eens",TRUE,TRUE,TRUE,TRUE,TRUE,TRUE
6451,79,"75 jaar of ouder",FALSE,TRUE,"Mee eens",TRUE,"Mee eens",TRUE,TRUE,TRUE,TRUE,TRUE,TRUE
6452,22,"18 tot 25 jaar",FALSE,TRUE,"Mee eens",TRUE,"Niet mee eens, niet mee oneens",FALSE,TRUE,FALSE,FALSE,FALSE,FALSE
6453,58,"55 tot 65 jaar",FALSE,TRUE,"Helemaal mee eens",TRUE,"Niet mee eens, niet mee oneens",FALSE,TRUE,TRUE,TRUE,FALSE,TRUE
6454,59,"55 tot 65 jaar",TRUE,TRUE,"Mee eens",TRUE,"Mee eens",TRUE,TRUE,FALSE,TRUE,TRUE,TRUE
6455,29,"25 tot 35 jaar",TRUE,TRUE,"Mee eens",TRUE,"Mee eens",TRUE,TRUE,TRUE,TRUE,TRUE,FALSE
6456,78,"75 jaar of ouder",FALSE,TRUE,"Mee eens",TRUE,"Niet mee eens, niet mee oneens",FALSE,TRUE,TRUE,FALSE,TRUE,FALSE
6457,34,"25 tot 35 jaar",TRUE,TRUE,"Mee eens",TRUE,"Mee eens",TRUE,TRUE,TRUE,FALSE,FALSE,TRUE
6458,18,"18 tot 25 jaar",FALSE,TRUE,"Helemaal mee eens",TRUE,"Niet mee eens, niet mee oneens",FALSE,TRUE,FALSE,TRUE,TRUE,TRUE
6459,38,"35 tot 45 jaar",FALSE,TRUE,"Niet mee eens, niet mee oneens",FALSE,"Niet mee eens, niet mee oneens",FALSE,TRUE,FALSE,FALSE,TRUE,FALSE
6460,50,"45 tot 55 jaar",FALSE,TRUE,"Mee eens",TRUE,"Mee eens",TRUE,TRUE,TRUE,FALSE,FALSE,TRUE
6461,59,"55 tot 65 jaar",TRUE,TRUE,"Helemaal mee eens",TRUE,"Mee eens",TRUE,TRUE,TRUE,TRUE,TRUE,TRUE
6462,78,"75 jaar of ouder",FALSE,FALSE,"Mee eens",TRUE,"Niet mee eens, niet mee oneens",FALSE,TRUE,TRUE,FALSE,FALSE,FALSE
6463,70,"65 tot 75 jaar",FALSE,TRUE,"Helemaal mee eens",TRUE,"Mee eens",TRUE,TRUE,TRUE,TRUE,TRUE,TRUE
6464,18,"18 tot 25 jaar",TRUE,TRUE,"Helemaal mee eens",TRUE,"Mee eens",TRUE,TRUE,TRUE,TRUE,TRUE,FALSE
6465,38,"35 tot 45 jaar",FALSE,TRUE,"Mee eens",TRUE,"Mee eens",TRUE,TRUE,FALSE,TRUE,TRUE,TRUE
6466,69,"65 tot 75 jaar",TRUE,TRUE,"Helemaal mee eens",TRUE,"Mee eens",TRUE,FALSE,TRUE,TRUE,FALSE,TRUE
6467,45,"45 tot 55 jaar",TRUE,TRUE,"Mee eens",TRUE,"Mee eens",TRUE,FALSE,TRUE,TRUE,FALSE,FALSE
6468,45,"45 tot 55 jaar",FALSE,TRUE,"Helemaal mee eens",TRUE,"Helemaal mee eens",TRUE,TRUE,TRUE,TRUE,TRUE,TRUE
6469,53,"45 tot 55 jaar",TRUE,TRUE,"Mee eens",TRUE,"Mee eens",TRUE,TRUE,TRUE,TRUE,TRUE,TRUE
6470,46,"45 tot 55 jaar",FALSE,TRUE,"Helemaal mee eens",TRUE,"Niet mee eens, niet mee oneens",FALSE,TRUE,TRUE,TRUE,TRUE,TRUE
6471,44,"35 tot 45 jaar",FALSE,TRUE,"Mee eens",TRUE,"Mee oneens",FALSE,TRUE,TRUE,TRUE,FALSE,TRUE
6472,74,"65 tot 75 jaar",FALSE,TRUE,"Mee eens",TRUE,"Niet mee eens, niet mee oneens",FALSE,TRUE,TRUE,FALSE,TRUE,FALSE
6473,50,"45 tot 55 jaar",TRUE,TRUE,"Helemaal mee eens",TRUE,"Mee eens",TRUE,TRUE,TRUE,TRUE,TRUE,FALSE
6474,21,"18 tot 25 jaar",TRUE,TRUE,"Mee eens",TRUE,"Niet mee eens, niet mee oneens",FALSE,TRUE,TRUE,TRUE,TRUE,FALSE
6475,32,"25 tot 35 jaar",FALSE,TRUE,"Mee eens",TRUE,"Mee eens",TRUE,TRUE,TRUE,TRUE,TRUE,TRUE
6476,18,"18 tot 25 jaar",TRUE,TRUE,"Helemaal mee eens",TRUE,"Mee eens",TRUE,TRUE,TRUE,FALSE,TRUE,TRUE
6477,21,"18 tot 25 jaar",FALSE,TRUE,"Mee eens",TRUE,"Niet mee eens, niet mee oneens",FALSE,TRUE,TRUE,TRUE,TRUE,TRUE
6478,39,"35 tot 45 jaar",FALSE,TRUE,"Helemaal mee eens",TRUE,"Mee eens",TRUE,TRUE,TRUE,TRUE,TRUE,FALSE
6479,85,"75 jaar of ouder",FALSE,TRUE,"Mee eens",TRUE,"Niet mee eens, niet mee oneens",FALSE,TRUE,TRUE,TRUE,TRUE,TRUE
6480,61,"55 tot 65 jaar",TRUE,TRUE,"Niet mee eens, niet mee oneens",FALSE,"Niet mee eens, niet mee oneens",FALSE,TRUE,TRUE,TRUE,FALSE,FALSE
6481,27,"25 tot 35 jaar",TRUE,TRUE,"Mee eens",TRUE,"Mee eens",TRUE,TRUE,TRUE,TRUE,TRUE,TRUE
6482,89,"75 jaar of ouder",FALSE,FALSE,"Mee eens",TRUE,"Helemaal mee eens",TRUE,TRUE,TRUE,TRUE,TRUE,TRUE
6483,68,"65 tot 75 jaar",TRUE,FALSE,"Mee eens",TRUE,"Mee eens",TRUE,TRUE,FALSE,TRUE,TRUE,TRUE
6484,68,"65 tot 75 jaar",FALSE,TRUE,"Helemaal mee eens",TRUE,"Helemaal mee eens",TRUE,TRUE,TRUE,TRUE,TRUE,TRUE
6485,63,"55 tot 65 jaar",FALSE,TRUE,"Helemaal mee eens",TRUE,"Helemaal mee eens",TRUE,TRUE,TRUE,TRUE,TRUE,TRUE
6486,67,"65 tot 75 jaar",TRUE,TRUE,"Helemaal mee eens",TRUE,"Helemaal mee eens",TRUE,TRUE,TRUE,TRUE,TRUE,TRUE
6487,24,"18 tot 25 jaar",TRUE,TRUE,"Mee eens",TRUE,"Mee eens",TRUE,TRUE,TRUE,TRUE,TRUE,TRUE
6488,61,"55 tot 65 jaar",FALSE,TRUE,"Helemaal mee eens",TRUE,"Helemaal mee eens",TRUE,TRUE,TRUE,TRUE,TRUE,TRUE
6489,53,"45 tot 55 jaar",FALSE,TRUE,"Mee eens",TRUE,"Mee eens",TRUE,FALSE,TRUE,FALSE,TRUE,TRUE
6490,69,"65 tot 75 jaar",TRUE,TRUE,"Mee eens",TRUE,"Niet mee eens, niet mee oneens",FALSE,TRUE,TRUE,TRUE,TRUE,TRUE
6491,19,"18 tot 25 jaar",TRUE,TRUE,"Mee eens",TRUE,"Mee eens",TRUE,TRUE,TRUE,TRUE,TRUE,FALSE
6492,88,"75 jaar of ouder",TRUE,TRUE,"Mee eens",TRUE,"Mee eens",TRUE,TRUE,TRUE,TRUE,TRUE,TRUE
6493,25,"25 tot 35 jaar",TRUE,TRUE,"Helemaal mee eens",TRUE,"Helemaal mee eens",TRUE,TRUE,TRUE,TRUE,TRUE,TRUE
6494,58,"55 tot 65 jaar",FALSE,TRUE,"Helemaal mee eens",TRUE,"Mee eens",TRUE,TRUE,TRUE,TRUE,TRUE,FALSE
6495,27,"25 tot 35 jaar",TRUE,TRUE,"Mee eens",TRUE,"Mee eens",TRUE,TRUE,TRUE,FALSE,TRUE,TRUE
6496,60,"55 tot 65 jaar",FALSE,TRUE,"Helemaal mee eens",TRUE,"Mee eens",TRUE,TRUE,TRUE,TRUE,TRUE,FALSE
6497,43,"35 tot 45 jaar",FALSE,TRUE,"Niet mee eens, niet mee oneens",FALSE,"Mee oneens",FALSE,TRUE,FALSE,FALSE,FALSE,TRUE
6498,21,"18 tot 25 jaar",TRUE,TRUE,"Helemaal mee eens",TRUE,"Mee eens",TRUE,TRUE,TRUE,TRUE,TRUE,TRUE
6499,36,"35 tot 45 jaar",TRUE,TRUE,"Helemaal mee eens",TRUE,"Helemaal mee eens",TRUE,TRUE,TRUE,TRUE,TRUE,TRUE
6500,19,"18 tot 25 jaar",FALSE,TRUE,"Mee oneens",FALSE,"Niet mee eens, niet mee oneens",FALSE,TRUE,FALSE,FALSE,FALSE,FALSE
6501,23,"18 tot 25 jaar",TRUE,TRUE,"Helemaal mee eens",TRUE,"Niet mee eens, niet mee oneens",FALSE,TRUE,TRUE,TRUE,TRUE,TRUE
6502,19,"18 tot 25 jaar",TRUE,TRUE,"Mee eens",TRUE,"Mee eens",TRUE,TRUE,TRUE,TRUE,TRUE,TRUE
6503,72,"65 tot 75 jaar",TRUE,TRUE,"Helemaal mee eens",TRUE,"Helemaal mee eens",TRUE,TRUE,TRUE,TRUE,TRUE,TRUE
6504,53,"45 tot 55 jaar",TRUE,TRUE,"Mee eens",TRUE,"Mee eens",TRUE,TRUE,FALSE,TRUE,TRUE,TRUE
6505,37,"35 tot 45 jaar",TRUE,TRUE,"Mee eens",TRUE,"Mee eens",TRUE,TRUE,TRUE,TRUE,TRUE,FALSE
6506,67,"65 tot 75 jaar",FALSE,TRUE,"Helemaal mee eens",TRUE,"Mee eens",TRUE,TRUE,TRUE,TRUE,TRUE,TRUE
6507,36,"35 tot 45 jaar",TRUE,FALSE,"Mee eens",TRUE,"Mee eens",TRUE,TRUE,TRUE,TRUE,TRUE,FALSE
6508,81,"75 jaar of ouder",FALSE,TRUE,"Mee eens",TRUE,"Mee eens",TRUE,FALSE,TRUE,TRUE,TRUE,TRUE
6509,35,"35 tot 45 jaar",TRUE,TRUE,"Mee eens",TRUE,"Mee eens",TRUE,TRUE,FALSE,FALSE,TRUE,TRUE
6510,22,"18 tot 25 jaar",FALSE,TRUE,"Niet mee eens, niet mee oneens",FALSE,"Niet mee eens, niet mee oneens",FALSE,TRUE,TRUE,TRUE,FALSE,TRUE
6511,63,"55 tot 65 jaar",TRUE,TRUE,"Mee eens",TRUE,"Mee eens",TRUE,TRUE,TRUE,TRUE,TRUE,TRUE
6512,56,"55 tot 65 jaar",TRUE,TRUE,"Mee eens",TRUE,"Helemaal mee eens",TRUE,TRUE,TRUE,TRUE,TRUE,TRUE
6513,87,"75 jaar of ouder",FALSE,TRUE,"Helemaal mee eens",TRUE,"Mee eens",TRUE,TRUE,TRUE,TRUE,TRUE,TRUE
6514,57,"55 tot 65 jaar",TRUE,TRUE,"Helemaal mee eens",TRUE,"Helemaal mee eens",TRUE,TRUE,TRUE,TRUE,TRUE,TRUE
6515,71,"65 tot 75 jaar",FALSE,TRUE,"Helemaal mee eens",TRUE,"Mee eens",TRUE,TRUE,TRUE,TRUE,TRUE,TRUE
6516,85,"75 jaar of ouder",FALSE,FALSE,"Mee oneens",FALSE,"Helemaal mee oneens",FALSE,FALSE,FALSE,FALSE,FALSE,FALSE
6517,41,"35 tot 45 jaar",TRUE,TRUE,"Mee eens",TRUE,"Niet mee eens, niet mee oneens",FALSE,TRUE,FALSE,TRUE,TRUE,TRUE
6518,21,"18 tot 25 jaar",TRUE,TRUE,"Helemaal mee eens",TRUE,"Mee eens",TRUE,TRUE,TRUE,TRUE,TRUE,TRUE
6519,67,"65 tot 75 jaar",FALSE,TRUE,"Helemaal mee eens",TRUE,"Mee eens",TRUE,TRUE,TRUE,TRUE,TRUE,FALSE
6520,68,"65 tot 75 jaar",FALSE,TRUE,"Helemaal mee eens",TRUE,"Helemaal mee eens",TRUE,TRUE,TRUE,TRUE,TRUE,TRUE
6521,70,"65 tot 75 jaar",FALSE,TRUE,"Helemaal mee eens",TRUE,"Mee eens",TRUE,TRUE,TRUE,TRUE,TRUE,TRUE
6522,49,"45 tot 55 jaar",FALSE,TRUE,"Helemaal mee eens",TRUE,"Helemaal mee eens",TRUE,TRUE,TRUE,TRUE,TRUE,TRUE
6523,51,"45 tot 55 jaar",FALSE,TRUE,"Helemaal mee eens",TRUE,"Mee eens",TRUE,TRUE,TRUE,TRUE,TRUE,TRUE
6524,63,"55 tot 65 jaar",TRUE,TRUE,"Helemaal mee eens",TRUE,"Mee eens",TRUE,FALSE,TRUE,TRUE,TRUE,TRUE
6525,48,"45 tot 55 jaar",TRUE,TRUE,"Helemaal mee eens",TRUE,"Mee eens",TRUE,TRUE,TRUE,FALSE,TRUE,FALSE
6526,83,"75 jaar of ouder",FALSE,TRUE,"Mee eens",TRUE,"Niet mee eens, niet mee oneens",FALSE,TRUE,TRUE,TRUE,TRUE,FALSE
6527,25,"25 tot 35 jaar",FALSE,FALSE,"Niet mee eens, niet mee oneens",FALSE,"Niet mee eens, niet mee oneens",FALSE,TRUE,TRUE,TRUE,FALSE,TRUE
6528,60,"55 tot 65 jaar",FALSE,TRUE,"Helemaal mee eens",TRUE,"Helemaal mee eens",TRUE,TRUE,TRUE,TRUE,TRUE,TRUE
6529,57,"55 tot 65 jaar",FALSE,TRUE,"Niet mee eens, niet mee oneens",FALSE,"Niet mee eens, niet mee oneens",FALSE,TRUE,TRUE,FALSE,FALSE,FALSE
6530,18,"18 tot 25 jaar",TRUE,FALSE,"Mee eens",TRUE,"Niet mee eens, niet mee oneens",FALSE,TRUE,TRUE,TRUE,TRUE,TRUE
6531,23,"18 tot 25 jaar",FALSE,TRUE,"Mee eens",TRUE,"Mee eens",TRUE,TRUE,TRUE,TRUE,TRUE,TRUE
6532,68,"65 tot 75 jaar",FALSE,FALSE,"Helemaal mee eens",TRUE,"Mee eens",TRUE,TRUE,TRUE,TRUE,TRUE,TRUE
6533,43,"35 tot 45 jaar",FALSE,TRUE,"Mee eens",TRUE,"Helemaal mee eens",TRUE,TRUE,TRUE,TRUE,TRUE,TRUE
6534,26,"25 tot 35 jaar",FALSE,TRUE,"Helemaal mee eens",TRUE,"Niet mee eens, niet mee oneens",FALSE,TRUE,TRUE,FALSE,FALSE,TRUE
6535,82,"75 jaar of ouder",TRUE,TRUE,"Mee eens",TRUE,"Mee eens",TRUE,TRUE,TRUE,TRUE,FALSE,FALSE
6536,84,"75 jaar of ouder",TRUE,TRUE,"Helemaal mee eens",TRUE,"Helemaal mee eens",TRUE,TRUE,TRUE,TRUE,TRUE,TRUE
6537,55,"55 tot 65 jaar",FALSE,TRUE,"Mee eens",TRUE,"Mee eens",TRUE,TRUE,TRUE,TRUE,FALSE,TRUE
6538,51,"45 tot 55 jaar",TRUE,TRUE,"Helemaal mee eens",TRUE,"Mee eens",TRUE,FALSE,TRUE,TRUE,TRUE,TRUE
6539,23,"18 tot 25 jaar",FALSE,TRUE,"Helemaal mee eens",TRUE,"Mee eens",TRUE,TRUE,FALSE,TRUE,TRUE,TRUE
6540,56,"55 tot 65 jaar",FALSE,TRUE,"Mee eens",TRUE,"Mee eens",TRUE,TRUE,TRUE,TRUE,TRUE,TRUE
6541,21,"18 tot 25 jaar",FALSE,TRUE,"Helemaal mee eens",TRUE,"Helemaal mee eens",TRUE,TRUE,TRUE,TRUE,TRUE,TRUE
6542,48,"45 tot 55 jaar",TRUE,TRUE,"Niet mee eens, niet mee oneens",FALSE,"Mee eens",TRUE,FALSE,FALSE,FALSE,FALSE,TRUE
6543,29,"25 tot 35 jaar",FALSE,TRUE,"Helemaal mee eens",TRUE,"Helemaal mee eens",TRUE,TRUE,TRUE,TRUE,TRUE,TRUE
6544,42,"35 tot 45 jaar",TRUE,TRUE,"Helemaal mee eens",TRUE,"Mee eens",TRUE,TRUE,TRUE,TRUE,TRUE,TRUE
6545,51,"45 tot 55 jaar",TRUE,TRUE,"Mee eens",TRUE,"Mee eens",TRUE,TRUE,TRUE,TRUE,TRUE,FALSE
6546,34,"25 tot 35 jaar",FALSE,TRUE,"Mee eens",TRUE,"Niet mee eens, niet mee oneens",FALSE,TRUE,TRUE,TRUE,TRUE,FALSE
6547,58,"55 tot 65 jaar",TRUE,TRUE,"Mee eens",TRUE,"Mee eens",TRUE,TRUE,FALSE,TRUE,TRUE,TRUE
6548,46,"45 tot 55 jaar",FALSE,TRUE,"Helemaal mee eens",TRUE,"Mee eens",TRUE,TRUE,TRUE,FALSE,TRUE,TRUE
6549,58,"55 tot 65 jaar",FALSE,FALSE,"Helemaal mee eens",TRUE,"Mee eens",TRUE,TRUE,TRUE,TRUE,TRUE,TRUE
6550,70,"65 tot 75 jaar",FALSE,TRUE,"Mee eens",TRUE,"Mee eens",TRUE,TRUE,TRUE,FALSE,TRUE,TRUE
6551,43,"35 tot 45 jaar",FALSE,TRUE,"Helemaal mee eens",TRUE,"Mee eens",TRUE,TRUE,TRUE,TRUE,TRUE,TRUE
6552,44,"35 tot 45 jaar",FALSE,TRUE,"Helemaal mee eens",TRUE,"Mee eens",TRUE,TRUE,TRUE,FALSE,FALSE,TRUE
6553,48,"45 tot 55 jaar",TRUE,TRUE,"Mee eens",TRUE,"Mee eens",TRUE,TRUE,TRUE,TRUE,TRUE,TRUE
6554,65,"65 tot 75 jaar",TRUE,TRUE,"Mee eens",TRUE,"Mee eens",TRUE,FALSE,FALSE,FALSE,FALSE,TRUE
6555,78,"75 jaar of ouder",TRUE,TRUE,"Helemaal mee eens",TRUE,"Mee eens",TRUE,TRUE,TRUE,TRUE,TRUE,TRUE
6556,36,"35 tot 45 jaar",TRUE,TRUE,"Helemaal mee eens",TRUE,"Helemaal mee eens",TRUE,TRUE,TRUE,TRUE,TRUE,TRUE
6557,51,"45 tot 55 jaar",TRUE,TRUE,"Mee eens",TRUE,"Mee eens",TRUE,TRUE,TRUE,TRUE,TRUE,TRUE
6558,50,"45 tot 55 jaar",TRUE,TRUE,"Mee eens",TRUE,"Mee eens",TRUE,TRUE,TRUE,FALSE,TRUE,TRUE
6559,86,"75 jaar of ouder",TRUE,TRUE,"Mee eens",TRUE,"Mee eens",TRUE,TRUE,TRUE,TRUE,TRUE,TRUE
6560,77,"75 jaar of ouder",FALSE,TRUE,"Helemaal mee eens",TRUE,"Mee eens",TRUE,TRUE,TRUE,TRUE,TRUE,TRUE
6561,50,"45 tot 55 jaar",FALSE,TRUE,"Mee eens",TRUE,"Helemaal mee eens",TRUE,TRUE,TRUE,TRUE,TRUE,TRUE
6562,60,"55 tot 65 jaar",FALSE,TRUE,"Mee eens",TRUE,"Niet mee eens, niet mee oneens",FALSE,FALSE,FALSE,FALSE,FALSE,FALSE
6563,71,"65 tot 75 jaar",TRUE,TRUE,"Mee eens",TRUE,"Mee eens",TRUE,TRUE,TRUE,TRUE,FALSE,TRUE
6564,77,"75 jaar of ouder",TRUE,FALSE,"Helemaal mee eens",TRUE,"Helemaal mee eens",TRUE,TRUE,TRUE,TRUE,TRUE,TRUE
6565,89,"75 jaar of ouder",FALSE,TRUE,"Mee eens",TRUE,"Niet mee eens, niet mee oneens",FALSE,TRUE,TRUE,TRUE,TRUE,TRUE
6566,37,"35 tot 45 jaar",TRUE,TRUE,"Helemaal mee eens",TRUE,"Helemaal mee eens",TRUE,TRUE,TRUE,TRUE,TRUE,TRUE
6567,61,"55 tot 65 jaar",TRUE,TRUE,"Mee eens",TRUE,"Mee eens",TRUE,FALSE,TRUE,TRUE,TRUE,TRUE
6568,43,"35 tot 45 jaar",TRUE,TRUE,"Mee eens",TRUE,"Mee eens",TRUE,FALSE,TRUE,TRUE,TRUE,FALSE
6569,42,"35 tot 45 jaar",FALSE,TRUE,"Helemaal mee eens",TRUE,"Helemaal mee eens",TRUE,TRUE,TRUE,TRUE,TRUE,TRUE
6570,47,"45 tot 55 jaar",TRUE,TRUE,"Mee eens",TRUE,"Mee oneens",FALSE,TRUE,TRUE,FALSE,FALSE,FALSE
6571,34,"25 tot 35 jaar",TRUE,TRUE,"Helemaal mee eens",TRUE,"Niet mee eens, niet mee oneens",FALSE,FALSE,TRUE,TRUE,TRUE,TRUE
6572,22,"18 tot 25 jaar",FALSE,TRUE,"Mee eens",TRUE,"Niet mee eens, niet mee oneens",FALSE,TRUE,FALSE,FALSE,TRUE,FALSE
6573,64,"55 tot 65 jaar",TRUE,TRUE,"Helemaal mee eens",TRUE,"Helemaal mee eens",TRUE,TRUE,TRUE,TRUE,TRUE,TRUE
6574,75,"75 jaar of ouder",TRUE,TRUE,"Mee eens",TRUE,"Niet mee eens, niet mee oneens",FALSE,TRUE,TRUE,FALSE,FALSE,TRUE
6575,69,"65 tot 75 jaar",TRUE,TRUE,"Mee eens",TRUE,"Mee eens",TRUE,TRUE,TRUE,FALSE,TRUE,TRUE
6576,38,"35 tot 45 jaar",FALSE,TRUE,"Helemaal mee eens",TRUE,"Mee eens",TRUE,TRUE,TRUE,TRUE,TRUE,TRUE
6577,51,"45 tot 55 jaar",FALSE,TRUE,"Mee eens",TRUE,"Niet mee eens, niet mee oneens",FALSE,FALSE,TRUE,TRUE,TRUE,TRUE
6578,38,"35 tot 45 jaar",FALSE,TRUE,"Mee eens",TRUE,"Mee eens",TRUE,TRUE,TRUE,TRUE,FALSE,TRUE
6579,82,"75 jaar of ouder",TRUE,TRUE,"Mee eens",TRUE,"Mee eens",TRUE,TRUE,TRUE,TRUE,TRUE,TRUE
6580,70,"65 tot 75 jaar",TRUE,TRUE,"Mee eens",TRUE,"Mee eens",TRUE,TRUE,TRUE,TRUE,TRUE,TRUE
6581,59,"55 tot 65 jaar",FALSE,TRUE,"Mee eens",TRUE,"Mee eens",TRUE,TRUE,TRUE,TRUE,TRUE,FALSE
6582,20,"18 tot 25 jaar",FALSE,TRUE,"Helemaal mee eens",TRUE,"Helemaal mee eens",TRUE,TRUE,TRUE,TRUE,TRUE,TRUE
6583,77,"75 jaar of ouder",TRUE,TRUE,"Mee eens",TRUE,"Niet mee eens, niet mee oneens",FALSE,TRUE,TRUE,TRUE,TRUE,FALSE
6584,22,"18 tot 25 jaar",FALSE,TRUE,"Helemaal mee eens",TRUE,"Helemaal mee eens",TRUE,TRUE,TRUE,TRUE,TRUE,TRUE
6585,35,"35 tot 45 jaar",FALSE,TRUE,"Helemaal mee eens",TRUE,"Mee eens",TRUE,TRUE,TRUE,TRUE,TRUE,FALSE
6586,81,"75 jaar of ouder",TRUE,TRUE,"Helemaal mee eens",TRUE,"Mee eens",TRUE,TRUE,TRUE,TRUE,TRUE,TRUE
6587,73,"65 tot 75 jaar",FALSE,TRUE,"Mee eens",TRUE,"Mee eens",TRUE,FALSE,TRUE,TRUE,TRUE,FALSE
6588,41,"35 tot 45 jaar",TRUE,TRUE,"Mee eens",TRUE,"Helemaal mee eens",TRUE,TRUE,FALSE,TRUE,TRUE,TRUE
6589,30,"25 tot 35 jaar",TRUE,FALSE,"Niet mee eens, niet mee oneens",FALSE,"Mee eens",TRUE,FALSE,FALSE,FALSE,FALSE,FALSE
6590,42,"35 tot 45 jaar",TRUE,TRUE,"Mee eens",TRUE,"Niet mee eens, niet mee oneens",FALSE,FALSE,TRUE,TRUE,FALSE,FALSE
6591,27,"25 tot 35 jaar",FALSE,TRUE,"Mee eens",TRUE,"Niet mee eens, niet mee oneens",FALSE,TRUE,TRUE,TRUE,TRUE,FALSE
6592,87,"75 jaar of ouder",TRUE,TRUE,"Mee eens",TRUE,"Mee eens",TRUE,TRUE,FALSE,TRUE,TRUE,TRUE
6593,64,"55 tot 65 jaar",FALSE,FALSE,"Helemaal mee eens",TRUE,"Helemaal mee eens",TRUE,TRUE,TRUE,TRUE,TRUE,TRUE
6594,76,"75 jaar of ouder",FALSE,TRUE,"Mee eens",TRUE,"Mee oneens",FALSE,FALSE,TRUE,FALSE,FALSE,FALSE
6595,27,"25 tot 35 jaar",FALSE,TRUE,"Helemaal mee eens",TRUE,"Mee eens",TRUE,TRUE,TRUE,TRUE,TRUE,FALSE
6596,60,"55 tot 65 jaar",FALSE,TRUE,"Mee eens",TRUE,"Mee eens",TRUE,FALSE,TRUE,TRUE,TRUE,FALSE
6597,68,"65 tot 75 jaar",FALSE,TRUE,"Helemaal mee eens",TRUE,"Helemaal mee eens",TRUE,TRUE,TRUE,TRUE,TRUE,TRUE
6598,24,"18 tot 25 jaar",FALSE,TRUE,"Mee eens",TRUE,"Mee eens",TRUE,TRUE,TRUE,TRUE,TRUE,FALSE
6599,56,"55 tot 65 jaar",TRUE,TRUE,"Helemaal mee eens",TRUE,"Mee eens",TRUE,TRUE,FALSE,TRUE,TRUE,TRUE
6600,21,"18 tot 25 jaar",FALSE,TRUE,"Mee eens",TRUE,"Mee oneens",FALSE,TRUE,FALSE,FALSE,FALSE,FALSE
6601,33,"25 tot 35 jaar",FALSE,TRUE,"Mee eens",TRUE,"Niet mee eens, niet mee oneens",FALSE,TRUE,TRUE,TRUE,TRUE,TRUE
6602,22,"18 tot 25 jaar",FALSE,TRUE,"Mee eens",TRUE,"Mee eens",TRUE,TRUE,TRUE,TRUE,TRUE,FALSE
6603,80,"75 jaar of ouder",TRUE,TRUE,"Helemaal mee eens",TRUE,"Niet mee eens, niet mee oneens",FALSE,TRUE,FALSE,TRUE,TRUE,TRUE
6604,32,"25 tot 35 jaar",FALSE,TRUE,"Helemaal mee eens",TRUE,"Mee eens",TRUE,TRUE,TRUE,TRUE,TRUE,TRUE
6605,54,"45 tot 55 jaar",FALSE,TRUE,"Niet mee eens, niet mee oneens",FALSE,"Mee eens",TRUE,TRUE,FALSE,TRUE,FALSE,FALSE
6606,18,"18 tot 25 jaar",TRUE,FALSE,"Mee eens",TRUE,"Niet mee eens, niet mee oneens",FALSE,TRUE,TRUE,TRUE,TRUE,TRUE
6607,63,"55 tot 65 jaar",FALSE,TRUE,"Mee eens",TRUE,"Niet mee eens, niet mee oneens",FALSE,TRUE,TRUE,FALSE,FALSE,FALSE
6608,36,"35 tot 45 jaar",FALSE,TRUE,"Mee eens",TRUE,"Mee eens",TRUE,TRUE,TRUE,TRUE,TRUE,FALSE
6609,35,"35 tot 45 jaar",TRUE,TRUE,"Helemaal mee eens",TRUE,"Helemaal mee eens",TRUE,TRUE,TRUE,TRUE,TRUE,FALSE
6610,33,"25 tot 35 jaar",FALSE,FALSE,"Niet mee eens, niet mee oneens",FALSE,"Niet mee eens, niet mee oneens",FALSE,TRUE,TRUE,TRUE,TRUE,TRUE
6611,52,"45 tot 55 jaar",TRUE,TRUE,"Helemaal mee eens",TRUE,"Helemaal mee eens",TRUE,TRUE,TRUE,TRUE,TRUE,TRUE
6612,36,"35 tot 45 jaar",TRUE,TRUE,"Helemaal mee eens",TRUE,"Mee eens",TRUE,TRUE,TRUE,TRUE,TRUE,TRUE
6613,82,"75 jaar of ouder",FALSE,TRUE,"Helemaal mee eens",TRUE,"Mee eens",TRUE,TRUE,TRUE,TRUE,TRUE,TRUE
6614,29,"25 tot 35 jaar",TRUE,TRUE,"Helemaal mee eens",TRUE,"Helemaal mee eens",TRUE,TRUE,TRUE,TRUE,TRUE,TRUE
6615,52,"45 tot 55 jaar",FALSE,TRUE,"Mee eens",TRUE,"Mee eens",TRUE,TRUE,FALSE,FALSE,TRUE,FALSE
6616,52,"45 tot 55 jaar",FALSE,TRUE,"Helemaal mee eens",TRUE,"Helemaal mee eens",TRUE,TRUE,TRUE,TRUE,TRUE,TRUE
6617,63,"55 tot 65 jaar",FALSE,TRUE,"Helemaal mee eens",TRUE,"Helemaal mee eens",TRUE,TRUE,TRUE,TRUE,TRUE,TRUE
6618,22,"18 tot 25 jaar",TRUE,TRUE,"Mee eens",TRUE,"Niet mee eens, niet mee oneens",FALSE,TRUE,TRUE,TRUE,TRUE,FALSE
6619,72,"65 tot 75 jaar",FALSE,TRUE,"Mee eens",TRUE,"Niet mee eens, niet mee oneens",FALSE,TRUE,TRUE,FALSE,TRUE,FALSE
6620,80,"75 jaar of ouder",TRUE,TRUE,"Mee eens",TRUE,"Mee eens",TRUE,TRUE,FALSE,TRUE,TRUE,TRUE
6621,30,"25 tot 35 jaar",FALSE,TRUE,"Helemaal mee eens",TRUE,"Mee eens",TRUE,TRUE,TRUE,TRUE,TRUE,TRUE
6622,65,"65 tot 75 jaar",FALSE,TRUE,"Helemaal mee eens",TRUE,"Helemaal mee eens",TRUE,TRUE,TRUE,TRUE,TRUE,TRUE
6623,78,"75 jaar of ouder",FALSE,TRUE,"Mee eens",TRUE,"Helemaal mee eens",TRUE,TRUE,TRUE,FALSE,TRUE,TRUE
6624,23,"18 tot 25 jaar",TRUE,TRUE,"Helemaal mee eens",TRUE,"Mee eens",TRUE,TRUE,TRUE,TRUE,TRUE,FALSE
6625,60,"55 tot 65 jaar",TRUE,TRUE,"Mee eens",TRUE,"Mee eens",TRUE,TRUE,TRUE,TRUE,TRUE,FALSE
6626,43,"35 tot 45 jaar",TRUE,TRUE,"Niet mee eens, niet mee oneens",FALSE,"Niet mee eens, niet mee oneens",FALSE,TRUE,FALSE,FALSE,TRUE,FALSE
6627,57,"55 tot 65 jaar",FALSE,TRUE,"Niet mee eens, niet mee oneens",FALSE,"Niet mee eens, niet mee oneens",FALSE,TRUE,FALSE,FALSE,FALSE,FALSE
6628,23,"18 tot 25 jaar",FALSE,TRUE,"Mee eens",TRUE,"Helemaal mee eens",TRUE,TRUE,TRUE,TRUE,TRUE,TRUE
6629,35,"35 tot 45 jaar",TRUE,TRUE,"Helemaal mee eens",TRUE,"Helemaal mee eens",TRUE,TRUE,TRUE,TRUE,TRUE,TRUE
6630,29,"25 tot 35 jaar",TRUE,TRUE,"Helemaal mee eens",TRUE,"Mee eens",TRUE,TRUE,TRUE,TRUE,TRUE,TRUE
6631,41,"35 tot 45 jaar",FALSE,TRUE,"Mee eens",TRUE,"Niet mee eens, niet mee oneens",FALSE,TRUE,TRUE,TRUE,FALSE,TRUE
6632,80,"75 jaar of ouder",FALSE,TRUE,"Mee eens",TRUE,"Mee eens",TRUE,TRUE,TRUE,TRUE,TRUE,FALSE
6633,77,"75 jaar of ouder",TRUE,TRUE,"Helemaal mee eens",TRUE,"Helemaal mee eens",TRUE,TRUE,TRUE,TRUE,TRUE,TRUE
6634,62,"55 tot 65 jaar",FALSE,TRUE,"Mee eens",TRUE,"Mee eens",TRUE,TRUE,TRUE,FALSE,TRUE,FALSE
6635,66,"65 tot 75 jaar",FALSE,TRUE,"Helemaal mee eens",TRUE,"Helemaal mee eens",TRUE,TRUE,TRUE,TRUE,TRUE,TRUE
6636,46,"45 tot 55 jaar",TRUE,TRUE,"Mee eens",TRUE,"Helemaal mee eens",TRUE,TRUE,FALSE,TRUE,TRUE,TRUE
6637,47,"45 tot 55 jaar",FALSE,TRUE,"Mee eens",TRUE,"Mee eens",TRUE,TRUE,TRUE,TRUE,TRUE,FALSE
6638,32,"25 tot 35 jaar",FALSE,TRUE,"Mee eens",TRUE,"Niet mee eens, niet mee oneens",FALSE,TRUE,TRUE,TRUE,TRUE,TRUE
6639,51,"45 tot 55 jaar",FALSE,TRUE,"Niet mee eens, niet mee oneens",FALSE,"Mee eens",TRUE,TRUE,TRUE,TRUE,TRUE,FALSE
6640,45,"45 tot 55 jaar",TRUE,TRUE,"Mee eens",TRUE,"Niet mee eens, niet mee oneens",FALSE,TRUE,TRUE,TRUE,FALSE,TRUE
6641,28,"25 tot 35 jaar",FALSE,TRUE,"Niet mee eens, niet mee oneens",FALSE,"Mee oneens",FALSE,TRUE,TRUE,FALSE,FALSE,FALSE
6642,29,"25 tot 35 jaar",FALSE,TRUE,"Mee eens",TRUE,"Mee eens",TRUE,TRUE,TRUE,TRUE,TRUE,TRUE
6643,60,"55 tot 65 jaar",TRUE,TRUE,"Helemaal mee eens",TRUE,"Mee eens",TRUE,TRUE,TRUE,TRUE,TRUE,TRUE
6644,79,"75 jaar of ouder",FALSE,TRUE,"Mee eens",TRUE,"Niet mee eens, niet mee oneens",FALSE,TRUE,TRUE,TRUE,TRUE,FALSE
6645,55,"55 tot 65 jaar",FALSE,TRUE,"Mee oneens",FALSE,"Helemaal mee oneens",FALSE,TRUE,TRUE,FALSE,FALSE,FALSE
6646,19,"18 tot 25 jaar",TRUE,TRUE,"Mee eens",TRUE,"Niet mee eens, niet mee oneens",FALSE,FALSE,TRUE,FALSE,TRUE,TRUE
6647,52,"45 tot 55 jaar",TRUE,TRUE,"Helemaal mee eens",TRUE,"Mee eens",TRUE,TRUE,TRUE,TRUE,TRUE,TRUE
6648,87,"75 jaar of ouder",FALSE,TRUE,"Mee eens",TRUE,"Mee eens",TRUE,TRUE,TRUE,TRUE,TRUE,TRUE
6649,69,"65 tot 75 jaar",TRUE,TRUE,"Mee eens",TRUE,"Mee eens",TRUE,TRUE,TRUE,TRUE,TRUE,TRUE
6650,56,"55 tot 65 jaar",TRUE,TRUE,"Mee eens",TRUE,"Mee eens",TRUE,TRUE,TRUE,TRUE,FALSE,FALSE
6651,40,"35 tot 45 jaar",TRUE,FALSE,"Helemaal mee eens",TRUE,"Niet mee eens, niet mee oneens",FALSE,TRUE,FALSE,TRUE,TRUE,TRUE
6652,74,"65 tot 75 jaar",TRUE,TRUE,"Mee eens",TRUE,"Mee eens",TRUE,TRUE,TRUE,TRUE,TRUE,TRUE
6653,18,"18 tot 25 jaar",FALSE,TRUE,"Niet mee eens, niet mee oneens",FALSE,"Niet mee eens, niet mee oneens",FALSE,TRUE,TRUE,FALSE,FALSE,TRUE
6654,54,"45 tot 55 jaar",TRUE,TRUE,"Mee eens",TRUE,"Mee eens",TRUE,FALSE,FALSE,TRUE,TRUE,TRUE
6655,46,"45 tot 55 jaar",TRUE,TRUE,"Mee eens",TRUE,"Mee oneens",FALSE,TRUE,TRUE,TRUE,TRUE,TRUE
6656,36,"35 tot 45 jaar",TRUE,TRUE,"Helemaal mee eens",TRUE,"Mee eens",TRUE,TRUE,TRUE,TRUE,TRUE,TRUE
6657,32,"25 tot 35 jaar",TRUE,TRUE,"Mee eens",TRUE,"Mee eens",TRUE,TRUE,FALSE,TRUE,TRUE,FALSE
6658,20,"18 tot 25 jaar",FALSE,TRUE,"Helemaal mee eens",TRUE,"Helemaal mee eens",TRUE,TRUE,TRUE,TRUE,TRUE,TRUE
6659,71,"65 tot 75 jaar",FALSE,TRUE,"Mee eens",TRUE,"Niet mee eens, niet mee oneens",FALSE,FALSE,TRUE,FALSE,FALSE,FALSE
6660,73,"65 tot 75 jaar",TRUE,TRUE,"Helemaal mee eens",TRUE,"Helemaal mee eens",TRUE,TRUE,TRUE,TRUE,TRUE,TRUE
6661,39,"35 tot 45 jaar",TRUE,TRUE,"Helemaal mee eens",TRUE,"Helemaal mee eens",TRUE,TRUE,TRUE,TRUE,TRUE,TRUE
6662,57,"55 tot 65 jaar",FALSE,TRUE,"Mee eens",TRUE,"Mee eens",TRUE,TRUE,TRUE,TRUE,FALSE,FALSE
6663,83,"75 jaar of ouder",FALSE,TRUE,"Helemaal mee eens",TRUE,"Niet mee eens, niet mee oneens",FALSE,TRUE,TRUE,TRUE,TRUE,FALSE
6664,69,"65 tot 75 jaar",FALSE,TRUE,"Helemaal mee eens",TRUE,"Niet mee eens, niet mee oneens",FALSE,TRUE,FALSE,TRUE,FALSE,TRUE
6665,56,"55 tot 65 jaar",TRUE,TRUE,"Mee eens",TRUE,"Mee eens",TRUE,TRUE,TRUE,TRUE,TRUE,TRUE
6666,53,"45 tot 55 jaar",FALSE,TRUE,"Helemaal mee eens",TRUE,"Mee eens",TRUE,TRUE,TRUE,TRUE,TRUE,TRUE
6667,73,"65 tot 75 jaar",FALSE,TRUE,"Mee eens",TRUE,"Niet mee eens, niet mee oneens",FALSE,FALSE,FALSE,TRUE,FALSE,FALSE
6668,34,"25 tot 35 jaar",FALSE,TRUE,"Mee eens",TRUE,"Mee oneens",FALSE,FALSE,FALSE,FALSE,FALSE,FALSE
6669,50,"45 tot 55 jaar",FALSE,TRUE,"Mee eens",TRUE,"Niet mee eens, niet mee oneens",FALSE,FALSE,TRUE,FALSE,TRUE,FALSE
6670,69,"65 tot 75 jaar",TRUE,TRUE,"Helemaal mee eens",TRUE,"Mee eens",TRUE,TRUE,TRUE,FALSE,TRUE,TRUE
6671,27,"25 tot 35 jaar",FALSE,TRUE,"Mee oneens",FALSE,"Helemaal mee oneens",FALSE,TRUE,TRUE,FALSE,FALSE,FALSE
6672,22,"18 tot 25 jaar",TRUE,TRUE,"Niet mee eens, niet mee oneens",FALSE,"Mee oneens",FALSE,FALSE,FALSE,TRUE,FALSE,TRUE
6673,64,"55 tot 65 jaar",FALSE,TRUE,"Mee eens",TRUE,"Niet mee eens, niet mee oneens",FALSE,TRUE,TRUE,TRUE,TRUE,TRUE
6674,60,"55 tot 65 jaar",FALSE,TRUE,"Mee eens",TRUE,"Helemaal mee eens",TRUE,TRUE,TRUE,TRUE,TRUE,TRUE
6675,47,"45 tot 55 jaar",TRUE,TRUE,"Mee eens",TRUE,"Mee eens",TRUE,TRUE,TRUE,TRUE,TRUE,TRUE
6676,74,"65 tot 75 jaar",TRUE,TRUE,"Mee eens",TRUE,"Mee oneens",FALSE,FALSE,TRUE,FALSE,FALSE,FALSE
6677,27,"25 tot 35 jaar",TRUE,TRUE,"Mee oneens",FALSE,"Mee eens",TRUE,TRUE,FALSE,TRUE,FALSE,FALSE
6678,31,"25 tot 35 jaar",FALSE,TRUE,"Mee eens",TRUE,"Mee eens",TRUE,TRUE,TRUE,TRUE,TRUE,FALSE
6679,37,"35 tot 45 jaar",TRUE,TRUE,"Helemaal mee eens",TRUE,"Mee eens",TRUE,TRUE,TRUE,TRUE,TRUE,TRUE
6680,21,"18 tot 25 jaar",TRUE,TRUE,"Mee eens",TRUE,"Niet mee eens, niet mee oneens",FALSE,TRUE,TRUE,TRUE,TRUE,FALSE
6681,55,"55 tot 65 jaar",TRUE,TRUE,"Helemaal mee eens",TRUE,"Helemaal mee eens",TRUE,TRUE,TRUE,TRUE,TRUE,TRUE
6682,19,"18 tot 25 jaar",FALSE,TRUE,"Mee eens",TRUE,"Mee eens",TRUE,TRUE,TRUE,FALSE,FALSE,FALSE
6683,33,"25 tot 35 jaar",TRUE,TRUE,"Mee eens",TRUE,"Helemaal mee eens",TRUE,TRUE,TRUE,TRUE,TRUE,FALSE
6684,59,"55 tot 65 jaar",FALSE,TRUE,"Helemaal mee eens",TRUE,"Helemaal mee eens",TRUE,TRUE,TRUE,TRUE,TRUE,FALSE
6685,30,"25 tot 35 jaar",FALSE,TRUE,"Mee eens",TRUE,"Mee eens",TRUE,TRUE,TRUE,TRUE,TRUE,FALSE
6686,58,"55 tot 65 jaar",TRUE,TRUE,"Mee eens",TRUE,"Mee eens",TRUE,TRUE,TRUE,FALSE,FALSE,FALSE
6687,22,"18 tot 25 jaar",FALSE,TRUE,"Niet mee eens, niet mee oneens",FALSE,"Niet mee eens, niet mee oneens",FALSE,TRUE,TRUE,TRUE,TRUE,FALSE
6688,51,"45 tot 55 jaar",TRUE,TRUE,"Mee eens",TRUE,"Mee eens",TRUE,TRUE,FALSE,TRUE,TRUE,TRUE
6689,50,"45 tot 55 jaar",TRUE,TRUE,"Niet mee eens, niet mee oneens",FALSE,"Mee eens",TRUE,TRUE,FALSE,FALSE,FALSE,FALSE
6690,58,"55 tot 65 jaar",FALSE,TRUE,"Mee eens",TRUE,"Mee oneens",FALSE,TRUE,TRUE,TRUE,TRUE,FALSE
6691,51,"45 tot 55 jaar",TRUE,TRUE,"Mee eens",TRUE,"Mee eens",TRUE,TRUE,TRUE,TRUE,TRUE,FALSE
6692,29,"25 tot 35 jaar",FALSE,TRUE,"Niet mee eens, niet mee oneens",FALSE,"Mee eens",TRUE,FALSE,TRUE,TRUE,FALSE,TRUE
6693,79,"75 jaar of ouder",TRUE,TRUE,"Helemaal mee eens",TRUE,"Mee eens",TRUE,TRUE,TRUE,TRUE,TRUE,TRUE
6694,27,"25 tot 35 jaar",FALSE,TRUE,"Niet mee eens, niet mee oneens",FALSE,"Niet mee eens, niet mee oneens",FALSE,TRUE,FALSE,FALSE,FALSE,TRUE
6695,29,"25 tot 35 jaar",TRUE,TRUE,"Mee eens",TRUE,"Mee eens",TRUE,TRUE,TRUE,FALSE,TRUE,FALSE
6696,19,"18 tot 25 jaar",FALSE,TRUE,"Mee eens",TRUE,"Mee oneens",FALSE,TRUE,TRUE,TRUE,FALSE,FALSE
6697,46,"45 tot 55 jaar",TRUE,TRUE,"Helemaal mee eens",TRUE,"Helemaal mee eens",TRUE,TRUE,TRUE,TRUE,TRUE,TRUE
6698,64,"55 tot 65 jaar",FALSE,TRUE,"Niet mee eens, niet mee oneens",FALSE,"Niet mee eens, niet mee oneens",FALSE,TRUE,TRUE,FALSE,FALSE,FALSE
6699,67,"65 tot 75 jaar",FALSE,TRUE,"Helemaal mee eens",TRUE,"Niet mee eens, niet mee oneens",FALSE,TRUE,TRUE,TRUE,TRUE,TRUE
6700,25,"25 tot 35 jaar",FALSE,FALSE,"Helemaal mee eens",TRUE,"Helemaal mee eens",TRUE,TRUE,TRUE,TRUE,TRUE,TRUE
6701,51,"45 tot 55 jaar",TRUE,TRUE,"Mee eens",TRUE,"Mee eens",TRUE,FALSE,TRUE,FALSE,FALSE,TRUE
6702,49,"45 tot 55 jaar",TRUE,TRUE,"Helemaal mee eens",TRUE,"Mee eens",TRUE,FALSE,TRUE,TRUE,TRUE,FALSE
6703,34,"25 tot 35 jaar",FALSE,TRUE,"Niet mee eens, niet mee oneens",FALSE,"Niet mee eens, niet mee oneens",FALSE,TRUE,TRUE,TRUE,FALSE,FALSE
6704,86,"75 jaar of ouder",FALSE,TRUE,"Mee eens",TRUE,"Helemaal mee eens",TRUE,TRUE,TRUE,TRUE,TRUE,TRUE
6705,32,"25 tot 35 jaar",TRUE,TRUE,"Mee eens",TRUE,"Mee eens",TRUE,TRUE,FALSE,TRUE,TRUE,FALSE
6706,89,"75 jaar of ouder",TRUE,TRUE,"Mee eens",TRUE,"Niet mee eens, niet mee oneens",FALSE,TRUE,TRUE,TRUE,TRUE,TRUE
6707,27,"25 tot 35 jaar",FALSE,TRUE,"Niet mee eens, niet mee oneens",FALSE,"Mee oneens",FALSE,FALSE,TRUE,TRUE,FALSE,FALSE
6708,59,"55 tot 65 jaar",TRUE,TRUE,"Mee eens",TRUE,"Mee oneens",FALSE,FALSE,TRUE,FALSE,FALSE,FALSE
6709,19,"18 tot 25 jaar",TRUE,TRUE,"Mee eens",TRUE,"Niet mee eens, niet mee oneens",FALSE,TRUE,TRUE,TRUE,TRUE,FALSE
6710,19,"18 tot 25 jaar",FALSE,TRUE,"Mee eens",TRUE,"Niet mee eens, niet mee oneens",FALSE,FALSE,FALSE,FALSE,FALSE,FALSE
6711,56,"55 tot 65 jaar",FALSE,TRUE,"Niet mee eens, niet mee oneens",FALSE,"Niet mee eens, niet mee oneens",FALSE,FALSE,TRUE,TRUE,FALSE,FALSE
6712,32,"25 tot 35 jaar",TRUE,TRUE,"Niet mee eens, niet mee oneens",FALSE,"Mee eens",TRUE,TRUE,TRUE,TRUE,TRUE,FALSE
6713,83,"75 jaar of ouder",TRUE,TRUE,"Helemaal mee eens",TRUE,"Mee eens",TRUE,TRUE,TRUE,TRUE,TRUE,TRUE
6714,59,"55 tot 65 jaar",FALSE,TRUE,"Mee eens",TRUE,"Niet mee eens, niet mee oneens",FALSE,TRUE,FALSE,TRUE,FALSE,TRUE
6715,45,"45 tot 55 jaar",FALSE,TRUE,"Mee eens",TRUE,"Mee eens",TRUE,TRUE,FALSE,TRUE,FALSE,TRUE
6716,18,"18 tot 25 jaar",TRUE,TRUE,"Helemaal mee eens",TRUE,"Mee eens",TRUE,TRUE,TRUE,FALSE,TRUE,TRUE
6717,75,"75 jaar of ouder",TRUE,TRUE,"Mee eens",TRUE,"Mee eens",TRUE,TRUE,TRUE,TRUE,TRUE,FALSE
6718,28,"25 tot 35 jaar",FALSE,TRUE,"Niet mee eens, niet mee oneens",FALSE,"Mee eens",TRUE,FALSE,FALSE,TRUE,FALSE,FALSE
6719,54,"45 tot 55 jaar",TRUE,TRUE,"Mee eens",TRUE,"Mee eens",TRUE,TRUE,FALSE,TRUE,TRUE,FALSE
6720,40,"35 tot 45 jaar",FALSE,TRUE,"Mee eens",TRUE,"Niet mee eens, niet mee oneens",FALSE,TRUE,TRUE,TRUE,TRUE,TRUE
6721,58,"55 tot 65 jaar",FALSE,TRUE,"Mee eens",TRUE,"Niet mee eens, niet mee oneens",FALSE,TRUE,FALSE,TRUE,TRUE,TRUE
6722,69,"65 tot 75 jaar",FALSE,TRUE,"Helemaal mee eens",TRUE,"Helemaal mee eens",TRUE,TRUE,FALSE,TRUE,TRUE,TRUE
6723,66,"65 tot 75 jaar",FALSE,TRUE,"Helemaal mee eens",TRUE,"Mee eens",TRUE,TRUE,TRUE,TRUE,TRUE,TRUE
6724,39,"35 tot 45 jaar",FALSE,TRUE,"Mee eens",TRUE,"Niet mee eens, niet mee oneens",FALSE,TRUE,TRUE,TRUE,TRUE,FALSE
6725,38,"35 tot 45 jaar",FALSE,TRUE,"Mee eens",TRUE,"Mee eens",TRUE,TRUE,TRUE,TRUE,TRUE,TRUE
6726,50,"45 tot 55 jaar",FALSE,TRUE,"Mee eens",TRUE,"Mee oneens",FALSE,TRUE,TRUE,TRUE,TRUE,TRUE
6727,64,"55 tot 65 jaar",TRUE,FALSE,"Helemaal mee eens",TRUE,"Helemaal mee eens",TRUE,TRUE,TRUE,TRUE,FALSE,TRUE
6728,25,"25 tot 35 jaar",TRUE,TRUE,"Helemaal mee eens",TRUE,"Mee eens",TRUE,TRUE,TRUE,TRUE,TRUE,TRUE
6729,39,"35 tot 45 jaar",FALSE,TRUE,"Mee eens",TRUE,"Mee eens",TRUE,TRUE,TRUE,TRUE,TRUE,TRUE
6730,88,"75 jaar of ouder",TRUE,TRUE,"Mee eens",TRUE,"Mee eens",TRUE,TRUE,TRUE,TRUE,FALSE,TRUE
6731,59,"55 tot 65 jaar",TRUE,TRUE,"Mee eens",TRUE,"Mee eens",TRUE,TRUE,TRUE,TRUE,TRUE,TRUE
6732,62,"55 tot 65 jaar",FALSE,TRUE,"Helemaal mee eens",TRUE,"Helemaal mee eens",TRUE,TRUE,TRUE,TRUE,TRUE,FALSE
6733,27,"25 tot 35 jaar",TRUE,TRUE,"Helemaal mee eens",TRUE,"Mee eens",TRUE,TRUE,TRUE,TRUE,TRUE,TRUE
6734,53,"45 tot 55 jaar",FALSE,TRUE,"Helemaal mee eens",TRUE,"Mee eens",TRUE,FALSE,TRUE,TRUE,TRUE,FALSE
6735,69,"65 tot 75 jaar",FALSE,TRUE,"Niet mee eens, niet mee oneens",FALSE,"Niet mee eens, niet mee oneens",FALSE,TRUE,TRUE,TRUE,TRUE,FALSE
6736,25,"25 tot 35 jaar",FALSE,TRUE,"Mee eens",TRUE,"Helemaal mee eens",TRUE,TRUE,TRUE,TRUE,TRUE,TRUE
6737,49,"45 tot 55 jaar",FALSE,TRUE,"Mee oneens",FALSE,"Helemaal mee oneens",FALSE,FALSE,TRUE,FALSE,FALSE,FALSE
6738,34,"25 tot 35 jaar",TRUE,TRUE,"Niet mee eens, niet mee oneens",FALSE,"Mee eens",TRUE,TRUE,TRUE,FALSE,TRUE,FALSE
6739,55,"55 tot 65 jaar",TRUE,TRUE,"Helemaal mee eens",TRUE,"Helemaal mee eens",TRUE,TRUE,TRUE,TRUE,TRUE,TRUE
6740,68,"65 tot 75 jaar",FALSE,FALSE,"Helemaal mee eens",TRUE,"Mee eens",TRUE,TRUE,TRUE,TRUE,TRUE,FALSE
6741,54,"45 tot 55 jaar",FALSE,TRUE,"Helemaal mee eens",TRUE,"Niet mee eens, niet mee oneens",FALSE,TRUE,TRUE,FALSE,TRUE,TRUE
6742,45,"45 tot 55 jaar",TRUE,TRUE,"Mee eens",TRUE,"Mee eens",TRUE,FALSE,TRUE,TRUE,TRUE,TRUE
6743,32,"25 tot 35 jaar",TRUE,TRUE,"Helemaal mee eens",TRUE,"Helemaal mee eens",TRUE,TRUE,TRUE,TRUE,TRUE,TRUE
6744,28,"25 tot 35 jaar",FALSE,TRUE,"Helemaal mee eens",TRUE,"Mee eens",TRUE,TRUE,TRUE,TRUE,TRUE,TRUE
6745,25,"25 tot 35 jaar",FALSE,TRUE,"Mee eens",TRUE,"Mee oneens",FALSE,TRUE,FALSE,TRUE,FALSE,TRUE
6746,42,"35 tot 45 jaar",FALSE,TRUE,"Helemaal mee eens",TRUE,"Mee eens",TRUE,TRUE,TRUE,TRUE,TRUE,FALSE
6747,20,"18 tot 25 jaar",TRUE,TRUE,"Mee oneens",FALSE,"Mee oneens",FALSE,FALSE,TRUE,TRUE,FALSE,FALSE
6748,52,"45 tot 55 jaar",FALSE,TRUE,"Niet mee eens, niet mee oneens",FALSE,"Niet mee eens, niet mee oneens",FALSE,TRUE,TRUE,FALSE,FALSE,TRUE
6749,32,"25 tot 35 jaar",FALSE,TRUE,"Mee eens",TRUE,"Mee oneens",FALSE,TRUE,TRUE,FALSE,FALSE,TRUE
6750,68,"65 tot 75 jaar",TRUE,TRUE,"Helemaal mee oneens",FALSE,"Mee eens",TRUE,TRUE,TRUE,FALSE,TRUE,FALSE
6751,49,"45 tot 55 jaar",FALSE,TRUE,"Mee eens",TRUE,"Mee eens",TRUE,TRUE,TRUE,FALSE,TRUE,TRUE
6752,39,"35 tot 45 jaar",FALSE,TRUE,"Mee eens",TRUE,"Mee eens",TRUE,TRUE,TRUE,TRUE,TRUE,FALSE
6753,58,"55 tot 65 jaar",TRUE,TRUE,"Helemaal mee eens",TRUE,"Helemaal mee eens",TRUE,TRUE,TRUE,TRUE,TRUE,TRUE
6754,67,"65 tot 75 jaar",TRUE,TRUE,"Helemaal mee eens",TRUE,"Helemaal mee eens",TRUE,TRUE,TRUE,TRUE,TRUE,TRUE
6755,35,"35 tot 45 jaar",TRUE,TRUE,"Mee eens",TRUE,"Mee oneens",FALSE,TRUE,TRUE,TRUE,TRUE,TRUE
6756,26,"25 tot 35 jaar",TRUE,FALSE,"Mee eens",TRUE,"Mee eens",TRUE,TRUE,TRUE,TRUE,TRUE,TRUE
6757,50,"45 tot 55 jaar",TRUE,TRUE,"Helemaal mee eens",TRUE,"Mee eens",TRUE,TRUE,FALSE,TRUE,TRUE,FALSE
6758,47,"45 tot 55 jaar",TRUE,TRUE,"Mee eens",TRUE,"Mee eens",TRUE,TRUE,TRUE,TRUE,TRUE,FALSE
6759,44,"35 tot 45 jaar",TRUE,TRUE,"Mee eens",TRUE,"Mee eens",TRUE,TRUE,TRUE,FALSE,TRUE,TRUE
6760,42,"35 tot 45 jaar",FALSE,TRUE,"Mee eens",TRUE,"Helemaal mee eens",TRUE,TRUE,TRUE,TRUE,TRUE,TRUE
6761,60,"55 tot 65 jaar",TRUE,TRUE,"Mee eens",TRUE,"Mee eens",TRUE,TRUE,TRUE,TRUE,FALSE,TRUE
6762,18,"18 tot 25 jaar",TRUE,TRUE,"Mee eens",TRUE,"Mee eens",TRUE,TRUE,TRUE,TRUE,TRUE,TRUE
6763,37,"35 tot 45 jaar",TRUE,TRUE,"Mee eens",TRUE,"Mee eens",TRUE,TRUE,TRUE,TRUE,TRUE,FALSE
6764,79,"75 jaar of ouder",TRUE,TRUE,"Mee eens",TRUE,"Niet mee eens, niet mee oneens",FALSE,FALSE,FALSE,TRUE,FALSE,FALSE
6765,55,"55 tot 65 jaar",FALSE,TRUE,"Helemaal mee eens",TRUE,"Helemaal mee eens",TRUE,TRUE,FALSE,TRUE,TRUE,TRUE
6766,24,"18 tot 25 jaar",TRUE,TRUE,"Helemaal mee eens",TRUE,"Mee eens",TRUE,TRUE,TRUE,TRUE,TRUE,TRUE
6767,26,"25 tot 35 jaar",FALSE,TRUE,"Mee eens",TRUE,"Niet mee eens, niet mee oneens",FALSE,TRUE,FALSE,FALSE,FALSE,FALSE
6768,18,"18 tot 25 jaar",FALSE,TRUE,"Mee eens",TRUE,"Mee oneens",FALSE,TRUE,TRUE,FALSE,FALSE,FALSE
6769,19,"18 tot 25 jaar",TRUE,TRUE,"Mee eens",TRUE,"Niet mee eens, niet mee oneens",FALSE,TRUE,TRUE,TRUE,TRUE,TRUE
6770,41,"35 tot 45 jaar",TRUE,TRUE,"Mee eens",TRUE,"Niet mee eens, niet mee oneens",FALSE,FALSE,FALSE,FALSE,FALSE,TRUE
6771,19,"18 tot 25 jaar",TRUE,TRUE,"Helemaal mee eens",TRUE,"Mee eens",TRUE,TRUE,TRUE,TRUE,TRUE,FALSE
6772,56,"55 tot 65 jaar",FALSE,TRUE,"Niet mee eens, niet mee oneens",FALSE,"Mee eens",TRUE,TRUE,FALSE,FALSE,TRUE,TRUE
6773,61,"55 tot 65 jaar",FALSE,TRUE,"Helemaal mee eens",TRUE,"Mee eens",TRUE,TRUE,TRUE,TRUE,TRUE,TRUE
6774,51,"45 tot 55 jaar",TRUE,FALSE,"Helemaal mee eens",TRUE,"Mee eens",TRUE,TRUE,TRUE,TRUE,TRUE,TRUE
6775,50,"45 tot 55 jaar",FALSE,FALSE,"Helemaal mee eens",TRUE,"Mee eens",TRUE,TRUE,TRUE,TRUE,TRUE,TRUE
6776,63,"55 tot 65 jaar",TRUE,TRUE,"Mee eens",TRUE,"Mee eens",TRUE,TRUE,TRUE,FALSE,TRUE,TRUE
6777,60,"55 tot 65 jaar",FALSE,TRUE,"Mee eens",TRUE,"Niet mee eens, niet mee oneens",FALSE,TRUE,FALSE,FALSE,FALSE,FALSE
6778,21,"18 tot 25 jaar",TRUE,TRUE,"Mee eens",TRUE,"Mee eens",TRUE,FALSE,TRUE,TRUE,TRUE,TRUE
6779,40,"35 tot 45 jaar",FALSE,TRUE,"Helemaal mee eens",TRUE,"Helemaal mee eens",TRUE,TRUE,TRUE,TRUE,TRUE,TRUE
6780,56,"55 tot 65 jaar",TRUE,TRUE,"Mee eens",TRUE,"Mee eens",TRUE,FALSE,TRUE,TRUE,FALSE,TRUE
6781,35,"35 tot 45 jaar",FALSE,TRUE,"Helemaal mee eens",TRUE,"Niet mee eens, niet mee oneens",FALSE,TRUE,TRUE,TRUE,TRUE,FALSE
6782,73,"65 tot 75 jaar",TRUE,TRUE,"Mee eens",TRUE,"Niet mee eens, niet mee oneens",FALSE,FALSE,TRUE,FALSE,FALSE,FALSE
6783,63,"55 tot 65 jaar",FALSE,TRUE,"Niet mee eens, niet mee oneens",FALSE,"Niet mee eens, niet mee oneens",FALSE,TRUE,TRUE,TRUE,FALSE,TRUE
6784,42,"35 tot 45 jaar",FALSE,TRUE,"Helemaal mee eens",TRUE,"Mee eens",TRUE,TRUE,TRUE,TRUE,TRUE,FALSE
6785,18,"18 tot 25 jaar",TRUE,TRUE,"Mee eens",TRUE,"Niet mee eens, niet mee oneens",FALSE,FALSE,TRUE,FALSE,FALSE,FALSE
6786,89,"75 jaar of ouder",TRUE,TRUE,"Mee eens",TRUE,"Helemaal mee eens",TRUE,TRUE,TRUE,TRUE,TRUE,TRUE
6787,70,"65 tot 75 jaar",FALSE,TRUE,"Mee eens",TRUE,"Niet mee eens, niet mee oneens",FALSE,TRUE,FALSE,FALSE,TRUE,FALSE
6788,27,"25 tot 35 jaar",TRUE,TRUE,"Mee eens",TRUE,"Mee eens",TRUE,TRUE,TRUE,TRUE,TRUE,FALSE
6789,53,"45 tot 55 jaar",TRUE,TRUE,"Helemaal mee eens",TRUE,"Mee eens",TRUE,TRUE,TRUE,TRUE,TRUE,TRUE
6790,45,"45 tot 55 jaar",TRUE,TRUE,"Mee eens",TRUE,"Mee eens",TRUE,TRUE,FALSE,TRUE,FALSE,FALSE
6791,29,"25 tot 35 jaar",FALSE,FALSE,"Helemaal mee eens",TRUE,"Helemaal mee eens",TRUE,TRUE,TRUE,TRUE,TRUE,TRUE
6792,53,"45 tot 55 jaar",FALSE,TRUE,"Mee eens",TRUE,"Helemaal mee eens",TRUE,TRUE,TRUE,TRUE,TRUE,TRUE
6793,23,"18 tot 25 jaar",FALSE,TRUE,"Helemaal mee eens",TRUE,"Mee eens",TRUE,TRUE,TRUE,TRUE,TRUE,FALSE
6794,41,"35 tot 45 jaar",TRUE,TRUE,"Mee eens",TRUE,"Mee eens",TRUE,TRUE,FALSE,FALSE,TRUE,FALSE
6795,38,"35 tot 45 jaar",TRUE,TRUE,"Helemaal mee eens",TRUE,"Mee eens",TRUE,TRUE,FALSE,FALSE,TRUE,TRUE
6796,65,"65 tot 75 jaar",TRUE,TRUE,"Mee oneens",FALSE,"Helemaal mee oneens",FALSE,FALSE,FALSE,FALSE,FALSE,FALSE
6797,80,"75 jaar of ouder",TRUE,TRUE,"Helemaal mee eens",TRUE,"Helemaal mee eens",TRUE,TRUE,FALSE,TRUE,TRUE,TRUE
6798,36,"35 tot 45 jaar",FALSE,TRUE,"Helemaal mee eens",TRUE,"Helemaal mee eens",TRUE,TRUE,TRUE,TRUE,TRUE,TRUE
6799,70,"65 tot 75 jaar",FALSE,TRUE,"Mee oneens",FALSE,"Niet mee eens, niet mee oneens",FALSE,FALSE,TRUE,FALSE,FALSE,FALSE
6800,46,"45 tot 55 jaar",FALSE,TRUE,"Mee eens",TRUE,"Niet mee eens, niet mee oneens",FALSE,TRUE,TRUE,TRUE,FALSE,FALSE
6801,18,"18 tot 25 jaar",TRUE,TRUE,"Helemaal mee eens",TRUE,"Helemaal mee eens",TRUE,TRUE,TRUE,TRUE,TRUE,TRUE
6802,38,"35 tot 45 jaar",TRUE,TRUE,"Mee eens",TRUE,"Mee eens",TRUE,TRUE,TRUE,TRUE,TRUE,FALSE
6803,41,"35 tot 45 jaar",FALSE,TRUE,"Helemaal mee eens",TRUE,"Mee eens",TRUE,TRUE,TRUE,TRUE,TRUE,TRUE
6804,84,"75 jaar of ouder",TRUE,TRUE,"Helemaal mee eens",TRUE,"Mee eens",TRUE,TRUE,TRUE,FALSE,FALSE,TRUE
6805,60,"55 tot 65 jaar",FALSE,TRUE,"Helemaal mee eens",TRUE,"Helemaal mee eens",TRUE,TRUE,TRUE,FALSE,TRUE,TRUE
6806,33,"25 tot 35 jaar",FALSE,TRUE,"Niet mee eens, niet mee oneens",FALSE,"Mee oneens",FALSE,TRUE,FALSE,FALSE,FALSE,TRUE
6807,32,"25 tot 35 jaar",TRUE,TRUE,"Helemaal mee eens",TRUE,"Helemaal mee eens",TRUE,TRUE,TRUE,TRUE,TRUE,TRUE
6808,84,"75 jaar of ouder",FALSE,TRUE,"Helemaal mee eens",TRUE,"Niet mee eens, niet mee oneens",FALSE,TRUE,FALSE,TRUE,TRUE,FALSE
6809,38,"35 tot 45 jaar",FALSE,TRUE,"Niet mee eens, niet mee oneens",FALSE,"Mee oneens",FALSE,FALSE,FALSE,TRUE,FALSE,FALSE
6810,80,"75 jaar of ouder",TRUE,TRUE,"Mee eens",TRUE,"Mee eens",TRUE,TRUE,FALSE,TRUE,FALSE,TRUE
6811,49,"45 tot 55 jaar",FALSE,TRUE,"Mee eens",TRUE,"Mee eens",TRUE,TRUE,FALSE,TRUE,TRUE,FALSE
6812,20,"18 tot 25 jaar",TRUE,TRUE,"Mee eens",TRUE,"Niet mee eens, niet mee oneens",FALSE,TRUE,TRUE,TRUE,FALSE,TRUE
6813,31,"25 tot 35 jaar",FALSE,TRUE,"Niet mee eens, niet mee oneens",FALSE,"Niet mee eens, niet mee oneens",FALSE,TRUE,FALSE,TRUE,FALSE,TRUE
6814,59,"55 tot 65 jaar",FALSE,TRUE,"Helemaal mee eens",TRUE,"Helemaal mee eens",TRUE,TRUE,TRUE,TRUE,TRUE,TRUE
6815,72,"65 tot 75 jaar",TRUE,TRUE,"Mee eens",TRUE,"Mee eens",TRUE,TRUE,TRUE,TRUE,TRUE,FALSE
6816,49,"45 tot 55 jaar",FALSE,TRUE,"Mee eens",TRUE,"Mee eens",TRUE,TRUE,TRUE,TRUE,TRUE,FALSE
6817,39,"35 tot 45 jaar",FALSE,TRUE,"Mee eens",TRUE,"Mee oneens",FALSE,FALSE,FALSE,TRUE,TRUE,FALSE
6818,86,"75 jaar of ouder",TRUE,TRUE,"Mee eens",TRUE,"Mee oneens",FALSE,TRUE,TRUE,TRUE,FALSE,FALSE
6819,37,"35 tot 45 jaar",TRUE,TRUE,"Helemaal mee eens",TRUE,"Mee eens",TRUE,TRUE,TRUE,TRUE,FALSE,FALSE
6820,30,"25 tot 35 jaar",FALSE,TRUE,"Mee oneens",FALSE,"Mee oneens",FALSE,TRUE,FALSE,FALSE,FALSE,FALSE
6821,65,"65 tot 75 jaar",TRUE,TRUE,"Mee eens",TRUE,"Mee eens",TRUE,FALSE,TRUE,TRUE,TRUE,FALSE
6822,80,"75 jaar of ouder",FALSE,TRUE,"Mee eens",TRUE,"Mee eens",TRUE,FALSE,TRUE,TRUE,TRUE,TRUE
6823,22,"18 tot 25 jaar",FALSE,TRUE,"Niet mee eens, niet mee oneens",FALSE,"Niet mee eens, niet mee oneens",FALSE,TRUE,TRUE,TRUE,TRUE,TRUE
6824,23,"18 tot 25 jaar",TRUE,FALSE,"Niet mee eens, niet mee oneens",FALSE,"Niet mee eens, niet mee oneens",FALSE,TRUE,TRUE,TRUE,TRUE,TRUE
6825,40,"35 tot 45 jaar",TRUE,FALSE,"Niet mee eens, niet mee oneens",FALSE,"Niet mee eens, niet mee oneens",FALSE,FALSE,TRUE,TRUE,TRUE,TRUE
6826,32,"25 tot 35 jaar",TRUE,TRUE,"Helemaal mee eens",TRUE,"Helemaal mee eens",TRUE,TRUE,FALSE,TRUE,TRUE,TRUE
6827,21,"18 tot 25 jaar",TRUE,TRUE,"Helemaal mee eens",TRUE,"Helemaal mee eens",TRUE,TRUE,TRUE,TRUE,TRUE,TRUE
6828,46,"45 tot 55 jaar",TRUE,TRUE,"Mee eens",TRUE,"Mee eens",TRUE,TRUE,FALSE,FALSE,TRUE,FALSE
6829,78,"75 jaar of ouder",FALSE,TRUE,"Mee eens",TRUE,"Niet mee eens, niet mee oneens",FALSE,TRUE,FALSE,TRUE,FALSE,FALSE
6830,83,"75 jaar of ouder",FALSE,TRUE,"Mee eens",TRUE,"Niet mee eens, niet mee oneens",FALSE,TRUE,TRUE,FALSE,FALSE,FALSE
6831,34,"25 tot 35 jaar",FALSE,TRUE,"Niet mee eens, niet mee oneens",FALSE,"Mee oneens",FALSE,FALSE,TRUE,FALSE,FALSE,FALSE
6832,29,"25 tot 35 jaar",FALSE,TRUE,"Mee eens",TRUE,"Mee eens",TRUE,TRUE,TRUE,TRUE,TRUE,TRUE
6833,71,"65 tot 75 jaar",FALSE,TRUE,"Helemaal mee eens",TRUE,"Mee eens",TRUE,TRUE,TRUE,TRUE,TRUE,TRUE
6834,58,"55 tot 65 jaar",FALSE,TRUE,"Mee eens",TRUE,"Mee eens",TRUE,FALSE,TRUE,TRUE,TRUE,TRUE
6835,65,"65 tot 75 jaar",FALSE,FALSE,"Helemaal mee eens",TRUE,"Mee eens",TRUE,TRUE,TRUE,TRUE,TRUE,TRUE
6836,39,"35 tot 45 jaar",FALSE,TRUE,"Helemaal mee eens",TRUE,"Niet mee eens, niet mee oneens",FALSE,TRUE,TRUE,TRUE,TRUE,FALSE
6837,67,"65 tot 75 jaar",FALSE,TRUE,"Mee eens",TRUE,"Niet mee eens, niet mee oneens",FALSE,TRUE,FALSE,FALSE,FALSE,TRUE
6838,68,"65 tot 75 jaar",TRUE,TRUE,"Mee eens",TRUE,"Mee eens",TRUE,TRUE,TRUE,TRUE,TRUE,FALSE
6839,39,"35 tot 45 jaar",TRUE,TRUE,"Mee eens",TRUE,"Niet mee eens, niet mee oneens",FALSE,TRUE,TRUE,TRUE,FALSE,TRUE
6840,70,"65 tot 75 jaar",TRUE,TRUE,"Mee eens",TRUE,"Mee oneens",FALSE,FALSE,TRUE,TRUE,FALSE,TRUE
6841,51,"45 tot 55 jaar",TRUE,TRUE,"Mee eens",TRUE,"Mee oneens",FALSE,TRUE,TRUE,FALSE,FALSE,FALSE
6842,72,"65 tot 75 jaar",FALSE,TRUE,"Mee eens",TRUE,"Niet mee eens, niet mee oneens",FALSE,TRUE,FALSE,FALSE,TRUE,FALSE
6843,18,"18 tot 25 jaar",TRUE,TRUE,"Helemaal mee eens",TRUE,"Mee eens",TRUE,TRUE,TRUE,TRUE,FALSE,FALSE
6844,46,"45 tot 55 jaar",FALSE,TRUE,"Mee eens",TRUE,"Niet mee eens, niet mee oneens",FALSE,TRUE,TRUE,TRUE,TRUE,TRUE
6845,55,"55 tot 65 jaar",FALSE,TRUE,"Mee eens",TRUE,"Mee eens",TRUE,TRUE,TRUE,TRUE,TRUE,TRUE
6846,19,"18 tot 25 jaar",FALSE,TRUE,"Helemaal mee eens",TRUE,"Niet mee eens, niet mee oneens",FALSE,TRUE,FALSE,TRUE,TRUE,FALSE
6847,31,"25 tot 35 jaar",TRUE,TRUE,"Helemaal mee eens",TRUE,"Mee eens",TRUE,TRUE,TRUE,TRUE,TRUE,TRUE
6848,73,"65 tot 75 jaar",TRUE,TRUE,"Mee eens",TRUE,"Mee eens",TRUE,FALSE,FALSE,FALSE,FALSE,FALSE
6849,32,"25 tot 35 jaar",FALSE,TRUE,"Mee eens",TRUE,"Mee eens",TRUE,TRUE,FALSE,TRUE,TRUE,TRUE
6850,67,"65 tot 75 jaar",TRUE,TRUE,"Helemaal mee eens",TRUE,"Mee eens",TRUE,TRUE,TRUE,TRUE,TRUE,TRUE
6851,62,"55 tot 65 jaar",TRUE,TRUE,"Helemaal mee eens",TRUE,"Helemaal mee eens",TRUE,TRUE,TRUE,TRUE,TRUE,TRUE
6852,49,"45 tot 55 jaar",FALSE,TRUE,"Mee eens",TRUE,"Mee eens",TRUE,TRUE,TRUE,TRUE,TRUE,TRUE
6853,85,"75 jaar of ouder",TRUE,TRUE,"Mee eens",TRUE,"Niet mee eens, niet mee oneens",FALSE,TRUE,TRUE,TRUE,FALSE,FALSE
6854,46,"45 tot 55 jaar",TRUE,TRUE,"Mee eens",TRUE,"Mee oneens",FALSE,TRUE,TRUE,TRUE,FALSE,TRUE
6855,88,"75 jaar of ouder",TRUE,FALSE,"Helemaal mee eens",TRUE,"Mee eens",TRUE,TRUE,TRUE,TRUE,TRUE,TRUE
6856,28,"25 tot 35 jaar",FALSE,TRUE,"Mee eens",TRUE,"Niet mee eens, niet mee oneens",FALSE,FALSE,TRUE,FALSE,TRUE,FALSE
6857,31,"25 tot 35 jaar",FALSE,TRUE,"Mee eens",TRUE,"Niet mee eens, niet mee oneens",FALSE,TRUE,TRUE,TRUE,FALSE,TRUE
6858,53,"45 tot 55 jaar",FALSE,TRUE,"Niet mee eens, niet mee oneens",FALSE,"Niet mee eens, niet mee oneens",FALSE,TRUE,TRUE,FALSE,TRUE,FALSE
6859,28,"25 tot 35 jaar",FALSE,TRUE,"Niet mee eens, niet mee oneens",FALSE,"Mee eens",TRUE,FALSE,TRUE,TRUE,FALSE,FALSE
6860,50,"45 tot 55 jaar",TRUE,TRUE,"Mee eens",TRUE,"Mee eens",TRUE,TRUE,TRUE,TRUE,TRUE,TRUE
6861,28,"25 tot 35 jaar",TRUE,TRUE,"Helemaal mee eens",TRUE,"Helemaal mee eens",TRUE,TRUE,TRUE,TRUE,TRUE,TRUE
6862,43,"35 tot 45 jaar",TRUE,TRUE,"Helemaal mee eens",TRUE,"Helemaal mee eens",TRUE,TRUE,FALSE,TRUE,TRUE,TRUE
6863,24,"18 tot 25 jaar",FALSE,TRUE,"Niet mee eens, niet mee oneens",FALSE,"Niet mee eens, niet mee oneens",FALSE,FALSE,TRUE,TRUE,FALSE,FALSE
6864,53,"45 tot 55 jaar",FALSE,TRUE,"Mee eens",TRUE,"Niet mee eens, niet mee oneens",FALSE,TRUE,TRUE,TRUE,TRUE,TRUE
6865,27,"25 tot 35 jaar",FALSE,TRUE,"Mee eens",TRUE,"Niet mee eens, niet mee oneens",FALSE,FALSE,FALSE,TRUE,FALSE,FALSE
6866,77,"75 jaar of ouder",TRUE,TRUE,"Niet mee eens, niet mee oneens",FALSE,"Niet mee eens, niet mee oneens",FALSE,FALSE,FALSE,FALSE,FALSE,FALSE
6867,61,"55 tot 65 jaar",TRUE,TRUE,"Mee eens",TRUE,"Niet mee eens, niet mee oneens",FALSE,TRUE,TRUE,TRUE,FALSE,TRUE
6868,40,"35 tot 45 jaar",FALSE,TRUE,"Helemaal mee eens",TRUE,"Mee eens",TRUE,TRUE,TRUE,TRUE,TRUE,TRUE
6869,78,"75 jaar of ouder",FALSE,TRUE,"Niet mee eens, niet mee oneens",FALSE,"Mee oneens",FALSE,FALSE,FALSE,FALSE,TRUE,FALSE
6870,64,"55 tot 65 jaar",FALSE,TRUE,"Helemaal mee eens",TRUE,"Mee eens",TRUE,TRUE,TRUE,TRUE,TRUE,TRUE
6871,61,"55 tot 65 jaar",TRUE,TRUE,"Mee eens",TRUE,"Mee eens",TRUE,FALSE,TRUE,TRUE,TRUE,TRUE
6872,71,"65 tot 75 jaar",TRUE,TRUE,"Helemaal mee eens",TRUE,"Helemaal mee eens",TRUE,TRUE,TRUE,TRUE,TRUE,TRUE
6873,36,"35 tot 45 jaar",TRUE,TRUE,"Helemaal mee eens",TRUE,"Mee eens",TRUE,TRUE,TRUE,TRUE,TRUE,TRUE
6874,25,"25 tot 35 jaar",FALSE,TRUE,"Helemaal mee eens",TRUE,"Helemaal mee eens",TRUE,TRUE,TRUE,TRUE,TRUE,TRUE
6875,29,"25 tot 35 jaar",TRUE,TRUE,"Helemaal mee eens",TRUE,"Mee eens",TRUE,TRUE,TRUE,TRUE,TRUE,TRUE
6876,67,"65 tot 75 jaar",FALSE,TRUE,"Mee eens",TRUE,"Helemaal mee eens",TRUE,TRUE,TRUE,TRUE,TRUE,TRUE
6877,46,"45 tot 55 jaar",TRUE,TRUE,"Helemaal mee eens",TRUE,"Helemaal mee eens",TRUE,TRUE,TRUE,TRUE,TRUE,TRUE
6878,61,"55 tot 65 jaar",FALSE,TRUE,"Helemaal mee eens",TRUE,"Mee eens",TRUE,TRUE,FALSE,TRUE,TRUE,FALSE
6879,46,"45 tot 55 jaar",FALSE,TRUE,"Helemaal mee eens",TRUE,"Helemaal mee eens",TRUE,TRUE,TRUE,TRUE,TRUE,TRUE
6880,22,"18 tot 25 jaar",FALSE,TRUE,"Helemaal mee eens",TRUE,"Mee eens",TRUE,TRUE,TRUE,TRUE,TRUE,TRUE
6881,62,"55 tot 65 jaar",FALSE,TRUE,"Mee eens",TRUE,"Niet mee eens, niet mee oneens",FALSE,FALSE,FALSE,FALSE,FALSE,FALSE
6882,79,"75 jaar of ouder",FALSE,TRUE,"Helemaal mee eens",TRUE,"Mee eens",TRUE,TRUE,TRUE,TRUE,TRUE,TRUE
6883,27,"25 tot 35 jaar",FALSE,TRUE,"Helemaal mee eens",TRUE,"Helemaal mee eens",TRUE,TRUE,TRUE,TRUE,TRUE,FALSE
6884,27,"25 tot 35 jaar",TRUE,TRUE,"Mee eens",TRUE,"Mee oneens",FALSE,TRUE,FALSE,TRUE,FALSE,FALSE
6885,18,"18 tot 25 jaar",FALSE,TRUE,"Niet mee eens, niet mee oneens",FALSE,"Mee oneens",FALSE,TRUE,TRUE,FALSE,FALSE,FALSE
6886,67,"65 tot 75 jaar",FALSE,TRUE,"Helemaal mee eens",TRUE,"Helemaal mee eens",TRUE,TRUE,TRUE,TRUE,TRUE,TRUE
6887,55,"55 tot 65 jaar",TRUE,TRUE,"Helemaal mee eens",TRUE,"Niet mee eens, niet mee oneens",FALSE,TRUE,TRUE,TRUE,TRUE,TRUE
6888,32,"25 tot 35 jaar",TRUE,TRUE,"Helemaal mee eens",TRUE,"Mee eens",TRUE,TRUE,TRUE,TRUE,TRUE,TRUE
6889,53,"45 tot 55 jaar",TRUE,TRUE,"Helemaal mee eens",TRUE,"Mee eens",TRUE,TRUE,TRUE,TRUE,TRUE,TRUE
6890,32,"25 tot 35 jaar",FALSE,TRUE,"Helemaal mee eens",TRUE,"Niet mee eens, niet mee oneens",FALSE,TRUE,TRUE,TRUE,FALSE,FALSE
6891,67,"65 tot 75 jaar",TRUE,TRUE,"Helemaal mee eens",TRUE,"Helemaal mee eens",TRUE,TRUE,TRUE,TRUE,TRUE,TRUE
6892,32,"25 tot 35 jaar",FALSE,TRUE,"Mee eens",TRUE,"Niet mee eens, niet mee oneens",FALSE,TRUE,FALSE,FALSE,TRUE,FALSE
6893,59,"55 tot 65 jaar",TRUE,TRUE,"Mee eens",TRUE,"Mee eens",TRUE,TRUE,TRUE,FALSE,TRUE,FALSE
6894,62,"55 tot 65 jaar",TRUE,TRUE,"Helemaal mee eens",TRUE,"Mee eens",TRUE,TRUE,TRUE,FALSE,TRUE,TRUE
6895,31,"25 tot 35 jaar",TRUE,TRUE,"Mee eens",TRUE,"Mee oneens",FALSE,FALSE,TRUE,TRUE,FALSE,FALSE
6896,21,"18 tot 25 jaar",FALSE,TRUE,"Helemaal mee eens",TRUE,"Helemaal mee eens",TRUE,TRUE,TRUE,TRUE,TRUE,TRUE
6897,38,"35 tot 45 jaar",FALSE,TRUE,"Niet mee eens, niet mee oneens",FALSE,"Niet mee eens, niet mee oneens",FALSE,TRUE,TRUE,FALSE,FALSE,FALSE
6898,66,"65 tot 75 jaar",FALSE,TRUE,"Mee eens",TRUE,"Niet mee eens, niet mee oneens",FALSE,FALSE,TRUE,TRUE,TRUE,FALSE
6899,45,"45 tot 55 jaar",TRUE,TRUE,"Helemaal mee eens",TRUE,"Mee eens",TRUE,TRUE,FALSE,TRUE,TRUE,TRUE
6900,60,"55 tot 65 jaar",FALSE,TRUE,"Mee eens",TRUE,"Mee eens",TRUE,TRUE,TRUE,TRUE,TRUE,TRUE
6901,83,"75 jaar of ouder",TRUE,TRUE,"Helemaal mee eens",TRUE,"Helemaal mee eens",TRUE,TRUE,TRUE,TRUE,TRUE,TRUE
6902,26,"25 tot 35 jaar",TRUE,TRUE,"Mee eens",TRUE,"Niet mee eens, niet mee oneens",FALSE,TRUE,TRUE,TRUE,TRUE,TRUE
6903,50,"45 tot 55 jaar",FALSE,TRUE,"Helemaal mee eens",TRUE,"Mee eens",TRUE,TRUE,TRUE,FALSE,TRUE,FALSE
6904,22,"18 tot 25 jaar",FALSE,TRUE,"Niet mee eens, niet mee oneens",FALSE,"Niet mee eens, niet mee oneens",FALSE,FALSE,FALSE,FALSE,FALSE,FALSE
6905,20,"18 tot 25 jaar",FALSE,FALSE,"Niet mee eens, niet mee oneens",FALSE,"Mee oneens",FALSE,TRUE,FALSE,FALSE,FALSE,FALSE
6906,74,"65 tot 75 jaar",FALSE,TRUE,"Mee eens",TRUE,"Niet mee eens, niet mee oneens",FALSE,TRUE,TRUE,TRUE,FALSE,TRUE
6907,27,"25 tot 35 jaar",TRUE,TRUE,"Niet mee eens, niet mee oneens",FALSE,"Niet mee eens, niet mee oneens",FALSE,FALSE,TRUE,FALSE,FALSE,FALSE
6908,56,"55 tot 65 jaar",TRUE,TRUE,"Mee eens",TRUE,"Niet mee eens, niet mee oneens",FALSE,TRUE,TRUE,FALSE,FALSE,FALSE
6909,74,"65 tot 75 jaar",TRUE,TRUE,"Mee eens",TRUE,"Mee eens",TRUE,TRUE,TRUE,TRUE,TRUE,TRUE
6910,55,"55 tot 65 jaar",TRUE,TRUE,"Helemaal mee eens",TRUE,"Mee eens",TRUE,TRUE,TRUE,TRUE,TRUE,TRUE
6911,79,"75 jaar of ouder",TRUE,TRUE,"Helemaal mee eens",TRUE,"Mee eens",TRUE,TRUE,TRUE,TRUE,TRUE,TRUE
6912,49,"45 tot 55 jaar",FALSE,FALSE,"Niet mee eens, niet mee oneens",FALSE,"Niet mee eens, niet mee oneens",FALSE,TRUE,TRUE,FALSE,FALSE,FALSE
6913,68,"65 tot 75 jaar",TRUE,TRUE,"Mee eens",TRUE,"Mee eens",TRUE,TRUE,TRUE,FALSE,FALSE,FALSE
6914,35,"35 tot 45 jaar",TRUE,TRUE,"Helemaal mee eens",TRUE,"Mee eens",TRUE,TRUE,TRUE,TRUE,TRUE,TRUE
6915,70,"65 tot 75 jaar",FALSE,TRUE,"Mee eens",TRUE,"Helemaal mee eens",TRUE,TRUE,TRUE,TRUE,TRUE,TRUE
6916,31,"25 tot 35 jaar",FALSE,TRUE,"Helemaal mee eens",TRUE,"Niet mee eens, niet mee oneens",FALSE,TRUE,TRUE,TRUE,TRUE,TRUE
6917,72,"65 tot 75 jaar",TRUE,TRUE,"Helemaal mee eens",TRUE,"Mee eens",TRUE,TRUE,TRUE,TRUE,TRUE,TRUE
6918,68,"65 tot 75 jaar",FALSE,TRUE,"Helemaal mee eens",TRUE,"Mee eens",TRUE,TRUE,TRUE,TRUE,TRUE,TRUE
6919,46,"45 tot 55 jaar",TRUE,TRUE,"Helemaal mee eens",TRUE,"Helemaal mee eens",TRUE,TRUE,TRUE,TRUE,TRUE,TRUE
6920,26,"25 tot 35 jaar",FALSE,TRUE,"Helemaal mee eens",TRUE,"Helemaal mee eens",TRUE,TRUE,TRUE,TRUE,TRUE,TRUE
6921,42,"35 tot 45 jaar",FALSE,TRUE,"Mee eens",TRUE,"Niet mee eens, niet mee oneens",FALSE,FALSE,TRUE,TRUE,TRUE,FALSE
6922,67,"65 tot 75 jaar",TRUE,TRUE,"Helemaal mee eens",TRUE,"Helemaal mee eens",TRUE,TRUE,TRUE,TRUE,TRUE,TRUE
6923,49,"45 tot 55 jaar",FALSE,TRUE,"Mee eens",TRUE,"Mee eens",TRUE,TRUE,TRUE,TRUE,TRUE,TRUE
6924,22,"18 tot 25 jaar",TRUE,TRUE,"Mee eens",TRUE,"Niet mee eens, niet mee oneens",FALSE,FALSE,TRUE,TRUE,TRUE,FALSE
6925,46,"45 tot 55 jaar",TRUE,TRUE,"Mee eens",TRUE,"Mee eens",TRUE,TRUE,TRUE,TRUE,TRUE,FALSE
6926,54,"45 tot 55 jaar",TRUE,TRUE,"Helemaal mee eens",TRUE,"Mee eens",TRUE,TRUE,TRUE,TRUE,TRUE,TRUE
6927,71,"65 tot 75 jaar",TRUE,TRUE,"Mee eens",TRUE,"Mee oneens",FALSE,TRUE,FALSE,TRUE,FALSE,FALSE
6928,43,"35 tot 45 jaar",FALSE,TRUE,"Helemaal mee eens",TRUE,"Niet mee eens, niet mee oneens",FALSE,TRUE,TRUE,TRUE,TRUE,TRUE
6929,65,"65 tot 75 jaar",TRUE,TRUE,"Mee eens",TRUE,"Mee eens",TRUE,TRUE,TRUE,TRUE,TRUE,FALSE
6930,23,"18 tot 25 jaar",FALSE,TRUE,"Mee eens",TRUE,"Niet mee eens, niet mee oneens",FALSE,TRUE,TRUE,TRUE,TRUE,TRUE
6931,31,"25 tot 35 jaar",TRUE,TRUE,"Mee eens",TRUE,"Mee eens",TRUE,FALSE,FALSE,FALSE,TRUE,FALSE
6932,34,"25 tot 35 jaar",FALSE,TRUE,"Mee eens",TRUE,"Niet mee eens, niet mee oneens",FALSE,FALSE,FALSE,FALSE,TRUE,TRUE
6933,63,"55 tot 65 jaar",FALSE,TRUE,"Helemaal mee eens",TRUE,"Mee eens",TRUE,TRUE,TRUE,TRUE,TRUE,TRUE
6934,74,"65 tot 75 jaar",TRUE,TRUE,"Mee eens",TRUE,"Helemaal mee oneens",FALSE,FALSE,TRUE,FALSE,FALSE,FALSE
6935,21,"18 tot 25 jaar",FALSE,TRUE,"Mee eens",TRUE,"Mee eens",TRUE,TRUE,FALSE,FALSE,TRUE,FALSE
6936,42,"35 tot 45 jaar",FALSE,TRUE,"Mee eens",TRUE,"Mee eens",TRUE,TRUE,TRUE,TRUE,TRUE,TRUE
6937,45,"45 tot 55 jaar",FALSE,TRUE,"Helemaal mee eens",TRUE,"Helemaal mee eens",TRUE,TRUE,TRUE,TRUE,TRUE,TRUE
6938,62,"55 tot 65 jaar",FALSE,TRUE,"Helemaal mee eens",TRUE,"Mee eens",TRUE,TRUE,TRUE,TRUE,TRUE,TRUE
6939,39,"35 tot 45 jaar",TRUE,FALSE,"Helemaal mee eens",TRUE,"Mee eens",TRUE,TRUE,TRUE,TRUE,FALSE,FALSE
6940,50,"45 tot 55 jaar",FALSE,TRUE,"Mee eens",TRUE,"Mee eens",TRUE,TRUE,TRUE,TRUE,TRUE,TRUE
6941,54,"45 tot 55 jaar",FALSE,TRUE,"Helemaal mee eens",TRUE,"Mee eens",TRUE,TRUE,TRUE,TRUE,TRUE,TRUE
6942,57,"55 tot 65 jaar",FALSE,TRUE,"Mee eens",TRUE,"Helemaal mee eens",TRUE,TRUE,TRUE,FALSE,TRUE,TRUE
6943,72,"65 tot 75 jaar",FALSE,TRUE,"Mee eens",TRUE,"Mee eens",TRUE,TRUE,TRUE,TRUE,TRUE,TRUE
6944,78,"75 jaar of ouder",TRUE,TRUE,"Niet mee eens, niet mee oneens",FALSE,"Niet mee eens, niet mee oneens",FALSE,TRUE,TRUE,TRUE,TRUE,TRUE
6945,87,"75 jaar of ouder",FALSE,TRUE,"Mee eens",TRUE,"Mee eens",TRUE,TRUE,TRUE,TRUE,TRUE,TRUE
6946,61,"55 tot 65 jaar",TRUE,TRUE,"Helemaal mee eens",TRUE,"Mee eens",TRUE,TRUE,TRUE,TRUE,TRUE,TRUE
6947,79,"75 jaar of ouder",TRUE,TRUE,"Helemaal mee eens",TRUE,"Helemaal mee eens",TRUE,TRUE,TRUE,TRUE,TRUE,TRUE
6948,18,"18 tot 25 jaar",TRUE,TRUE,"Helemaal mee eens",TRUE,"Mee eens",TRUE,TRUE,TRUE,TRUE,TRUE,TRUE
6949,42,"35 tot 45 jaar",FALSE,FALSE,"Mee eens",TRUE,"Niet mee eens, niet mee oneens",FALSE,TRUE,FALSE,FALSE,FALSE,FALSE
6950,52,"45 tot 55 jaar",TRUE,TRUE,"Mee eens",TRUE,"Mee eens",TRUE,TRUE,TRUE,TRUE,FALSE,TRUE
6951,88,"75 jaar of ouder",TRUE,TRUE,"Helemaal mee eens",TRUE,"Mee eens",TRUE,TRUE,TRUE,TRUE,TRUE,TRUE
6952,54,"45 tot 55 jaar",TRUE,TRUE,"Niet mee eens, niet mee oneens",FALSE,"Niet mee eens, niet mee oneens",FALSE,FALSE,TRUE,TRUE,FALSE,FALSE
6953,57,"55 tot 65 jaar",FALSE,TRUE,"Helemaal mee eens",TRUE,"Mee eens",TRUE,TRUE,TRUE,TRUE,TRUE,FALSE
6954,67,"65 tot 75 jaar",FALSE,TRUE,"Mee eens",TRUE,"Helemaal mee eens",TRUE,TRUE,TRUE,TRUE,TRUE,TRUE
6955,73,"65 tot 75 jaar",TRUE,TRUE,"Mee oneens",FALSE,"Mee eens",TRUE,TRUE,TRUE,TRUE,FALSE,FALSE
6956,58,"55 tot 65 jaar",FALSE,TRUE,"Helemaal mee eens",TRUE,"Mee eens",TRUE,TRUE,TRUE,TRUE,TRUE,TRUE
6957,65,"65 tot 75 jaar",FALSE,TRUE,"Mee eens",TRUE,"Helemaal mee eens",TRUE,TRUE,TRUE,FALSE,TRUE,FALSE
6958,40,"35 tot 45 jaar",TRUE,TRUE,"Mee eens",TRUE,"Mee oneens",FALSE,TRUE,TRUE,TRUE,TRUE,FALSE
6959,83,"75 jaar of ouder",TRUE,TRUE,"Helemaal mee eens",TRUE,"Mee eens",TRUE,TRUE,FALSE,TRUE,TRUE,TRUE
6960,29,"25 tot 35 jaar",FALSE,TRUE,"Helemaal mee eens",TRUE,"Mee eens",TRUE,TRUE,FALSE,TRUE,TRUE,TRUE
6961,48,"45 tot 55 jaar",TRUE,TRUE,"Mee eens",TRUE,"Mee eens",TRUE,TRUE,TRUE,FALSE,TRUE,TRUE
6962,57,"55 tot 65 jaar",TRUE,TRUE,"Helemaal mee eens",TRUE,"Helemaal mee eens",TRUE,TRUE,TRUE,TRUE,TRUE,FALSE
6963,88,"75 jaar of ouder",FALSE,TRUE,"Mee eens",TRUE,"Niet mee eens, niet mee oneens",FALSE,TRUE,FALSE,FALSE,FALSE,TRUE
6964,20,"18 tot 25 jaar",FALSE,TRUE,"Helemaal mee eens",TRUE,"Mee eens",TRUE,TRUE,FALSE,TRUE,TRUE,TRUE
6965,35,"35 tot 45 jaar",FALSE,TRUE,"Helemaal mee eens",TRUE,"Helemaal mee eens",TRUE,TRUE,TRUE,FALSE,TRUE,TRUE
6966,67,"65 tot 75 jaar",TRUE,TRUE,"Mee eens",TRUE,"Mee eens",TRUE,TRUE,FALSE,FALSE,TRUE,TRUE
6967,45,"45 tot 55 jaar",TRUE,TRUE,"Mee eens",TRUE,"Mee oneens",FALSE,TRUE,FALSE,FALSE,FALSE,FALSE
6968,37,"35 tot 45 jaar",FALSE,TRUE,"Helemaal mee eens",TRUE,"Mee eens",TRUE,TRUE,TRUE,TRUE,TRUE,TRUE
6969,74,"65 tot 75 jaar",FALSE,TRUE,"Mee eens",TRUE,"Mee eens",TRUE,TRUE,TRUE,TRUE,TRUE,FALSE
6970,87,"75 jaar of ouder",FALSE,TRUE,"Helemaal mee eens",TRUE,"Helemaal mee eens",TRUE,TRUE,TRUE,TRUE,TRUE,TRUE
6971,44,"35 tot 45 jaar",FALSE,TRUE,"Mee eens",TRUE,"Mee eens",TRUE,TRUE,TRUE,TRUE,TRUE,TRUE
6972,58,"55 tot 65 jaar",FALSE,TRUE,"Mee eens",TRUE,"Niet mee eens, niet mee oneens",FALSE,TRUE,TRUE,TRUE,FALSE,TRUE
6973,63,"55 tot 65 jaar",TRUE,TRUE,"Helemaal mee eens",TRUE,"Mee eens",TRUE,TRUE,TRUE,TRUE,TRUE,TRUE
6974,45,"45 tot 55 jaar",TRUE,FALSE,"Niet mee eens, niet mee oneens",FALSE,"Niet mee eens, niet mee oneens",FALSE,TRUE,TRUE,FALSE,FALSE,FALSE
6975,70,"65 tot 75 jaar",TRUE,TRUE,"Mee eens",TRUE,"Mee eens",TRUE,TRUE,TRUE,TRUE,TRUE,TRUE
6976,55,"55 tot 65 jaar",TRUE,TRUE,"Helemaal mee eens",TRUE,"Mee eens",TRUE,TRUE,TRUE,TRUE,TRUE,TRUE
6977,30,"25 tot 35 jaar",TRUE,TRUE,"Mee eens",TRUE,"Mee eens",TRUE,TRUE,TRUE,TRUE,TRUE,TRUE
6978,68,"65 tot 75 jaar",FALSE,TRUE,"Mee eens",TRUE,"Niet mee eens, niet mee oneens",FALSE,TRUE,TRUE,FALSE,FALSE,TRUE
6979,19,"18 tot 25 jaar",FALSE,TRUE,"Mee eens",TRUE,"Niet mee eens, niet mee oneens",FALSE,TRUE,FALSE,TRUE,FALSE,TRUE
6980,28,"25 tot 35 jaar",FALSE,TRUE,"Mee eens",TRUE,"Helemaal mee eens",TRUE,TRUE,TRUE,TRUE,TRUE,TRUE
6981,41,"35 tot 45 jaar",FALSE,TRUE,"Helemaal mee eens",TRUE,"Mee eens",TRUE,TRUE,TRUE,FALSE,TRUE,FALSE
6982,84,"75 jaar of ouder",FALSE,TRUE,"Mee eens",TRUE,"Niet mee eens, niet mee oneens",FALSE,TRUE,TRUE,TRUE,TRUE,FALSE
6983,46,"45 tot 55 jaar",FALSE,TRUE,"Mee oneens",FALSE,"Niet mee eens, niet mee oneens",FALSE,FALSE,TRUE,FALSE,TRUE,TRUE
6984,56,"55 tot 65 jaar",FALSE,TRUE,"Helemaal mee eens",TRUE,"Mee eens",TRUE,TRUE,TRUE,TRUE,TRUE,TRUE
6985,24,"18 tot 25 jaar",FALSE,TRUE,"Mee eens",TRUE,"Niet mee eens, niet mee oneens",FALSE,TRUE,TRUE,TRUE,TRUE,TRUE
6986,28,"25 tot 35 jaar",TRUE,TRUE,"Mee eens",TRUE,"Mee eens",TRUE,TRUE,FALSE,TRUE,TRUE,FALSE
6987,45,"45 tot 55 jaar",FALSE,TRUE,"Mee eens",TRUE,"Mee eens",TRUE,TRUE,TRUE,TRUE,TRUE,TRUE
6988,22,"18 tot 25 jaar",FALSE,TRUE,"Mee eens",TRUE,"Mee eens",TRUE,TRUE,TRUE,FALSE,TRUE,FALSE
6989,57,"55 tot 65 jaar",TRUE,TRUE,"Helemaal mee eens",TRUE,"Mee eens",TRUE,TRUE,TRUE,TRUE,TRUE,TRUE
6990,81,"75 jaar of ouder",FALSE,TRUE,"Mee eens",TRUE,"Mee eens",TRUE,TRUE,TRUE,FALSE,TRUE,FALSE
6991,66,"65 tot 75 jaar",TRUE,TRUE,"Mee eens",TRUE,"Mee eens",TRUE,TRUE,TRUE,TRUE,TRUE,FALSE
6992,32,"25 tot 35 jaar",FALSE,TRUE,"Mee eens",TRUE,"Niet mee eens, niet mee oneens",FALSE,TRUE,TRUE,TRUE,TRUE,FALSE
6993,54,"45 tot 55 jaar",TRUE,TRUE,"Helemaal mee eens",TRUE,"Helemaal mee eens",TRUE,TRUE,TRUE,TRUE,TRUE,TRUE
6994,54,"45 tot 55 jaar",FALSE,TRUE,"Helemaal mee eens",TRUE,"Niet mee eens, niet mee oneens",FALSE,TRUE,TRUE,TRUE,TRUE,TRUE
6995,41,"35 tot 45 jaar",FALSE,TRUE,"Mee eens",TRUE,"Mee eens",TRUE,TRUE,TRUE,TRUE,TRUE,TRUE
6996,38,"35 tot 45 jaar",TRUE,TRUE,"Mee eens",TRUE,"Mee eens",TRUE,TRUE,TRUE,TRUE,TRUE,TRUE
6997,21,"18 tot 25 jaar",FALSE,FALSE,"Mee eens",TRUE,"Mee oneens",FALSE,TRUE,TRUE,TRUE,FALSE,FALSE
6998,39,"35 tot 45 jaar",FALSE,TRUE,"Helemaal mee eens",TRUE,"Mee eens",TRUE,TRUE,TRUE,TRUE,TRUE,TRUE
6999,43,"35 tot 45 jaar",FALSE,TRUE,"Mee eens",TRUE,"Niet mee eens, niet mee oneens",FALSE,FALSE,FALSE,FALSE,FALSE,FALSE
7000,18,"18 tot 25 jaar",FALSE,TRUE,"Helemaal mee eens",TRUE,"Mee eens",TRUE,TRUE,TRUE,TRUE,TRUE,TRUE
7001,30,"25 tot 35 jaar",FALSE,TRUE,"Helemaal mee eens",TRUE,"Mee eens",TRUE,TRUE,TRUE,TRUE,TRUE,TRUE
7002,89,"75 jaar of ouder",FALSE,TRUE,"Mee eens",TRUE,"Niet mee eens, niet mee oneens",FALSE,TRUE,TRUE,TRUE,FALSE,TRUE
7003,30,"25 tot 35 jaar",TRUE,TRUE,"Helemaal mee eens",TRUE,"Mee eens",TRUE,TRUE,TRUE,TRUE,TRUE,TRUE
7004,86,"75 jaar of ouder",TRUE,TRUE,"Mee eens",TRUE,"Niet mee eens, niet mee oneens",FALSE,TRUE,TRUE,FALSE,TRUE,FALSE
7005,74,"65 tot 75 jaar",FALSE,TRUE,"Helemaal mee eens",TRUE,"Mee eens",TRUE,TRUE,TRUE,TRUE,TRUE,TRUE
7006,50,"45 tot 55 jaar",TRUE,TRUE,"Mee eens",TRUE,"Mee eens",TRUE,TRUE,TRUE,FALSE,TRUE,FALSE
7007,18,"18 tot 25 jaar",TRUE,TRUE,"Mee eens",TRUE,"Mee eens",TRUE,TRUE,TRUE,TRUE,TRUE,TRUE
7008,74,"65 tot 75 jaar",FALSE,TRUE,"Mee eens",TRUE,"Mee eens",TRUE,TRUE,TRUE,TRUE,TRUE,TRUE
7009,79,"75 jaar of ouder",FALSE,TRUE,"Helemaal mee eens",TRUE,"Niet mee eens, niet mee oneens",FALSE,TRUE,TRUE,TRUE,TRUE,TRUE
7010,46,"45 tot 55 jaar",TRUE,TRUE,"Helemaal mee eens",TRUE,"Mee eens",TRUE,TRUE,TRUE,TRUE,TRUE,TRUE
7011,74,"65 tot 75 jaar",TRUE,TRUE,"Mee eens",TRUE,"Mee eens",TRUE,TRUE,TRUE,TRUE,TRUE,FALSE
7012,76,"75 jaar of ouder",TRUE,TRUE,"Mee eens",TRUE,"Mee eens",TRUE,FALSE,TRUE,TRUE,FALSE,FALSE
7013,50,"45 tot 55 jaar",TRUE,TRUE,"Mee eens",TRUE,"Mee oneens",FALSE,TRUE,TRUE,FALSE,FALSE,FALSE
7014,82,"75 jaar of ouder",FALSE,TRUE,"Mee eens",TRUE,"Niet mee eens, niet mee oneens",FALSE,TRUE,TRUE,TRUE,TRUE,FALSE
7015,51,"45 tot 55 jaar",TRUE,TRUE,"Helemaal mee eens",TRUE,"Helemaal mee eens",TRUE,TRUE,TRUE,TRUE,TRUE,TRUE
7016,48,"45 tot 55 jaar",TRUE,TRUE,"Mee eens",TRUE,"Mee eens",TRUE,TRUE,FALSE,TRUE,TRUE,TRUE
7017,59,"55 tot 65 jaar",FALSE,TRUE,"Helemaal mee eens",TRUE,"Mee eens",TRUE,TRUE,TRUE,TRUE,TRUE,TRUE
7018,37,"35 tot 45 jaar",TRUE,TRUE,"Helemaal mee eens",TRUE,"Mee eens",TRUE,TRUE,TRUE,TRUE,TRUE,TRUE
7019,50,"45 tot 55 jaar",TRUE,TRUE,"Niet mee eens, niet mee oneens",FALSE,"Mee oneens",FALSE,TRUE,TRUE,FALSE,FALSE,TRUE
7020,61,"55 tot 65 jaar",FALSE,TRUE,"Mee eens",TRUE,"Mee eens",TRUE,TRUE,TRUE,TRUE,TRUE,TRUE
7021,84,"75 jaar of ouder",FALSE,TRUE,"Mee eens",TRUE,"Helemaal mee eens",TRUE,TRUE,TRUE,TRUE,TRUE,FALSE
7022,27,"25 tot 35 jaar",TRUE,TRUE,"Niet mee eens, niet mee oneens",FALSE,"Mee eens",TRUE,FALSE,TRUE,TRUE,FALSE,FALSE
7023,51,"45 tot 55 jaar",FALSE,TRUE,"Mee eens",TRUE,"Niet mee eens, niet mee oneens",FALSE,TRUE,FALSE,TRUE,TRUE,FALSE
7024,47,"45 tot 55 jaar",FALSE,TRUE,"Helemaal mee eens",TRUE,"Niet mee eens, niet mee oneens",FALSE,TRUE,TRUE,TRUE,TRUE,FALSE
7025,43,"35 tot 45 jaar",TRUE,TRUE,"Helemaal mee eens",TRUE,"Mee eens",TRUE,TRUE,FALSE,TRUE,TRUE,FALSE
7026,38,"35 tot 45 jaar",TRUE,TRUE,"Mee eens",TRUE,"Niet mee eens, niet mee oneens",FALSE,TRUE,FALSE,FALSE,FALSE,FALSE
7027,32,"25 tot 35 jaar",FALSE,TRUE,"Helemaal mee eens",TRUE,"Mee eens",TRUE,TRUE,TRUE,TRUE,TRUE,TRUE
7028,47,"45 tot 55 jaar",FALSE,TRUE,"Mee eens",TRUE,"Helemaal mee eens",TRUE,TRUE,TRUE,TRUE,TRUE,TRUE
7029,67,"65 tot 75 jaar",FALSE,TRUE,"Helemaal mee eens",TRUE,"Helemaal mee eens",TRUE,TRUE,TRUE,TRUE,TRUE,TRUE
7030,39,"35 tot 45 jaar",FALSE,TRUE,"Helemaal mee eens",TRUE,"Helemaal mee eens",TRUE,TRUE,TRUE,TRUE,TRUE,TRUE
7031,64,"55 tot 65 jaar",FALSE,TRUE,"Helemaal mee eens",TRUE,"Mee eens",TRUE,TRUE,TRUE,TRUE,TRUE,TRUE
7032,67,"65 tot 75 jaar",FALSE,TRUE,"Mee eens",TRUE,"Helemaal mee eens",TRUE,TRUE,TRUE,TRUE,TRUE,TRUE
7033,77,"75 jaar of ouder",FALSE,TRUE,"Helemaal mee eens",TRUE,"Niet mee eens, niet mee oneens",FALSE,TRUE,TRUE,TRUE,TRUE,FALSE
7034,46,"45 tot 55 jaar",FALSE,TRUE,"Helemaal mee eens",TRUE,"Mee eens",TRUE,FALSE,TRUE,TRUE,TRUE,FALSE
7035,35,"35 tot 45 jaar",FALSE,TRUE,"Mee eens",TRUE,"Niet mee eens, niet mee oneens",FALSE,TRUE,FALSE,TRUE,TRUE,FALSE
7036,35,"35 tot 45 jaar",FALSE,TRUE,"Niet mee eens, niet mee oneens",FALSE,"Niet mee eens, niet mee oneens",FALSE,TRUE,TRUE,TRUE,TRUE,TRUE
7037,67,"65 tot 75 jaar",FALSE,TRUE,"Niet mee eens, niet mee oneens",FALSE,"Mee eens",TRUE,TRUE,TRUE,FALSE,FALSE,TRUE
7038,84,"75 jaar of ouder",FALSE,TRUE,"Helemaal mee eens",TRUE,"Mee eens",TRUE,TRUE,TRUE,TRUE,TRUE,TRUE
7039,56,"55 tot 65 jaar",FALSE,TRUE,"Helemaal mee eens",TRUE,"Mee eens",TRUE,TRUE,TRUE,TRUE,TRUE,TRUE
7040,19,"18 tot 25 jaar",FALSE,TRUE,"Helemaal mee eens",TRUE,"Mee eens",TRUE,TRUE,FALSE,FALSE,TRUE,TRUE
7041,66,"65 tot 75 jaar",FALSE,TRUE,"Helemaal mee eens",TRUE,"Niet mee eens, niet mee oneens",FALSE,FALSE,FALSE,FALSE,FALSE,FALSE
7042,35,"35 tot 45 jaar",FALSE,TRUE,"Helemaal mee eens",TRUE,"Niet mee eens, niet mee oneens",FALSE,TRUE,TRUE,TRUE,TRUE,TRUE
7043,34,"25 tot 35 jaar",FALSE,TRUE,"Helemaal mee eens",TRUE,"Mee oneens",FALSE,TRUE,TRUE,TRUE,TRUE,FALSE
7044,69,"65 tot 75 jaar",FALSE,TRUE,"Mee eens",TRUE,"Niet mee eens, niet mee oneens",FALSE,TRUE,TRUE,TRUE,FALSE,FALSE
7045,28,"25 tot 35 jaar",TRUE,TRUE,"Mee eens",TRUE,"Mee eens",TRUE,TRUE,TRUE,TRUE,TRUE,FALSE
7046,26,"25 tot 35 jaar",FALSE,TRUE,"Helemaal mee eens",TRUE,"Niet mee eens, niet mee oneens",FALSE,TRUE,TRUE,FALSE,FALSE,FALSE
7047,82,"75 jaar of ouder",TRUE,TRUE,"Mee eens",TRUE,"Mee eens",TRUE,TRUE,TRUE,TRUE,TRUE,TRUE
7048,78,"75 jaar of ouder",FALSE,TRUE,"Niet mee eens, niet mee oneens",FALSE,"Niet mee eens, niet mee oneens",FALSE,TRUE,TRUE,FALSE,FALSE,TRUE
7049,30,"25 tot 35 jaar",FALSE,FALSE,"Niet mee eens, niet mee oneens",FALSE,"Mee eens",TRUE,TRUE,TRUE,TRUE,TRUE,TRUE
7050,23,"18 tot 25 jaar",FALSE,TRUE,"Mee eens",TRUE,"Niet mee eens, niet mee oneens",FALSE,TRUE,TRUE,FALSE,FALSE,FALSE
7051,70,"65 tot 75 jaar",TRUE,TRUE,"Mee eens",TRUE,"Mee eens",TRUE,TRUE,FALSE,TRUE,TRUE,TRUE
7052,45,"45 tot 55 jaar",TRUE,TRUE,"Mee eens",TRUE,"Mee eens",TRUE,TRUE,TRUE,TRUE,FALSE,FALSE
7053,36,"35 tot 45 jaar",TRUE,TRUE,"Mee eens",TRUE,"Helemaal mee eens",TRUE,TRUE,TRUE,TRUE,TRUE,TRUE
7054,51,"45 tot 55 jaar",TRUE,TRUE,"Helemaal mee eens",TRUE,"Helemaal mee eens",TRUE,TRUE,TRUE,TRUE,TRUE,TRUE
7055,70,"65 tot 75 jaar",FALSE,TRUE,"Helemaal mee eens",TRUE,"Mee eens",TRUE,TRUE,TRUE,TRUE,TRUE,TRUE
7056,23,"18 tot 25 jaar",TRUE,FALSE,"Helemaal mee eens",TRUE,"Mee eens",TRUE,TRUE,TRUE,TRUE,TRUE,TRUE
7057,51,"45 tot 55 jaar",TRUE,TRUE,"Helemaal mee eens",TRUE,"Mee eens",TRUE,TRUE,TRUE,TRUE,TRUE,TRUE
7058,68,"65 tot 75 jaar",TRUE,TRUE,"Mee eens",TRUE,"Niet mee eens, niet mee oneens",FALSE,TRUE,TRUE,TRUE,FALSE,FALSE
7059,63,"55 tot 65 jaar",FALSE,TRUE,"Helemaal mee eens",TRUE,"Helemaal mee eens",TRUE,TRUE,TRUE,TRUE,TRUE,TRUE
7060,64,"55 tot 65 jaar",FALSE,TRUE,"Mee eens",TRUE,"Niet mee eens, niet mee oneens",FALSE,TRUE,FALSE,FALSE,FALSE,FALSE
7061,66,"65 tot 75 jaar",FALSE,TRUE,"Helemaal mee eens",TRUE,"Niet mee eens, niet mee oneens",FALSE,TRUE,TRUE,TRUE,TRUE,TRUE
7062,66,"65 tot 75 jaar",FALSE,TRUE,"Helemaal mee eens",TRUE,"Niet mee eens, niet mee oneens",FALSE,TRUE,TRUE,TRUE,TRUE,TRUE
7063,63,"55 tot 65 jaar",TRUE,TRUE,"Mee eens",TRUE,"Helemaal mee eens",TRUE,TRUE,TRUE,TRUE,TRUE,TRUE
7064,25,"25 tot 35 jaar",FALSE,TRUE,"Niet mee eens, niet mee oneens",FALSE,"Mee eens",TRUE,TRUE,TRUE,TRUE,FALSE,TRUE
7065,86,"75 jaar of ouder",TRUE,TRUE,"Helemaal mee eens",TRUE,"Mee eens",TRUE,TRUE,TRUE,TRUE,TRUE,TRUE
7066,69,"65 tot 75 jaar",FALSE,TRUE,"Mee eens",TRUE,"Mee eens",TRUE,TRUE,TRUE,TRUE,TRUE,TRUE
7067,80,"75 jaar of ouder",TRUE,TRUE,"Mee eens",TRUE,"Mee eens",TRUE,TRUE,FALSE,TRUE,FALSE,TRUE
7068,25,"25 tot 35 jaar",FALSE,TRUE,"Mee eens",TRUE,"Mee eens",TRUE,TRUE,FALSE,FALSE,FALSE,FALSE
7069,23,"18 tot 25 jaar",FALSE,TRUE,"Mee eens",TRUE,"Mee eens",TRUE,TRUE,TRUE,TRUE,TRUE,TRUE
7070,68,"65 tot 75 jaar",FALSE,TRUE,"Mee eens",TRUE,"Mee eens",TRUE,FALSE,TRUE,TRUE,TRUE,TRUE
7071,47,"45 tot 55 jaar",FALSE,TRUE,"Mee eens",TRUE,"Niet mee eens, niet mee oneens",FALSE,TRUE,TRUE,TRUE,TRUE,FALSE
7072,37,"35 tot 45 jaar",TRUE,TRUE,"Mee eens",TRUE,"Mee eens",TRUE,TRUE,TRUE,TRUE,TRUE,FALSE
7073,68,"65 tot 75 jaar",TRUE,TRUE,"Mee eens",TRUE,"Niet mee eens, niet mee oneens",FALSE,TRUE,FALSE,TRUE,FALSE,FALSE
7074,58,"55 tot 65 jaar",TRUE,TRUE,"Mee eens",TRUE,"Mee oneens",FALSE,FALSE,FALSE,FALSE,FALSE,FALSE
7075,23,"18 tot 25 jaar",FALSE,TRUE,"Helemaal mee eens",TRUE,"Mee eens",TRUE,TRUE,TRUE,TRUE,TRUE,TRUE
7076,69,"65 tot 75 jaar",TRUE,TRUE,"Helemaal mee eens",TRUE,"Mee eens",TRUE,TRUE,TRUE,TRUE,TRUE,TRUE
7077,88,"75 jaar of ouder",FALSE,FALSE,"Mee eens",TRUE,"Niet mee eens, niet mee oneens",FALSE,TRUE,TRUE,FALSE,FALSE,FALSE
7078,41,"35 tot 45 jaar",FALSE,TRUE,"Mee eens",TRUE,"Mee eens",TRUE,TRUE,TRUE,FALSE,TRUE,TRUE
7079,64,"55 tot 65 jaar",FALSE,TRUE,"Mee eens",TRUE,"Mee eens",TRUE,TRUE,TRUE,TRUE,TRUE,TRUE
7080,68,"65 tot 75 jaar",FALSE,TRUE,"Helemaal mee eens",TRUE,"Niet mee eens, niet mee oneens",FALSE,TRUE,TRUE,TRUE,TRUE,TRUE
7081,66,"65 tot 75 jaar",FALSE,TRUE,"Helemaal mee eens",TRUE,"Mee eens",TRUE,TRUE,TRUE,TRUE,TRUE,TRUE
7082,37,"35 tot 45 jaar",FALSE,TRUE,"Mee eens",TRUE,"Mee eens",TRUE,FALSE,TRUE,TRUE,TRUE,TRUE
7083,85,"75 jaar of ouder",TRUE,TRUE,"Mee eens",TRUE,"Mee eens",TRUE,TRUE,TRUE,TRUE,TRUE,TRUE
7084,78,"75 jaar of ouder",FALSE,TRUE,"Helemaal mee eens",TRUE,"Mee eens",TRUE,TRUE,TRUE,TRUE,TRUE,FALSE
7085,41,"35 tot 45 jaar",TRUE,TRUE,"Helemaal mee eens",TRUE,"Mee eens",TRUE,TRUE,TRUE,TRUE,TRUE,TRUE
7086,45,"45 tot 55 jaar",TRUE,TRUE,"Helemaal mee eens",TRUE,"Mee eens",TRUE,TRUE,TRUE,TRUE,TRUE,TRUE
7087,82,"75 jaar of ouder",FALSE,TRUE,"Helemaal mee eens",TRUE,"Helemaal mee eens",TRUE,TRUE,TRUE,TRUE,TRUE,TRUE
7088,53,"45 tot 55 jaar",FALSE,TRUE,"Niet mee eens, niet mee oneens",FALSE,"Niet mee eens, niet mee oneens",FALSE,TRUE,TRUE,TRUE,TRUE,FALSE
7089,83,"75 jaar of ouder",FALSE,TRUE,"Helemaal mee eens",TRUE,"Mee eens",TRUE,TRUE,TRUE,TRUE,TRUE,TRUE
7090,52,"45 tot 55 jaar",TRUE,TRUE,"Mee eens",TRUE,"Mee eens",TRUE,TRUE,TRUE,TRUE,TRUE,TRUE
7091,54,"45 tot 55 jaar",TRUE,TRUE,"Mee eens",TRUE,"Mee eens",TRUE,TRUE,TRUE,TRUE,TRUE,TRUE
7092,26,"25 tot 35 jaar",TRUE,TRUE,"Mee eens",TRUE,"Mee eens",TRUE,TRUE,TRUE,TRUE,TRUE,TRUE
7093,64,"55 tot 65 jaar",TRUE,TRUE,"Mee eens",TRUE,"Mee oneens",FALSE,TRUE,FALSE,TRUE,FALSE,FALSE
7094,80,"75 jaar of ouder",FALSE,TRUE,"Niet mee eens, niet mee oneens",FALSE,"Niet mee eens, niet mee oneens",FALSE,TRUE,TRUE,FALSE,FALSE,TRUE
7095,88,"75 jaar of ouder",FALSE,TRUE,"Mee eens",TRUE,"Helemaal mee eens",TRUE,TRUE,TRUE,TRUE,TRUE,TRUE
7096,43,"35 tot 45 jaar",FALSE,TRUE,"Helemaal mee eens",TRUE,"Helemaal mee eens",TRUE,TRUE,TRUE,TRUE,TRUE,TRUE
7097,25,"25 tot 35 jaar",FALSE,FALSE,"Helemaal mee eens",TRUE,"Helemaal mee eens",TRUE,TRUE,TRUE,TRUE,TRUE,TRUE
7098,51,"45 tot 55 jaar",TRUE,TRUE,"Mee eens",TRUE,"Mee oneens",FALSE,TRUE,FALSE,FALSE,TRUE,TRUE
7099,74,"65 tot 75 jaar",TRUE,TRUE,"Mee eens",TRUE,"Niet mee eens, niet mee oneens",FALSE,TRUE,TRUE,TRUE,TRUE,FALSE
7100,24,"18 tot 25 jaar",FALSE,TRUE,"Helemaal mee eens",TRUE,"Mee eens",TRUE,TRUE,TRUE,TRUE,TRUE,TRUE
7101,28,"25 tot 35 jaar",FALSE,TRUE,"Mee eens",TRUE,"Niet mee eens, niet mee oneens",FALSE,TRUE,TRUE,TRUE,FALSE,TRUE
7102,25,"25 tot 35 jaar",TRUE,FALSE,"Mee eens",TRUE,"Mee eens",TRUE,TRUE,FALSE,TRUE,FALSE,TRUE
7103,64,"55 tot 65 jaar",FALSE,TRUE,"Helemaal mee eens",TRUE,"Mee eens",TRUE,TRUE,TRUE,FALSE,TRUE,FALSE
7104,42,"35 tot 45 jaar",FALSE,TRUE,"Mee eens",TRUE,"Mee eens",TRUE,TRUE,TRUE,TRUE,TRUE,FALSE
7105,39,"35 tot 45 jaar",FALSE,TRUE,"Mee eens",TRUE,"Mee eens",TRUE,TRUE,TRUE,TRUE,TRUE,TRUE
7106,66,"65 tot 75 jaar",TRUE,TRUE,"Helemaal mee eens",TRUE,"Mee eens",TRUE,TRUE,TRUE,TRUE,TRUE,TRUE
7107,72,"65 tot 75 jaar",FALSE,TRUE,"Helemaal mee eens",TRUE,"Niet mee eens, niet mee oneens",FALSE,TRUE,FALSE,TRUE,TRUE,FALSE
7108,70,"65 tot 75 jaar",FALSE,TRUE,"Helemaal mee eens",TRUE,"Helemaal mee eens",TRUE,TRUE,TRUE,TRUE,TRUE,TRUE
7109,59,"55 tot 65 jaar",TRUE,TRUE,"Mee eens",TRUE,"Mee eens",TRUE,TRUE,FALSE,FALSE,TRUE,TRUE
7110,28,"25 tot 35 jaar",TRUE,TRUE,"Mee eens",TRUE,"Mee oneens",FALSE,TRUE,TRUE,TRUE,FALSE,FALSE
7111,53,"45 tot 55 jaar",TRUE,TRUE,"Mee eens",TRUE,"Mee eens",TRUE,TRUE,TRUE,TRUE,TRUE,TRUE
7112,39,"35 tot 45 jaar",TRUE,TRUE,"Helemaal mee eens",TRUE,"Mee eens",TRUE,TRUE,TRUE,FALSE,TRUE,TRUE
7113,53,"45 tot 55 jaar",TRUE,TRUE,"Mee eens",TRUE,"Mee eens",TRUE,FALSE,TRUE,TRUE,FALSE,TRUE
7114,44,"35 tot 45 jaar",TRUE,TRUE,"Helemaal mee eens",TRUE,"Helemaal mee eens",TRUE,TRUE,TRUE,TRUE,TRUE,TRUE
7115,27,"25 tot 35 jaar",TRUE,TRUE,"Helemaal mee eens",TRUE,"Helemaal mee eens",TRUE,TRUE,TRUE,TRUE,TRUE,FALSE
7116,72,"65 tot 75 jaar",TRUE,TRUE,"Niet mee eens, niet mee oneens",FALSE,"Niet mee eens, niet mee oneens",FALSE,TRUE,FALSE,FALSE,FALSE,FALSE
7117,21,"18 tot 25 jaar",TRUE,TRUE,"Mee eens",TRUE,"Mee eens",TRUE,FALSE,TRUE,FALSE,FALSE,FALSE
7118,63,"55 tot 65 jaar",FALSE,TRUE,"Mee eens",TRUE,"Niet mee eens, niet mee oneens",FALSE,TRUE,TRUE,TRUE,TRUE,TRUE
7119,29,"25 tot 35 jaar",TRUE,TRUE,"Helemaal mee eens",TRUE,"Helemaal mee eens",TRUE,TRUE,TRUE,TRUE,TRUE,TRUE
7120,18,"18 tot 25 jaar",FALSE,TRUE,"Mee eens",TRUE,"Niet mee eens, niet mee oneens",FALSE,TRUE,FALSE,TRUE,TRUE,TRUE
7121,43,"35 tot 45 jaar",FALSE,TRUE,"Mee eens",TRUE,"Mee eens",TRUE,TRUE,TRUE,TRUE,FALSE,TRUE
7122,80,"75 jaar of ouder",TRUE,TRUE,"Mee eens",TRUE,"Mee oneens",FALSE,FALSE,TRUE,FALSE,FALSE,FALSE
7123,55,"55 tot 65 jaar",TRUE,TRUE,"Mee eens",TRUE,"Helemaal mee eens",TRUE,TRUE,TRUE,TRUE,TRUE,FALSE
7124,27,"25 tot 35 jaar",FALSE,TRUE,"Helemaal mee eens",TRUE,"Mee eens",TRUE,TRUE,TRUE,TRUE,TRUE,TRUE
7125,36,"35 tot 45 jaar",FALSE,TRUE,"Mee eens",TRUE,"Niet mee eens, niet mee oneens",FALSE,TRUE,FALSE,FALSE,FALSE,TRUE
7126,19,"18 tot 25 jaar",FALSE,TRUE,"Helemaal mee eens",TRUE,"Helemaal mee eens",TRUE,TRUE,TRUE,TRUE,TRUE,TRUE
7127,21,"18 tot 25 jaar",FALSE,TRUE,"Mee eens",TRUE,"Niet mee eens, niet mee oneens",FALSE,TRUE,TRUE,TRUE,TRUE,TRUE
7128,41,"35 tot 45 jaar",FALSE,TRUE,"Mee eens",TRUE,"Mee eens",TRUE,TRUE,TRUE,TRUE,TRUE,FALSE
7129,68,"65 tot 75 jaar",TRUE,TRUE,"Mee eens",TRUE,"Helemaal mee eens",TRUE,TRUE,TRUE,TRUE,TRUE,TRUE
7130,52,"45 tot 55 jaar",FALSE,TRUE,"Mee eens",TRUE,"Niet mee eens, niet mee oneens",FALSE,TRUE,TRUE,TRUE,TRUE,TRUE
7131,89,"75 jaar of ouder",TRUE,TRUE,"Helemaal mee eens",TRUE,"Mee eens",TRUE,TRUE,TRUE,TRUE,TRUE,TRUE
7132,32,"25 tot 35 jaar",FALSE,TRUE,"Helemaal mee eens",TRUE,"Helemaal mee eens",TRUE,TRUE,TRUE,TRUE,TRUE,TRUE
7133,53,"45 tot 55 jaar",TRUE,TRUE,"Mee eens",TRUE,"Mee eens",TRUE,TRUE,TRUE,TRUE,TRUE,TRUE
7134,49,"45 tot 55 jaar",FALSE,TRUE,"Helemaal mee eens",TRUE,"Helemaal mee eens",TRUE,TRUE,TRUE,TRUE,TRUE,TRUE
7135,74,"65 tot 75 jaar",TRUE,TRUE,"Mee eens",TRUE,"Mee eens",TRUE,TRUE,TRUE,FALSE,TRUE,TRUE
7136,54,"45 tot 55 jaar",FALSE,TRUE,"Mee eens",TRUE,"Mee eens",TRUE,TRUE,TRUE,TRUE,TRUE,TRUE
7137,80,"75 jaar of ouder",TRUE,TRUE,"Helemaal mee eens",TRUE,"Mee eens",TRUE,TRUE,TRUE,FALSE,TRUE,TRUE
7138,59,"55 tot 65 jaar",FALSE,TRUE,"Mee eens",TRUE,"Helemaal mee eens",TRUE,TRUE,TRUE,TRUE,TRUE,TRUE
7139,33,"25 tot 35 jaar",FALSE,TRUE,"Mee eens",TRUE,"Niet mee eens, niet mee oneens",FALSE,FALSE,FALSE,TRUE,TRUE,FALSE
7140,35,"35 tot 45 jaar",FALSE,TRUE,"Mee eens",TRUE,"Niet mee eens, niet mee oneens",FALSE,TRUE,TRUE,TRUE,FALSE,FALSE
7141,76,"75 jaar of ouder",FALSE,TRUE,"Mee eens",TRUE,"Mee oneens",FALSE,FALSE,FALSE,FALSE,FALSE,FALSE
7142,30,"25 tot 35 jaar",TRUE,TRUE,"Mee eens",TRUE,"Niet mee eens, niet mee oneens",FALSE,TRUE,TRUE,TRUE,TRUE,TRUE
7143,35,"35 tot 45 jaar",FALSE,TRUE,"Mee eens",TRUE,"Mee eens",TRUE,TRUE,TRUE,FALSE,TRUE,TRUE
7144,64,"55 tot 65 jaar",TRUE,TRUE,"Helemaal mee eens",TRUE,"Helemaal mee eens",TRUE,TRUE,TRUE,TRUE,TRUE,TRUE
7145,62,"55 tot 65 jaar",TRUE,TRUE,"Mee eens",TRUE,"Mee eens",TRUE,TRUE,TRUE,TRUE,TRUE,FALSE
7146,56,"55 tot 65 jaar",FALSE,TRUE,"Helemaal mee eens",TRUE,"Mee eens",TRUE,TRUE,FALSE,TRUE,TRUE,FALSE
7147,80,"75 jaar of ouder",TRUE,FALSE,"Helemaal mee eens",TRUE,"Niet mee eens, niet mee oneens",FALSE,TRUE,FALSE,TRUE,TRUE,TRUE
7148,27,"25 tot 35 jaar",FALSE,TRUE,"Mee eens",TRUE,"Mee eens",TRUE,TRUE,TRUE,TRUE,TRUE,TRUE
7149,45,"45 tot 55 jaar",FALSE,TRUE,"Helemaal mee eens",TRUE,"Niet mee eens, niet mee oneens",FALSE,TRUE,TRUE,TRUE,TRUE,FALSE
7150,67,"65 tot 75 jaar",TRUE,TRUE,"Helemaal mee eens",TRUE,"Mee eens",TRUE,TRUE,TRUE,TRUE,TRUE,TRUE
7151,63,"55 tot 65 jaar",TRUE,TRUE,"Helemaal mee eens",TRUE,"Mee eens",TRUE,TRUE,TRUE,FALSE,TRUE,TRUE
7152,23,"18 tot 25 jaar",FALSE,TRUE,"Mee eens",TRUE,"Mee eens",TRUE,TRUE,TRUE,TRUE,TRUE,TRUE
7153,35,"35 tot 45 jaar",TRUE,TRUE,"Mee eens",TRUE,"Mee eens",TRUE,TRUE,TRUE,TRUE,TRUE,FALSE
7154,61,"55 tot 65 jaar",TRUE,TRUE,"Helemaal mee eens",TRUE,"Mee eens",TRUE,TRUE,TRUE,TRUE,TRUE,TRUE
7155,58,"55 tot 65 jaar",TRUE,TRUE,"Helemaal mee eens",TRUE,"Mee eens",TRUE,TRUE,TRUE,TRUE,TRUE,TRUE
7156,58,"55 tot 65 jaar",FALSE,TRUE,"Mee eens",TRUE,"Mee oneens",FALSE,TRUE,TRUE,TRUE,TRUE,FALSE
7157,78,"75 jaar of ouder",FALSE,TRUE,"Helemaal mee eens",TRUE,"Helemaal mee eens",TRUE,TRUE,TRUE,TRUE,TRUE,TRUE
7158,35,"35 tot 45 jaar",FALSE,TRUE,"Helemaal mee eens",TRUE,"Niet mee eens, niet mee oneens",FALSE,TRUE,FALSE,FALSE,TRUE,FALSE
7159,40,"35 tot 45 jaar",TRUE,FALSE,"Helemaal mee eens",TRUE,"Mee eens",TRUE,TRUE,TRUE,TRUE,TRUE,TRUE
7160,57,"55 tot 65 jaar",TRUE,FALSE,"Mee eens",TRUE,"Mee eens",TRUE,TRUE,TRUE,FALSE,TRUE,TRUE
7161,23,"18 tot 25 jaar",TRUE,TRUE,"Mee eens",TRUE,"Niet mee eens, niet mee oneens",FALSE,TRUE,TRUE,FALSE,FALSE,FALSE
7162,24,"18 tot 25 jaar",FALSE,TRUE,"Helemaal mee eens",TRUE,"Mee eens",TRUE,TRUE,TRUE,TRUE,TRUE,TRUE
7163,70,"65 tot 75 jaar",TRUE,TRUE,"Mee eens",TRUE,"Mee eens",TRUE,TRUE,TRUE,FALSE,TRUE,TRUE
7164,34,"25 tot 35 jaar",FALSE,TRUE,"Mee eens",TRUE,"Helemaal mee eens",TRUE,TRUE,TRUE,TRUE,TRUE,TRUE
7165,67,"65 tot 75 jaar",TRUE,TRUE,"Mee eens",TRUE,"Niet mee eens, niet mee oneens",FALSE,TRUE,TRUE,FALSE,FALSE,TRUE
7166,69,"65 tot 75 jaar",TRUE,TRUE,"Niet mee eens, niet mee oneens",FALSE,"Niet mee eens, niet mee oneens",FALSE,TRUE,FALSE,TRUE,FALSE,FALSE
7167,46,"45 tot 55 jaar",FALSE,TRUE,"Helemaal mee eens",TRUE,"Mee eens",TRUE,TRUE,TRUE,TRUE,TRUE,TRUE
7168,32,"25 tot 35 jaar",FALSE,TRUE,"Niet mee eens, niet mee oneens",FALSE,"Mee oneens",FALSE,FALSE,TRUE,FALSE,FALSE,TRUE
7169,73,"65 tot 75 jaar",FALSE,TRUE,"Mee eens",TRUE,"Niet mee eens, niet mee oneens",FALSE,TRUE,TRUE,TRUE,TRUE,TRUE
7170,63,"55 tot 65 jaar",TRUE,TRUE,"Mee eens",TRUE,"Mee oneens",FALSE,TRUE,TRUE,TRUE,TRUE,FALSE
7171,65,"65 tot 75 jaar",TRUE,TRUE,"Helemaal mee eens",TRUE,"Helemaal mee eens",TRUE,TRUE,TRUE,TRUE,TRUE,TRUE
7172,44,"35 tot 45 jaar",FALSE,TRUE,"Mee eens",TRUE,"Mee eens",TRUE,FALSE,TRUE,TRUE,TRUE,TRUE
7173,63,"55 tot 65 jaar",TRUE,TRUE,"Mee eens",TRUE,"Mee eens",TRUE,TRUE,FALSE,TRUE,TRUE,TRUE
7174,25,"25 tot 35 jaar",TRUE,TRUE,"Mee eens",TRUE,"Mee eens",TRUE,TRUE,TRUE,TRUE,TRUE,TRUE
7175,18,"18 tot 25 jaar",FALSE,TRUE,"Mee eens",TRUE,"Helemaal mee eens",TRUE,TRUE,TRUE,TRUE,TRUE,TRUE
7176,45,"45 tot 55 jaar",FALSE,TRUE,"Mee eens",TRUE,"Mee eens",TRUE,TRUE,TRUE,TRUE,TRUE,FALSE
7177,27,"25 tot 35 jaar",TRUE,TRUE,"Mee eens",TRUE,"Mee eens",TRUE,TRUE,TRUE,TRUE,TRUE,FALSE
7178,85,"75 jaar of ouder",TRUE,TRUE,"Helemaal mee eens",TRUE,"Mee eens",TRUE,TRUE,TRUE,TRUE,TRUE,TRUE
7179,33,"25 tot 35 jaar",FALSE,TRUE,"Helemaal mee eens",TRUE,"Niet mee eens, niet mee oneens",FALSE,TRUE,TRUE,TRUE,TRUE,FALSE
7180,75,"75 jaar of ouder",TRUE,TRUE,"Helemaal mee eens",TRUE,"Helemaal mee eens",TRUE,TRUE,TRUE,TRUE,TRUE,TRUE
7181,86,"75 jaar of ouder",FALSE,FALSE,"Helemaal mee eens",TRUE,"Helemaal mee eens",TRUE,TRUE,TRUE,TRUE,TRUE,TRUE
7182,78,"75 jaar of ouder",TRUE,TRUE,"Mee eens",TRUE,"Niet mee eens, niet mee oneens",FALSE,TRUE,FALSE,TRUE,TRUE,FALSE
7183,50,"45 tot 55 jaar",TRUE,TRUE,"Mee eens",TRUE,"Mee oneens",FALSE,TRUE,TRUE,TRUE,TRUE,TRUE
7184,23,"18 tot 25 jaar",FALSE,TRUE,"Mee eens",TRUE,"Niet mee eens, niet mee oneens",FALSE,TRUE,TRUE,FALSE,TRUE,FALSE
7185,89,"75 jaar of ouder",TRUE,TRUE,"Helemaal mee eens",TRUE,"Helemaal mee eens",TRUE,TRUE,TRUE,TRUE,TRUE,TRUE
7186,45,"45 tot 55 jaar",TRUE,TRUE,"Mee eens",TRUE,"Mee eens",TRUE,TRUE,FALSE,FALSE,TRUE,FALSE
7187,21,"18 tot 25 jaar",FALSE,TRUE,"Mee eens",TRUE,"Mee eens",TRUE,TRUE,TRUE,TRUE,TRUE,TRUE
7188,19,"18 tot 25 jaar",FALSE,TRUE,"Helemaal mee eens",TRUE,"Helemaal mee eens",TRUE,TRUE,TRUE,TRUE,TRUE,TRUE
7189,36,"35 tot 45 jaar",TRUE,TRUE,"Mee eens",TRUE,"Mee eens",TRUE,TRUE,TRUE,TRUE,TRUE,FALSE
7190,69,"65 tot 75 jaar",FALSE,TRUE,"Mee oneens",FALSE,"Niet mee eens, niet mee oneens",FALSE,TRUE,TRUE,TRUE,FALSE,FALSE
7191,56,"55 tot 65 jaar",TRUE,TRUE,"Mee eens",TRUE,"Mee eens",TRUE,TRUE,TRUE,TRUE,FALSE,TRUE
7192,58,"55 tot 65 jaar",FALSE,TRUE,"Mee eens",TRUE,"Mee eens",TRUE,TRUE,TRUE,TRUE,TRUE,TRUE
7193,84,"75 jaar of ouder",FALSE,TRUE,"Helemaal mee eens",TRUE,"Helemaal mee eens",TRUE,TRUE,TRUE,TRUE,TRUE,TRUE
7194,46,"45 tot 55 jaar",FALSE,TRUE,"Niet mee eens, niet mee oneens",FALSE,"Niet mee eens, niet mee oneens",FALSE,FALSE,FALSE,FALSE,FALSE,FALSE
7195,45,"45 tot 55 jaar",TRUE,TRUE,"Helemaal mee eens",TRUE,"Helemaal mee eens",TRUE,TRUE,TRUE,TRUE,TRUE,TRUE
7196,41,"35 tot 45 jaar",FALSE,TRUE,"Helemaal mee eens",TRUE,"Mee eens",TRUE,TRUE,TRUE,TRUE,TRUE,TRUE
7197,29,"25 tot 35 jaar",FALSE,TRUE,"Niet mee eens, niet mee oneens",FALSE,"Mee eens",TRUE,FALSE,TRUE,FALSE,FALSE,FALSE
7198,58,"55 tot 65 jaar",TRUE,TRUE,"Mee eens",TRUE,"Helemaal mee eens",TRUE,TRUE,TRUE,TRUE,TRUE,TRUE
7199,29,"25 tot 35 jaar",TRUE,TRUE,"Helemaal mee eens",TRUE,"Niet mee eens, niet mee oneens",FALSE,TRUE,FALSE,TRUE,TRUE,TRUE
7200,51,"45 tot 55 jaar",TRUE,TRUE,"Mee eens",TRUE,"Mee eens",TRUE,TRUE,TRUE,TRUE,TRUE,TRUE
7201,33,"25 tot 35 jaar",FALSE,TRUE,"Niet mee eens, niet mee oneens",FALSE,"Niet mee eens, niet mee oneens",FALSE,TRUE,TRUE,FALSE,FALSE,FALSE
7202,19,"18 tot 25 jaar",TRUE,TRUE,"Mee eens",TRUE,"Niet mee eens, niet mee oneens",FALSE,TRUE,TRUE,TRUE,TRUE,TRUE
7203,79,"75 jaar of ouder",FALSE,TRUE,"Mee eens",TRUE,"Niet mee eens, niet mee oneens",FALSE,FALSE,TRUE,FALSE,TRUE,FALSE
7204,38,"35 tot 45 jaar",FALSE,FALSE,"Helemaal mee eens",TRUE,"Mee eens",TRUE,TRUE,FALSE,TRUE,TRUE,FALSE
7205,75,"75 jaar of ouder",TRUE,TRUE,"Mee eens",TRUE,"Mee eens",TRUE,TRUE,TRUE,TRUE,TRUE,TRUE
7206,63,"55 tot 65 jaar",FALSE,TRUE,"Mee eens",TRUE,"Mee eens",TRUE,TRUE,TRUE,TRUE,TRUE,TRUE
7207,41,"35 tot 45 jaar",FALSE,TRUE,"Helemaal mee eens",TRUE,"Helemaal mee eens",TRUE,TRUE,FALSE,TRUE,TRUE,TRUE
7208,81,"75 jaar of ouder",TRUE,TRUE,"Mee eens",TRUE,"Niet mee eens, niet mee oneens",FALSE,FALSE,TRUE,FALSE,FALSE,FALSE
7209,21,"18 tot 25 jaar",FALSE,FALSE,"Helemaal mee eens",TRUE,"Helemaal mee eens",TRUE,TRUE,TRUE,TRUE,TRUE,TRUE
7210,19,"18 tot 25 jaar",TRUE,TRUE,"Mee eens",TRUE,"Helemaal mee eens",TRUE,TRUE,FALSE,FALSE,TRUE,TRUE
7211,44,"35 tot 45 jaar",TRUE,TRUE,"Niet mee eens, niet mee oneens",FALSE,"Niet mee eens, niet mee oneens",FALSE,FALSE,FALSE,FALSE,FALSE,FALSE
7212,31,"25 tot 35 jaar",TRUE,TRUE,"Mee eens",TRUE,"Mee eens",TRUE,TRUE,TRUE,TRUE,FALSE,FALSE
7213,49,"45 tot 55 jaar",TRUE,TRUE,"Mee eens",TRUE,"Mee eens",TRUE,TRUE,FALSE,TRUE,FALSE,FALSE
7214,58,"55 tot 65 jaar",FALSE,TRUE,"Niet mee eens, niet mee oneens",FALSE,"Mee oneens",FALSE,TRUE,FALSE,FALSE,FALSE,FALSE
7215,62,"55 tot 65 jaar",TRUE,TRUE,"Helemaal mee eens",TRUE,"Mee eens",TRUE,FALSE,TRUE,TRUE,TRUE,TRUE
7216,69,"65 tot 75 jaar",TRUE,TRUE,"Helemaal mee eens",TRUE,"Mee eens",TRUE,TRUE,TRUE,TRUE,TRUE,TRUE
7217,63,"55 tot 65 jaar",TRUE,TRUE,"Helemaal mee eens",TRUE,"Mee eens",TRUE,TRUE,TRUE,TRUE,TRUE,FALSE
7218,66,"65 tot 75 jaar",FALSE,TRUE,"Helemaal mee eens",TRUE,"Mee eens",TRUE,TRUE,TRUE,TRUE,TRUE,TRUE
7219,77,"75 jaar of ouder",FALSE,FALSE,"Mee eens",TRUE,"Niet mee eens, niet mee oneens",FALSE,FALSE,FALSE,TRUE,TRUE,TRUE
7220,41,"35 tot 45 jaar",FALSE,FALSE,"Mee eens",TRUE,"Mee eens",TRUE,TRUE,TRUE,TRUE,TRUE,TRUE
7221,31,"25 tot 35 jaar",FALSE,TRUE,"Helemaal mee eens",TRUE,"Helemaal mee eens",TRUE,TRUE,TRUE,TRUE,TRUE,TRUE
7222,74,"65 tot 75 jaar",TRUE,TRUE,"Helemaal mee eens",TRUE,"Mee eens",TRUE,TRUE,TRUE,TRUE,TRUE,TRUE
7223,27,"25 tot 35 jaar",FALSE,TRUE,"Niet mee eens, niet mee oneens",FALSE,"Helemaal mee eens",TRUE,TRUE,TRUE,TRUE,TRUE,TRUE
7224,81,"75 jaar of ouder",TRUE,TRUE,"Mee eens",TRUE,"Niet mee eens, niet mee oneens",FALSE,FALSE,TRUE,TRUE,TRUE,TRUE
7225,72,"65 tot 75 jaar",FALSE,TRUE,"Helemaal mee eens",TRUE,"Mee eens",TRUE,TRUE,TRUE,TRUE,TRUE,TRUE
7226,27,"25 tot 35 jaar",TRUE,TRUE,"Helemaal mee eens",TRUE,"Mee eens",TRUE,TRUE,TRUE,TRUE,TRUE,TRUE
7227,67,"65 tot 75 jaar",TRUE,TRUE,"Helemaal mee eens",TRUE,"Mee eens",TRUE,TRUE,TRUE,TRUE,TRUE,TRUE
7228,48,"45 tot 55 jaar",FALSE,TRUE,"Mee eens",TRUE,"Mee eens",TRUE,TRUE,TRUE,TRUE,TRUE,FALSE
7229,46,"45 tot 55 jaar",FALSE,TRUE,"Helemaal mee eens",TRUE,"Helemaal mee eens",TRUE,TRUE,TRUE,TRUE,TRUE,TRUE
7230,76,"75 jaar of ouder",FALSE,TRUE,"Mee eens",TRUE,"Mee eens",TRUE,TRUE,TRUE,TRUE,TRUE,TRUE
7231,25,"25 tot 35 jaar",FALSE,TRUE,"Helemaal mee eens",TRUE,"Mee eens",TRUE,TRUE,TRUE,TRUE,TRUE,TRUE
7232,32,"25 tot 35 jaar",FALSE,TRUE,"Mee eens",TRUE,"Helemaal mee oneens",FALSE,FALSE,FALSE,FALSE,FALSE,TRUE
7233,64,"55 tot 65 jaar",TRUE,TRUE,"Mee eens",TRUE,"Mee eens",TRUE,TRUE,FALSE,TRUE,TRUE,FALSE
7234,48,"45 tot 55 jaar",FALSE,TRUE,"Helemaal mee eens",TRUE,"Helemaal mee eens",TRUE,TRUE,TRUE,TRUE,TRUE,TRUE
7235,38,"35 tot 45 jaar",FALSE,TRUE,"Helemaal mee eens",TRUE,"Niet mee eens, niet mee oneens",FALSE,TRUE,TRUE,TRUE,FALSE,TRUE
7236,32,"25 tot 35 jaar",TRUE,TRUE,"Mee eens",TRUE,"Helemaal mee oneens",FALSE,TRUE,FALSE,FALSE,FALSE,TRUE
7237,22,"18 tot 25 jaar",TRUE,TRUE,"Mee eens",TRUE,"Mee eens",TRUE,TRUE,TRUE,TRUE,TRUE,TRUE
7238,25,"25 tot 35 jaar",FALSE,TRUE,"Mee eens",TRUE,"Niet mee eens, niet mee oneens",FALSE,TRUE,FALSE,FALSE,FALSE,FALSE
7239,37,"35 tot 45 jaar",FALSE,TRUE,"Niet mee eens, niet mee oneens",FALSE,"Mee oneens",FALSE,FALSE,TRUE,FALSE,TRUE,FALSE
7240,59,"55 tot 65 jaar",TRUE,TRUE,"Mee eens",TRUE,"Niet mee eens, niet mee oneens",FALSE,TRUE,TRUE,FALSE,FALSE,FALSE
7241,88,"75 jaar of ouder",FALSE,TRUE,"Helemaal mee eens",TRUE,"Helemaal mee eens",TRUE,TRUE,TRUE,TRUE,TRUE,TRUE
7242,51,"45 tot 55 jaar",TRUE,TRUE,"Helemaal mee eens",TRUE,"Helemaal mee eens",TRUE,TRUE,TRUE,TRUE,TRUE,TRUE
7243,22,"18 tot 25 jaar",FALSE,TRUE,"Mee eens",TRUE,"Niet mee eens, niet mee oneens",FALSE,TRUE,TRUE,TRUE,TRUE,FALSE
7244,32,"25 tot 35 jaar",FALSE,TRUE,"Helemaal mee eens",TRUE,"Niet mee eens, niet mee oneens",FALSE,TRUE,TRUE,TRUE,FALSE,TRUE
7245,47,"45 tot 55 jaar",TRUE,TRUE,"Mee eens",TRUE,"Niet mee eens, niet mee oneens",FALSE,TRUE,TRUE,TRUE,TRUE,TRUE
7246,53,"45 tot 55 jaar",FALSE,TRUE,"Mee eens",TRUE,"Mee eens",TRUE,TRUE,TRUE,TRUE,TRUE,TRUE
7247,84,"75 jaar of ouder",FALSE,TRUE,"Mee eens",TRUE,"Niet mee eens, niet mee oneens",FALSE,TRUE,TRUE,TRUE,TRUE,FALSE
7248,72,"65 tot 75 jaar",TRUE,TRUE,"Mee eens",TRUE,"Niet mee eens, niet mee oneens",FALSE,FALSE,FALSE,TRUE,TRUE,TRUE
7249,48,"45 tot 55 jaar",TRUE,TRUE,"Mee eens",TRUE,"Mee eens",TRUE,TRUE,TRUE,TRUE,TRUE,TRUE
7250,59,"55 tot 65 jaar",TRUE,TRUE,"Mee eens",TRUE,"Mee eens",TRUE,TRUE,TRUE,TRUE,TRUE,FALSE
7251,62,"55 tot 65 jaar",FALSE,TRUE,"Mee eens",TRUE,"Niet mee eens, niet mee oneens",FALSE,TRUE,TRUE,TRUE,FALSE,TRUE
7252,63,"55 tot 65 jaar",FALSE,TRUE,"Helemaal mee eens",TRUE,"Niet mee eens, niet mee oneens",FALSE,TRUE,TRUE,TRUE,FALSE,TRUE
7253,47,"45 tot 55 jaar",FALSE,TRUE,"Helemaal mee eens",TRUE,"Helemaal mee eens",TRUE,TRUE,TRUE,TRUE,TRUE,TRUE
7254,25,"25 tot 35 jaar",FALSE,TRUE,"Mee eens",TRUE,"Niet mee eens, niet mee oneens",FALSE,TRUE,TRUE,TRUE,TRUE,FALSE
7255,66,"65 tot 75 jaar",FALSE,FALSE,"Mee eens",TRUE,"Niet mee eens, niet mee oneens",FALSE,FALSE,TRUE,TRUE,FALSE,FALSE
7256,31,"25 tot 35 jaar",TRUE,TRUE,"Mee eens",TRUE,"Mee eens",TRUE,TRUE,TRUE,FALSE,TRUE,TRUE
7257,33,"25 tot 35 jaar",FALSE,TRUE,"Helemaal mee eens",TRUE,"Niet mee eens, niet mee oneens",FALSE,TRUE,TRUE,TRUE,TRUE,TRUE
7258,62,"55 tot 65 jaar",FALSE,TRUE,"Mee eens",TRUE,"Mee eens",TRUE,TRUE,TRUE,TRUE,TRUE,FALSE
7259,63,"55 tot 65 jaar",FALSE,TRUE,"Mee eens",TRUE,"Mee eens",TRUE,TRUE,FALSE,FALSE,FALSE,FALSE
7260,57,"55 tot 65 jaar",TRUE,TRUE,"Mee eens",TRUE,"Mee eens",TRUE,TRUE,TRUE,TRUE,TRUE,TRUE
7261,88,"75 jaar of ouder",FALSE,TRUE,"Mee eens",TRUE,"Mee eens",TRUE,TRUE,TRUE,TRUE,TRUE,TRUE
7262,66,"65 tot 75 jaar",TRUE,TRUE,"Mee eens",TRUE,"Mee eens",TRUE,TRUE,TRUE,TRUE,TRUE,TRUE
7263,26,"25 tot 35 jaar",TRUE,TRUE,"Helemaal mee eens",TRUE,"Helemaal mee eens",TRUE,TRUE,TRUE,TRUE,TRUE,TRUE
7264,81,"75 jaar of ouder",FALSE,TRUE,"Helemaal mee eens",TRUE,"Niet mee eens, niet mee oneens",FALSE,TRUE,TRUE,FALSE,FALSE,TRUE
7265,81,"75 jaar of ouder",TRUE,TRUE,"Helemaal mee eens",TRUE,"Mee eens",TRUE,TRUE,TRUE,FALSE,TRUE,TRUE
7266,19,"18 tot 25 jaar",FALSE,TRUE,"Helemaal mee eens",TRUE,"Niet mee eens, niet mee oneens",FALSE,TRUE,FALSE,TRUE,FALSE,TRUE
7267,50,"45 tot 55 jaar",TRUE,TRUE,"Helemaal mee eens",TRUE,"Mee eens",TRUE,TRUE,TRUE,TRUE,TRUE,TRUE
7268,31,"25 tot 35 jaar",TRUE,TRUE,"Mee eens",TRUE,"Mee eens",TRUE,TRUE,TRUE,FALSE,TRUE,FALSE
7269,31,"25 tot 35 jaar",FALSE,TRUE,"Niet mee eens, niet mee oneens",FALSE,"Mee eens",TRUE,TRUE,TRUE,FALSE,TRUE,FALSE
7270,69,"65 tot 75 jaar",TRUE,TRUE,"Mee eens",TRUE,"Mee eens",TRUE,TRUE,TRUE,TRUE,TRUE,TRUE
7271,55,"55 tot 65 jaar",FALSE,TRUE,"Helemaal mee eens",TRUE,"Helemaal mee eens",TRUE,TRUE,TRUE,TRUE,TRUE,TRUE
7272,30,"25 tot 35 jaar",TRUE,TRUE,"Mee eens",TRUE,"Mee eens",TRUE,TRUE,TRUE,TRUE,TRUE,FALSE
7273,28,"25 tot 35 jaar",FALSE,TRUE,"Helemaal mee eens",TRUE,"Niet mee eens, niet mee oneens",FALSE,TRUE,FALSE,TRUE,TRUE,TRUE
7274,33,"25 tot 35 jaar",FALSE,TRUE,"Mee eens",TRUE,"Mee eens",TRUE,TRUE,FALSE,TRUE,TRUE,TRUE
7275,45,"45 tot 55 jaar",FALSE,TRUE,"Mee eens",TRUE,"Mee eens",TRUE,TRUE,TRUE,TRUE,TRUE,TRUE
7276,51,"45 tot 55 jaar",TRUE,TRUE,"Helemaal mee eens",TRUE,"Mee eens",TRUE,TRUE,FALSE,TRUE,TRUE,TRUE
7277,83,"75 jaar of ouder",FALSE,TRUE,"Mee eens",TRUE,"Mee eens",TRUE,TRUE,TRUE,TRUE,TRUE,TRUE
7278,60,"55 tot 65 jaar",FALSE,TRUE,"Mee eens",TRUE,"Niet mee eens, niet mee oneens",FALSE,TRUE,TRUE,TRUE,TRUE,TRUE
7279,66,"65 tot 75 jaar",TRUE,TRUE,"Helemaal mee eens",TRUE,"Mee eens",TRUE,TRUE,TRUE,TRUE,TRUE,FALSE
7280,46,"45 tot 55 jaar",TRUE,FALSE,"Mee eens",TRUE,"Niet mee eens, niet mee oneens",FALSE,TRUE,TRUE,TRUE,TRUE,FALSE
7281,43,"35 tot 45 jaar",TRUE,TRUE,"Helemaal mee eens",TRUE,"Mee eens",TRUE,TRUE,TRUE,TRUE,TRUE,TRUE
7282,85,"75 jaar of ouder",TRUE,FALSE,"Mee eens",TRUE,"Mee eens",TRUE,TRUE,TRUE,TRUE,TRUE,TRUE
7283,18,"18 tot 25 jaar",TRUE,TRUE,"Mee eens",TRUE,"Mee oneens",FALSE,TRUE,FALSE,FALSE,FALSE,FALSE
7284,68,"65 tot 75 jaar",FALSE,TRUE,"Helemaal mee eens",TRUE,"Helemaal mee eens",TRUE,TRUE,TRUE,TRUE,TRUE,TRUE
7285,23,"18 tot 25 jaar",FALSE,TRUE,"Mee eens",TRUE,"Niet mee eens, niet mee oneens",FALSE,FALSE,TRUE,TRUE,FALSE,FALSE
7286,52,"45 tot 55 jaar",FALSE,TRUE,"Niet mee eens, niet mee oneens",FALSE,"Mee eens",TRUE,FALSE,TRUE,FALSE,FALSE,TRUE
7287,74,"65 tot 75 jaar",TRUE,TRUE,"Helemaal mee eens",TRUE,"Helemaal mee eens",TRUE,TRUE,TRUE,TRUE,TRUE,TRUE
7288,28,"25 tot 35 jaar",FALSE,TRUE,"Helemaal mee eens",TRUE,"Mee eens",TRUE,TRUE,TRUE,TRUE,TRUE,TRUE
7289,57,"55 tot 65 jaar",FALSE,TRUE,"Niet mee eens, niet mee oneens",FALSE,"Mee eens",TRUE,TRUE,FALSE,TRUE,TRUE,FALSE
7290,66,"65 tot 75 jaar",FALSE,TRUE,"Mee eens",TRUE,"Mee eens",TRUE,TRUE,TRUE,TRUE,TRUE,TRUE
7291,86,"75 jaar of ouder",FALSE,TRUE,"Mee oneens",FALSE,"Niet mee eens, niet mee oneens",FALSE,FALSE,TRUE,TRUE,FALSE,FALSE
7292,73,"65 tot 75 jaar",FALSE,TRUE,"Mee eens",TRUE,"Mee eens",TRUE,TRUE,TRUE,FALSE,TRUE,FALSE
7293,41,"35 tot 45 jaar",FALSE,TRUE,"Mee eens",TRUE,"Mee eens",TRUE,FALSE,TRUE,TRUE,TRUE,TRUE
7294,29,"25 tot 35 jaar",FALSE,TRUE,"Niet mee eens, niet mee oneens",FALSE,"Mee oneens",FALSE,TRUE,TRUE,TRUE,FALSE,TRUE
7295,46,"45 tot 55 jaar",FALSE,TRUE,"Helemaal mee eens",TRUE,"Mee eens",TRUE,TRUE,TRUE,TRUE,TRUE,FALSE
7296,28,"25 tot 35 jaar",FALSE,TRUE,"Mee eens",TRUE,"Mee eens",TRUE,TRUE,TRUE,TRUE,TRUE,TRUE
7297,69,"65 tot 75 jaar",TRUE,TRUE,"Helemaal mee eens",TRUE,"Mee eens",TRUE,TRUE,TRUE,TRUE,TRUE,TRUE
7298,64,"55 tot 65 jaar",FALSE,TRUE,"Helemaal mee eens",TRUE,"Helemaal mee eens",TRUE,TRUE,TRUE,TRUE,TRUE,TRUE
7299,40,"35 tot 45 jaar",FALSE,TRUE,"Helemaal mee eens",TRUE,"Mee eens",TRUE,TRUE,TRUE,TRUE,TRUE,TRUE
7300,49,"45 tot 55 jaar",TRUE,TRUE,"Mee eens",TRUE,"Mee eens",TRUE,TRUE,TRUE,TRUE,TRUE,TRUE
7301,44,"35 tot 45 jaar",TRUE,FALSE,"Mee oneens",FALSE,"Mee oneens",FALSE,FALSE,TRUE,FALSE,FALSE,TRUE
7302,85,"75 jaar of ouder",FALSE,TRUE,"Helemaal mee eens",TRUE,"Mee eens",TRUE,TRUE,TRUE,TRUE,TRUE,TRUE
7303,40,"35 tot 45 jaar",FALSE,TRUE,"Mee eens",TRUE,"Mee eens",TRUE,TRUE,TRUE,TRUE,TRUE,FALSE
7304,35,"35 tot 45 jaar",FALSE,TRUE,"Helemaal mee eens",TRUE,"Mee eens",TRUE,TRUE,FALSE,TRUE,TRUE,TRUE
7305,68,"65 tot 75 jaar",TRUE,TRUE,"Mee eens",TRUE,"Niet mee eens, niet mee oneens",FALSE,TRUE,TRUE,TRUE,TRUE,FALSE
7306,52,"45 tot 55 jaar",TRUE,TRUE,"Helemaal mee eens",TRUE,"Helemaal mee eens",TRUE,TRUE,TRUE,TRUE,TRUE,TRUE
7307,80,"75 jaar of ouder",TRUE,TRUE,"Helemaal mee eens",TRUE,"Niet mee eens, niet mee oneens",FALSE,TRUE,TRUE,TRUE,TRUE,TRUE
7308,44,"35 tot 45 jaar",FALSE,TRUE,"Mee eens",TRUE,"Mee eens",TRUE,TRUE,TRUE,TRUE,TRUE,TRUE
7309,67,"65 tot 75 jaar",FALSE,TRUE,"Niet mee eens, niet mee oneens",FALSE,"Niet mee eens, niet mee oneens",FALSE,TRUE,FALSE,FALSE,TRUE,TRUE
7310,25,"25 tot 35 jaar",FALSE,FALSE,"Helemaal mee eens",TRUE,"Helemaal mee eens",TRUE,TRUE,TRUE,TRUE,TRUE,TRUE
7311,58,"55 tot 65 jaar",TRUE,TRUE,"Mee eens",TRUE,"Mee eens",TRUE,TRUE,TRUE,TRUE,TRUE,TRUE
7312,61,"55 tot 65 jaar",FALSE,TRUE,"Niet mee eens, niet mee oneens",FALSE,"Mee oneens",FALSE,TRUE,FALSE,FALSE,FALSE,FALSE
7313,75,"75 jaar of ouder",TRUE,TRUE,"Helemaal mee eens",TRUE,"Helemaal mee eens",TRUE,TRUE,TRUE,TRUE,TRUE,TRUE
7314,56,"55 tot 65 jaar",TRUE,TRUE,"Helemaal mee eens",TRUE,"Helemaal mee eens",TRUE,TRUE,TRUE,TRUE,TRUE,TRUE
7315,66,"65 tot 75 jaar",FALSE,TRUE,"Helemaal mee eens",TRUE,"Mee eens",TRUE,TRUE,TRUE,TRUE,TRUE,TRUE
7316,31,"25 tot 35 jaar",FALSE,TRUE,"Mee eens",TRUE,"Niet mee eens, niet mee oneens",FALSE,TRUE,TRUE,TRUE,FALSE,TRUE
7317,64,"55 tot 65 jaar",TRUE,TRUE,"Helemaal mee eens",TRUE,"Helemaal mee eens",TRUE,TRUE,TRUE,TRUE,TRUE,TRUE
7318,49,"45 tot 55 jaar",FALSE,TRUE,"Helemaal mee eens",TRUE,"Mee eens",TRUE,TRUE,FALSE,TRUE,TRUE,TRUE
7319,69,"65 tot 75 jaar",FALSE,TRUE,"Mee eens",TRUE,"Niet mee eens, niet mee oneens",FALSE,TRUE,TRUE,TRUE,TRUE,FALSE
7320,22,"18 tot 25 jaar",TRUE,TRUE,"Mee eens",TRUE,"Niet mee eens, niet mee oneens",FALSE,TRUE,FALSE,FALSE,FALSE,TRUE
7321,41,"35 tot 45 jaar",TRUE,TRUE,"Helemaal mee eens",TRUE,"Mee eens",TRUE,TRUE,TRUE,TRUE,TRUE,TRUE
7322,50,"45 tot 55 jaar",FALSE,TRUE,"Mee eens",TRUE,"Mee eens",TRUE,TRUE,TRUE,TRUE,TRUE,FALSE
7323,64,"55 tot 65 jaar",FALSE,TRUE,"Helemaal mee eens",TRUE,"Helemaal mee eens",TRUE,TRUE,TRUE,TRUE,TRUE,TRUE
7324,28,"25 tot 35 jaar",TRUE,TRUE,"Mee eens",TRUE,"Mee eens",TRUE,TRUE,TRUE,TRUE,TRUE,TRUE
7325,19,"18 tot 25 jaar",TRUE,TRUE,"Helemaal mee eens",TRUE,"Helemaal mee eens",TRUE,TRUE,TRUE,TRUE,TRUE,TRUE
7326,76,"75 jaar of ouder",FALSE,TRUE,"Niet mee eens, niet mee oneens",FALSE,"Niet mee eens, niet mee oneens",FALSE,TRUE,FALSE,FALSE,FALSE,FALSE
7327,20,"18 tot 25 jaar",TRUE,TRUE,"Mee eens",TRUE,"Mee eens",TRUE,TRUE,TRUE,TRUE,TRUE,TRUE
7328,63,"55 tot 65 jaar",TRUE,TRUE,"Mee eens",TRUE,"Mee eens",TRUE,TRUE,TRUE,TRUE,TRUE,FALSE
7329,41,"35 tot 45 jaar",TRUE,TRUE,"Mee eens",TRUE,"Helemaal mee eens",TRUE,TRUE,TRUE,TRUE,TRUE,TRUE
7330,37,"35 tot 45 jaar",TRUE,TRUE,"Mee eens",TRUE,"Mee eens",TRUE,TRUE,TRUE,FALSE,TRUE,TRUE
7331,36,"35 tot 45 jaar",FALSE,TRUE,"Helemaal mee eens",TRUE,"Mee eens",TRUE,TRUE,TRUE,TRUE,TRUE,TRUE
7332,27,"25 tot 35 jaar",FALSE,TRUE,"Helemaal mee eens",TRUE,"Helemaal mee eens",TRUE,TRUE,TRUE,TRUE,TRUE,TRUE
7333,52,"45 tot 55 jaar",TRUE,FALSE,"Mee eens",TRUE,"Niet mee eens, niet mee oneens",FALSE,TRUE,TRUE,FALSE,TRUE,TRUE
7334,69,"65 tot 75 jaar",FALSE,TRUE,"Helemaal mee eens",TRUE,"Mee eens",TRUE,TRUE,TRUE,TRUE,TRUE,TRUE
7335,60,"55 tot 65 jaar",TRUE,TRUE,"Mee eens",TRUE,"Mee eens",TRUE,TRUE,TRUE,TRUE,TRUE,TRUE
7336,36,"35 tot 45 jaar",FALSE,TRUE,"Helemaal mee eens",TRUE,"Mee eens",TRUE,TRUE,TRUE,TRUE,TRUE,TRUE
7337,60,"55 tot 65 jaar",FALSE,TRUE,"Helemaal mee eens",TRUE,"Mee eens",TRUE,TRUE,TRUE,TRUE,TRUE,TRUE
7338,25,"25 tot 35 jaar",FALSE,TRUE,"Helemaal mee eens",TRUE,"Helemaal mee eens",TRUE,TRUE,TRUE,TRUE,TRUE,TRUE
7339,59,"55 tot 65 jaar",FALSE,FALSE,"Niet mee eens, niet mee oneens",FALSE,"Niet mee eens, niet mee oneens",FALSE,TRUE,FALSE,FALSE,FALSE,TRUE
7340,70,"65 tot 75 jaar",FALSE,TRUE,"Niet mee eens, niet mee oneens",FALSE,"Niet mee eens, niet mee oneens",FALSE,FALSE,TRUE,FALSE,FALSE,FALSE
7341,32,"25 tot 35 jaar",FALSE,TRUE,"Helemaal mee eens",TRUE,"Niet mee eens, niet mee oneens",FALSE,TRUE,TRUE,TRUE,TRUE,TRUE
7342,34,"25 tot 35 jaar",FALSE,TRUE,"Helemaal mee eens",TRUE,"Mee eens",TRUE,TRUE,TRUE,TRUE,TRUE,TRUE
7343,32,"25 tot 35 jaar",FALSE,TRUE,"Mee eens",TRUE,"Mee eens",TRUE,TRUE,TRUE,TRUE,TRUE,FALSE
7344,43,"35 tot 45 jaar",TRUE,TRUE,"Mee eens",TRUE,"Helemaal mee oneens",FALSE,TRUE,FALSE,TRUE,TRUE,FALSE
7345,19,"18 tot 25 jaar",FALSE,TRUE,"Helemaal mee eens",TRUE,"Helemaal mee eens",TRUE,TRUE,TRUE,TRUE,TRUE,TRUE
7346,66,"65 tot 75 jaar",TRUE,TRUE,"Helemaal mee eens",TRUE,"Mee eens",TRUE,TRUE,TRUE,FALSE,TRUE,TRUE
7347,64,"55 tot 65 jaar",FALSE,TRUE,"Mee eens",TRUE,"Niet mee eens, niet mee oneens",FALSE,TRUE,TRUE,TRUE,TRUE,TRUE
7348,52,"45 tot 55 jaar",TRUE,TRUE,"Mee eens",TRUE,"Mee oneens",FALSE,FALSE,TRUE,FALSE,FALSE,FALSE
7349,42,"35 tot 45 jaar",TRUE,TRUE,"Helemaal mee eens",TRUE,"Helemaal mee eens",TRUE,TRUE,TRUE,TRUE,TRUE,TRUE
7350,61,"55 tot 65 jaar",TRUE,TRUE,"Mee eens",TRUE,"Mee eens",TRUE,TRUE,TRUE,TRUE,TRUE,TRUE
7351,69,"65 tot 75 jaar",TRUE,TRUE,"Mee eens",TRUE,"Mee eens",TRUE,TRUE,TRUE,TRUE,TRUE,FALSE
7352,77,"75 jaar of ouder",TRUE,TRUE,"Mee eens",TRUE,"Niet mee eens, niet mee oneens",FALSE,TRUE,TRUE,TRUE,TRUE,TRUE
7353,42,"35 tot 45 jaar",TRUE,TRUE,"Mee eens",TRUE,"Mee eens",TRUE,TRUE,TRUE,TRUE,TRUE,FALSE
7354,57,"55 tot 65 jaar",FALSE,TRUE,"Mee eens",TRUE,"Mee oneens",FALSE,FALSE,FALSE,FALSE,TRUE,FALSE
7355,82,"75 jaar of ouder",TRUE,TRUE,"Helemaal mee eens",TRUE,"Mee eens",TRUE,TRUE,TRUE,TRUE,TRUE,TRUE
7356,26,"25 tot 35 jaar",FALSE,TRUE,"Mee eens",TRUE,"Helemaal mee eens",TRUE,TRUE,FALSE,TRUE,TRUE,TRUE
7357,85,"75 jaar of ouder",TRUE,TRUE,"Helemaal mee eens",TRUE,"Mee eens",TRUE,TRUE,TRUE,TRUE,TRUE,TRUE
7358,35,"35 tot 45 jaar",TRUE,TRUE,"Mee eens",TRUE,"Mee eens",TRUE,TRUE,FALSE,TRUE,TRUE,TRUE
7359,31,"25 tot 35 jaar",TRUE,TRUE,"Mee eens",TRUE,"Niet mee eens, niet mee oneens",FALSE,TRUE,FALSE,TRUE,FALSE,TRUE
7360,42,"35 tot 45 jaar",TRUE,TRUE,"Helemaal mee eens",TRUE,"Helemaal mee eens",TRUE,TRUE,TRUE,TRUE,TRUE,TRUE
7361,33,"25 tot 35 jaar",FALSE,TRUE,"Mee eens",TRUE,"Mee eens",TRUE,TRUE,TRUE,FALSE,TRUE,TRUE
7362,71,"65 tot 75 jaar",TRUE,TRUE,"Helemaal mee eens",TRUE,"Helemaal mee eens",TRUE,TRUE,TRUE,TRUE,TRUE,TRUE
7363,57,"55 tot 65 jaar",TRUE,TRUE,"Niet mee eens, niet mee oneens",FALSE,"Mee eens",TRUE,TRUE,FALSE,FALSE,FALSE,TRUE
7364,62,"55 tot 65 jaar",TRUE,TRUE,"Mee eens",TRUE,"Mee eens",TRUE,TRUE,FALSE,TRUE,TRUE,FALSE
7365,72,"65 tot 75 jaar",FALSE,TRUE,"Helemaal mee eens",TRUE,"Mee eens",TRUE,TRUE,TRUE,TRUE,TRUE,TRUE
7366,22,"18 tot 25 jaar",TRUE,TRUE,"Mee eens",TRUE,"Niet mee eens, niet mee oneens",FALSE,TRUE,FALSE,FALSE,FALSE,TRUE
7367,44,"35 tot 45 jaar",TRUE,TRUE,"Mee eens",TRUE,"Mee oneens",FALSE,TRUE,TRUE,TRUE,FALSE,FALSE
7368,63,"55 tot 65 jaar",TRUE,TRUE,"Helemaal mee eens",TRUE,"Mee eens",TRUE,FALSE,TRUE,TRUE,TRUE,FALSE
7369,59,"55 tot 65 jaar",TRUE,TRUE,"Mee eens",TRUE,"Helemaal mee eens",TRUE,TRUE,TRUE,FALSE,TRUE,TRUE
7370,27,"25 tot 35 jaar",FALSE,TRUE,"Helemaal mee eens",TRUE,"Mee eens",TRUE,TRUE,TRUE,TRUE,TRUE,TRUE
7371,74,"65 tot 75 jaar",TRUE,TRUE,"Mee eens",TRUE,"Mee eens",TRUE,TRUE,TRUE,TRUE,TRUE,TRUE
7372,22,"18 tot 25 jaar",FALSE,TRUE,"Mee eens",TRUE,"Niet mee eens, niet mee oneens",FALSE,TRUE,TRUE,FALSE,TRUE,FALSE
7373,87,"75 jaar of ouder",FALSE,TRUE,"Helemaal mee eens",TRUE,"Mee eens",TRUE,TRUE,TRUE,TRUE,TRUE,TRUE
7374,19,"18 tot 25 jaar",FALSE,TRUE,"Mee eens",TRUE,"Mee eens",TRUE,FALSE,TRUE,TRUE,TRUE,TRUE
7375,58,"55 tot 65 jaar",FALSE,FALSE,"Niet mee eens, niet mee oneens",FALSE,"Helemaal mee eens",TRUE,TRUE,TRUE,TRUE,TRUE,TRUE
7376,35,"35 tot 45 jaar",FALSE,TRUE,"Mee eens",TRUE,"Niet mee eens, niet mee oneens",FALSE,FALSE,TRUE,TRUE,FALSE,FALSE
7377,29,"25 tot 35 jaar",FALSE,FALSE,"Niet mee eens, niet mee oneens",FALSE,"Niet mee eens, niet mee oneens",FALSE,FALSE,TRUE,TRUE,TRUE,TRUE
7378,39,"35 tot 45 jaar",TRUE,TRUE,"Mee eens",TRUE,"Mee eens",TRUE,FALSE,TRUE,FALSE,TRUE,FALSE
7379,28,"25 tot 35 jaar",TRUE,TRUE,"Helemaal mee eens",TRUE,"Helemaal mee eens",TRUE,TRUE,TRUE,TRUE,TRUE,TRUE
7380,23,"18 tot 25 jaar",FALSE,TRUE,"Helemaal mee eens",TRUE,"Helemaal mee eens",TRUE,TRUE,TRUE,TRUE,TRUE,TRUE
7381,30,"25 tot 35 jaar",TRUE,TRUE,"Helemaal mee eens",TRUE,"Mee eens",TRUE,TRUE,TRUE,TRUE,TRUE,FALSE
7382,26,"25 tot 35 jaar",FALSE,TRUE,"Mee eens",TRUE,"Helemaal mee eens",TRUE,TRUE,TRUE,TRUE,TRUE,TRUE
7383,62,"55 tot 65 jaar",FALSE,TRUE,"Mee eens",TRUE,"Mee eens",TRUE,TRUE,FALSE,TRUE,FALSE,TRUE
7384,44,"35 tot 45 jaar",TRUE,TRUE,"Helemaal mee eens",TRUE,"Mee eens",TRUE,TRUE,TRUE,TRUE,TRUE,TRUE
7385,19,"18 tot 25 jaar",TRUE,FALSE,"Niet mee eens, niet mee oneens",FALSE,"Niet mee eens, niet mee oneens",FALSE,TRUE,FALSE,FALSE,FALSE,FALSE
7386,24,"18 tot 25 jaar",FALSE,FALSE,"Helemaal mee eens",TRUE,"Helemaal mee eens",TRUE,TRUE,TRUE,TRUE,TRUE,TRUE
7387,45,"45 tot 55 jaar",FALSE,TRUE,"Helemaal mee eens",TRUE,"Helemaal mee eens",TRUE,TRUE,TRUE,TRUE,TRUE,TRUE
7388,59,"55 tot 65 jaar",FALSE,TRUE,"Mee eens",TRUE,"Mee oneens",FALSE,FALSE,TRUE,TRUE,FALSE,FALSE
7389,86,"75 jaar of ouder",TRUE,TRUE,"Helemaal mee eens",TRUE,"Mee eens",TRUE,TRUE,TRUE,TRUE,TRUE,TRUE
7390,21,"18 tot 25 jaar",FALSE,TRUE,"Helemaal mee eens",TRUE,"Mee eens",TRUE,TRUE,TRUE,TRUE,TRUE,TRUE
7391,42,"35 tot 45 jaar",TRUE,TRUE,"Helemaal mee eens",TRUE,"Mee eens",TRUE,TRUE,TRUE,TRUE,TRUE,FALSE
7392,71,"65 tot 75 jaar",TRUE,TRUE,"Helemaal mee eens",TRUE,"Mee eens",TRUE,TRUE,TRUE,TRUE,TRUE,TRUE
7393,65,"65 tot 75 jaar",FALSE,TRUE,"Helemaal mee eens",TRUE,"Mee eens",TRUE,TRUE,TRUE,TRUE,TRUE,TRUE
7394,83,"75 jaar of ouder",FALSE,TRUE,"Helemaal mee eens",TRUE,"Mee eens",TRUE,TRUE,TRUE,TRUE,TRUE,TRUE
7395,52,"45 tot 55 jaar",TRUE,TRUE,"Mee eens",TRUE,"Mee eens",TRUE,TRUE,TRUE,TRUE,TRUE,FALSE
7396,21,"18 tot 25 jaar",TRUE,TRUE,"Helemaal mee eens",TRUE,"Helemaal mee eens",TRUE,TRUE,TRUE,TRUE,TRUE,TRUE
7397,82,"75 jaar of ouder",TRUE,TRUE,"Mee eens",TRUE,"Mee eens",TRUE,TRUE,TRUE,TRUE,TRUE,TRUE
7398,79,"75 jaar of ouder",FALSE,TRUE,"Helemaal mee eens",TRUE,"Mee eens",TRUE,TRUE,TRUE,TRUE,TRUE,FALSE
7399,31,"25 tot 35 jaar",FALSE,TRUE,"Helemaal mee eens",TRUE,"Helemaal mee eens",TRUE,TRUE,TRUE,TRUE,TRUE,TRUE
7400,18,"18 tot 25 jaar",TRUE,TRUE,"Mee eens",TRUE,"Mee eens",TRUE,TRUE,TRUE,FALSE,TRUE,TRUE
7401,51,"45 tot 55 jaar",TRUE,TRUE,"Helemaal mee eens",TRUE,"Helemaal mee eens",TRUE,TRUE,TRUE,TRUE,TRUE,FALSE
7402,24,"18 tot 25 jaar",TRUE,TRUE,"Mee eens",TRUE,"Mee eens",TRUE,TRUE,TRUE,FALSE,FALSE,FALSE
7403,27,"25 tot 35 jaar",FALSE,TRUE,"Helemaal mee eens",TRUE,"Mee eens",TRUE,TRUE,TRUE,TRUE,TRUE,TRUE
7404,45,"45 tot 55 jaar",TRUE,FALSE,"Helemaal mee eens",TRUE,"Helemaal mee eens",TRUE,TRUE,TRUE,TRUE,TRUE,FALSE
7405,40,"35 tot 45 jaar",TRUE,TRUE,"Helemaal mee eens",TRUE,"Helemaal mee eens",TRUE,TRUE,TRUE,TRUE,TRUE,TRUE
7406,52,"45 tot 55 jaar",FALSE,TRUE,"Helemaal mee eens",TRUE,"Helemaal mee eens",TRUE,TRUE,TRUE,TRUE,TRUE,TRUE
7407,86,"75 jaar of ouder",TRUE,TRUE,"Mee eens",TRUE,"Helemaal mee eens",TRUE,TRUE,TRUE,TRUE,FALSE,TRUE
7408,72,"65 tot 75 jaar",FALSE,TRUE,"Helemaal mee eens",TRUE,"Helemaal mee eens",TRUE,FALSE,TRUE,TRUE,TRUE,TRUE
7409,47,"45 tot 55 jaar",TRUE,TRUE,"Helemaal mee eens",TRUE,"Helemaal mee eens",TRUE,TRUE,TRUE,TRUE,TRUE,TRUE
7410,32,"25 tot 35 jaar",FALSE,TRUE,"Mee eens",TRUE,"Mee eens",TRUE,TRUE,TRUE,TRUE,TRUE,TRUE
7411,64,"55 tot 65 jaar",FALSE,TRUE,"Mee oneens",FALSE,"Niet mee eens, niet mee oneens",FALSE,TRUE,TRUE,FALSE,FALSE,FALSE
7412,26,"25 tot 35 jaar",FALSE,TRUE,"Niet mee eens, niet mee oneens",FALSE,"Niet mee eens, niet mee oneens",FALSE,TRUE,TRUE,TRUE,FALSE,FALSE
7413,63,"55 tot 65 jaar",TRUE,TRUE,"Helemaal mee oneens",FALSE,"Mee eens",TRUE,FALSE,FALSE,FALSE,FALSE,FALSE
7414,77,"75 jaar of ouder",TRUE,TRUE,"Mee eens",TRUE,"Mee eens",TRUE,TRUE,TRUE,TRUE,TRUE,FALSE
7415,38,"35 tot 45 jaar",TRUE,TRUE,"Mee eens",TRUE,"Mee eens",TRUE,TRUE,FALSE,TRUE,TRUE,TRUE
7416,36,"35 tot 45 jaar",FALSE,TRUE,"Helemaal mee eens",TRUE,"Mee eens",TRUE,TRUE,FALSE,FALSE,TRUE,TRUE
7417,33,"25 tot 35 jaar",TRUE,TRUE,"Mee eens",TRUE,"Niet mee eens, niet mee oneens",FALSE,TRUE,TRUE,TRUE,FALSE,FALSE
7418,47,"45 tot 55 jaar",TRUE,TRUE,"Helemaal mee eens",TRUE,"Helemaal mee eens",TRUE,TRUE,TRUE,TRUE,TRUE,TRUE
7419,58,"55 tot 65 jaar",FALSE,TRUE,"Helemaal mee eens",TRUE,"Mee eens",TRUE,TRUE,TRUE,TRUE,TRUE,FALSE
7420,26,"25 tot 35 jaar",FALSE,TRUE,"Helemaal mee eens",TRUE,"Helemaal mee eens",TRUE,TRUE,TRUE,TRUE,TRUE,TRUE
7421,87,"75 jaar of ouder",FALSE,TRUE,"Mee eens",TRUE,"Helemaal mee eens",TRUE,TRUE,TRUE,TRUE,TRUE,TRUE
7422,18,"18 tot 25 jaar",TRUE,TRUE,"Mee eens",TRUE,"Mee eens",TRUE,TRUE,TRUE,FALSE,TRUE,TRUE
7423,42,"35 tot 45 jaar",FALSE,TRUE,"Mee eens",TRUE,"Niet mee eens, niet mee oneens",FALSE,FALSE,TRUE,FALSE,FALSE,FALSE
7424,80,"75 jaar of ouder",FALSE,TRUE,"Helemaal mee eens",TRUE,"Mee eens",TRUE,TRUE,TRUE,TRUE,TRUE,TRUE
7425,66,"65 tot 75 jaar",TRUE,TRUE,"Mee eens",TRUE,"Niet mee eens, niet mee oneens",FALSE,TRUE,TRUE,TRUE,FALSE,TRUE
7426,80,"75 jaar of ouder",TRUE,TRUE,"Helemaal mee eens",TRUE,"Mee eens",TRUE,TRUE,TRUE,TRUE,TRUE,TRUE
7427,51,"45 tot 55 jaar",FALSE,TRUE,"Mee eens",TRUE,"Mee eens",TRUE,TRUE,TRUE,TRUE,TRUE,TRUE
7428,67,"65 tot 75 jaar",FALSE,TRUE,"Mee eens",TRUE,"Mee eens",TRUE,TRUE,TRUE,TRUE,TRUE,FALSE
7429,61,"55 tot 65 jaar",FALSE,TRUE,"Helemaal mee eens",TRUE,"Helemaal mee eens",TRUE,TRUE,TRUE,TRUE,TRUE,TRUE
7430,39,"35 tot 45 jaar",TRUE,TRUE,"Helemaal mee eens",TRUE,"Helemaal mee eens",TRUE,TRUE,TRUE,TRUE,TRUE,TRUE
7431,36,"35 tot 45 jaar",FALSE,TRUE,"Mee eens",TRUE,"Niet mee eens, niet mee oneens",FALSE,TRUE,FALSE,TRUE,FALSE,TRUE
7432,42,"35 tot 45 jaar",FALSE,TRUE,"Niet mee eens, niet mee oneens",FALSE,"Mee eens",TRUE,FALSE,FALSE,FALSE,TRUE,TRUE
7433,44,"35 tot 45 jaar",FALSE,TRUE,"Mee eens",TRUE,"Mee eens",TRUE,TRUE,TRUE,FALSE,FALSE,FALSE
7434,44,"35 tot 45 jaar",FALSE,TRUE,"Mee eens",TRUE,"Mee oneens",FALSE,TRUE,TRUE,TRUE,FALSE,FALSE
7435,34,"25 tot 35 jaar",TRUE,TRUE,"Niet mee eens, niet mee oneens",FALSE,"Niet mee eens, niet mee oneens",FALSE,FALSE,FALSE,FALSE,TRUE,FALSE
7436,37,"35 tot 45 jaar",FALSE,TRUE,"Mee eens",TRUE,"Mee eens",TRUE,TRUE,TRUE,FALSE,TRUE,FALSE
7437,29,"25 tot 35 jaar",FALSE,TRUE,"Helemaal mee eens",TRUE,"Helemaal mee eens",TRUE,TRUE,TRUE,TRUE,TRUE,TRUE
7438,47,"45 tot 55 jaar",FALSE,TRUE,"Helemaal mee eens",TRUE,"Helemaal mee eens",TRUE,TRUE,TRUE,TRUE,TRUE,TRUE
7439,34,"25 tot 35 jaar",TRUE,TRUE,"Mee eens",TRUE,"Niet mee eens, niet mee oneens",FALSE,TRUE,TRUE,FALSE,FALSE,FALSE
7440,32,"25 tot 35 jaar",FALSE,TRUE,"Niet mee eens, niet mee oneens",FALSE,"Mee oneens",FALSE,FALSE,FALSE,FALSE,FALSE,FALSE
7441,47,"45 tot 55 jaar",TRUE,TRUE,"Mee eens",TRUE,"Mee oneens",FALSE,TRUE,FALSE,FALSE,FALSE,FALSE
7442,34,"25 tot 35 jaar",FALSE,TRUE,"Mee eens",TRUE,"Mee eens",TRUE,TRUE,TRUE,TRUE,TRUE,TRUE
7443,81,"75 jaar of ouder",TRUE,TRUE,"Mee eens",TRUE,"Mee eens",TRUE,TRUE,TRUE,TRUE,TRUE,TRUE
7444,29,"25 tot 35 jaar",TRUE,TRUE,"Niet mee eens, niet mee oneens",FALSE,"Mee oneens",FALSE,FALSE,FALSE,FALSE,FALSE,FALSE
7445,34,"25 tot 35 jaar",FALSE,TRUE,"Mee eens",TRUE,"Niet mee eens, niet mee oneens",FALSE,TRUE,TRUE,TRUE,TRUE,FALSE
7446,48,"45 tot 55 jaar",FALSE,TRUE,"Helemaal mee eens",TRUE,"Mee eens",TRUE,FALSE,TRUE,TRUE,TRUE,FALSE
7447,20,"18 tot 25 jaar",FALSE,TRUE,"Helemaal mee eens",TRUE,"Mee eens",TRUE,TRUE,TRUE,TRUE,TRUE,TRUE
7448,35,"35 tot 45 jaar",FALSE,TRUE,"Helemaal mee eens",TRUE,"Helemaal mee eens",TRUE,TRUE,TRUE,TRUE,TRUE,TRUE
7449,61,"55 tot 65 jaar",FALSE,TRUE,"Mee eens",TRUE,"Mee eens",TRUE,TRUE,TRUE,TRUE,TRUE,FALSE
7450,35,"35 tot 45 jaar",TRUE,TRUE,"Helemaal mee eens",TRUE,"Mee eens",TRUE,TRUE,TRUE,FALSE,TRUE,TRUE
7451,66,"65 tot 75 jaar",TRUE,TRUE,"Helemaal mee eens",TRUE,"Helemaal mee eens",TRUE,TRUE,TRUE,TRUE,TRUE,TRUE
7452,51,"45 tot 55 jaar",TRUE,TRUE,"Mee eens",TRUE,"Mee eens",TRUE,TRUE,TRUE,TRUE,TRUE,FALSE
7453,89,"75 jaar of ouder",TRUE,TRUE,"Mee eens",TRUE,"Niet mee eens, niet mee oneens",FALSE,TRUE,TRUE,TRUE,TRUE,TRUE
7454,59,"55 tot 65 jaar",FALSE,TRUE,"Niet mee eens, niet mee oneens",FALSE,"Niet mee eens, niet mee oneens",FALSE,TRUE,FALSE,FALSE,TRUE,TRUE
7455,50,"45 tot 55 jaar",FALSE,TRUE,"Mee eens",TRUE,"Niet mee eens, niet mee oneens",FALSE,TRUE,TRUE,TRUE,FALSE,FALSE
7456,70,"65 tot 75 jaar",TRUE,TRUE,"Helemaal mee eens",TRUE,"Mee eens",TRUE,TRUE,TRUE,TRUE,TRUE,TRUE
7457,41,"35 tot 45 jaar",FALSE,TRUE,"Mee eens",TRUE,"Niet mee eens, niet mee oneens",FALSE,TRUE,FALSE,TRUE,FALSE,FALSE
7458,22,"18 tot 25 jaar",FALSE,TRUE,"Mee eens",TRUE,"Mee oneens",FALSE,TRUE,TRUE,TRUE,FALSE,FALSE
7459,24,"18 tot 25 jaar",FALSE,TRUE,"Helemaal mee eens",TRUE,"Helemaal mee eens",TRUE,TRUE,FALSE,TRUE,TRUE,TRUE
7460,52,"45 tot 55 jaar",TRUE,TRUE,"Mee eens",TRUE,"Helemaal mee eens",TRUE,TRUE,TRUE,TRUE,TRUE,TRUE
7461,65,"65 tot 75 jaar",FALSE,TRUE,"Niet mee eens, niet mee oneens",FALSE,"Niet mee eens, niet mee oneens",FALSE,FALSE,TRUE,TRUE,TRUE,FALSE
7462,55,"55 tot 65 jaar",TRUE,TRUE,"Mee eens",TRUE,"Mee eens",TRUE,TRUE,TRUE,TRUE,TRUE,TRUE
7463,27,"25 tot 35 jaar",FALSE,TRUE,"Niet mee eens, niet mee oneens",FALSE,"Mee eens",TRUE,TRUE,TRUE,FALSE,TRUE,TRUE
7464,76,"75 jaar of ouder",TRUE,TRUE,"Mee eens",TRUE,"Mee eens",TRUE,TRUE,TRUE,TRUE,TRUE,TRUE
7465,41,"35 tot 45 jaar",FALSE,TRUE,"Mee eens",TRUE,"Niet mee eens, niet mee oneens",FALSE,TRUE,TRUE,TRUE,TRUE,FALSE
7466,24,"18 tot 25 jaar",TRUE,TRUE,"Mee eens",TRUE,"Mee eens",TRUE,TRUE,TRUE,TRUE,TRUE,TRUE
7467,60,"55 tot 65 jaar",TRUE,TRUE,"Helemaal mee eens",TRUE,"Mee eens",TRUE,FALSE,TRUE,TRUE,TRUE,TRUE
7468,30,"25 tot 35 jaar",FALSE,TRUE,"Niet mee eens, niet mee oneens",FALSE,"Niet mee eens, niet mee oneens",FALSE,FALSE,TRUE,FALSE,FALSE,TRUE
7469,31,"25 tot 35 jaar",FALSE,TRUE,"Mee eens",TRUE,"Mee eens",TRUE,TRUE,TRUE,TRUE,TRUE,FALSE
7470,33,"25 tot 35 jaar",FALSE,TRUE,"Mee eens",TRUE,"Helemaal mee eens",TRUE,TRUE,TRUE,TRUE,TRUE,TRUE
7471,72,"65 tot 75 jaar",FALSE,TRUE,"Helemaal mee eens",TRUE,"Mee eens",TRUE,TRUE,TRUE,TRUE,TRUE,TRUE
7472,56,"55 tot 65 jaar",FALSE,TRUE,"Helemaal mee eens",TRUE,"Mee eens",TRUE,TRUE,TRUE,TRUE,TRUE,TRUE
7473,20,"18 tot 25 jaar",FALSE,TRUE,"Mee eens",TRUE,"Mee eens",TRUE,TRUE,TRUE,FALSE,TRUE,FALSE
7474,36,"35 tot 45 jaar",FALSE,TRUE,"Mee eens",TRUE,"Mee eens",TRUE,TRUE,TRUE,FALSE,FALSE,TRUE
7475,50,"45 tot 55 jaar",FALSE,TRUE,"Helemaal mee eens",TRUE,"Niet mee eens, niet mee oneens",FALSE,TRUE,TRUE,TRUE,TRUE,TRUE
7476,19,"18 tot 25 jaar",FALSE,TRUE,"Mee eens",TRUE,"Niet mee eens, niet mee oneens",FALSE,TRUE,TRUE,TRUE,TRUE,TRUE
7477,36,"35 tot 45 jaar",TRUE,FALSE,"Helemaal mee eens",TRUE,"Mee eens",TRUE,TRUE,TRUE,TRUE,TRUE,TRUE
7478,61,"55 tot 65 jaar",TRUE,TRUE,"Mee eens",TRUE,"Mee eens",TRUE,TRUE,TRUE,FALSE,TRUE,FALSE
7479,84,"75 jaar of ouder",FALSE,TRUE,"Helemaal mee eens",TRUE,"Niet mee eens, niet mee oneens",FALSE,TRUE,TRUE,TRUE,TRUE,TRUE
7480,50,"45 tot 55 jaar",FALSE,TRUE,"Mee eens",TRUE,"Niet mee eens, niet mee oneens",FALSE,TRUE,TRUE,TRUE,FALSE,TRUE
7481,28,"25 tot 35 jaar",FALSE,TRUE,"Mee eens",TRUE,"Mee eens",TRUE,TRUE,TRUE,TRUE,TRUE,TRUE
7482,70,"65 tot 75 jaar",FALSE,TRUE,"Helemaal mee eens",TRUE,"Mee eens",TRUE,TRUE,TRUE,FALSE,TRUE,TRUE
7483,75,"75 jaar of ouder",FALSE,TRUE,"Niet mee eens, niet mee oneens",FALSE,"Niet mee eens, niet mee oneens",FALSE,TRUE,TRUE,TRUE,FALSE,FALSE
7484,28,"25 tot 35 jaar",FALSE,TRUE,"Mee eens",TRUE,"Niet mee eens, niet mee oneens",FALSE,TRUE,TRUE,TRUE,TRUE,TRUE
7485,66,"65 tot 75 jaar",TRUE,TRUE,"Helemaal mee eens",TRUE,"Mee eens",TRUE,TRUE,TRUE,TRUE,TRUE,TRUE
7486,27,"25 tot 35 jaar",TRUE,TRUE,"Helemaal mee eens",TRUE,"Mee eens",TRUE,TRUE,TRUE,TRUE,TRUE,TRUE
7487,48,"45 tot 55 jaar",TRUE,TRUE,"Mee eens",TRUE,"Mee eens",TRUE,TRUE,TRUE,TRUE,TRUE,FALSE
7488,72,"65 tot 75 jaar",FALSE,TRUE,"Helemaal mee eens",TRUE,"Mee eens",TRUE,TRUE,TRUE,TRUE,TRUE,TRUE
7489,69,"65 tot 75 jaar",FALSE,TRUE,"Mee eens",TRUE,"Mee eens",TRUE,TRUE,TRUE,TRUE,TRUE,TRUE
7490,42,"35 tot 45 jaar",TRUE,FALSE,"Helemaal mee eens",TRUE,"Helemaal mee eens",TRUE,TRUE,TRUE,TRUE,TRUE,FALSE
7491,85,"75 jaar of ouder",FALSE,TRUE,"Mee eens",TRUE,"Niet mee eens, niet mee oneens",FALSE,FALSE,TRUE,FALSE,FALSE,FALSE
7492,64,"55 tot 65 jaar",FALSE,TRUE,"Mee eens",TRUE,"Niet mee eens, niet mee oneens",FALSE,FALSE,TRUE,FALSE,FALSE,FALSE
7493,55,"55 tot 65 jaar",TRUE,TRUE,"Helemaal mee eens",TRUE,"Helemaal mee eens",TRUE,TRUE,TRUE,TRUE,TRUE,TRUE
7494,53,"45 tot 55 jaar",FALSE,TRUE,"Mee eens",TRUE,"Niet mee eens, niet mee oneens",FALSE,TRUE,FALSE,FALSE,FALSE,TRUE
7495,90,"75 jaar of ouder",TRUE,TRUE,"Mee eens",TRUE,"Mee eens",TRUE,TRUE,TRUE,TRUE,TRUE,FALSE
7496,69,"65 tot 75 jaar",FALSE,TRUE,"Helemaal mee eens",TRUE,"Mee eens",TRUE,TRUE,TRUE,TRUE,TRUE,TRUE
7497,28,"25 tot 35 jaar",FALSE,TRUE,"Helemaal mee eens",TRUE,"Mee eens",TRUE,TRUE,TRUE,TRUE,TRUE,TRUE
7498,49,"45 tot 55 jaar",FALSE,TRUE,"Mee eens",TRUE,"Mee eens",TRUE,TRUE,FALSE,TRUE,TRUE,TRUE
7499,50,"45 tot 55 jaar",TRUE,TRUE,"Helemaal mee eens",TRUE,"Helemaal mee eens",TRUE,TRUE,TRUE,TRUE,TRUE,TRUE
7500,59,"55 tot 65 jaar",TRUE,TRUE,"Helemaal mee eens",TRUE,"Mee eens",TRUE,TRUE,TRUE,TRUE,TRUE,TRUE
7501,20,"18 tot 25 jaar",FALSE,TRUE,"Mee eens",TRUE,"Niet mee eens, niet mee oneens",FALSE,TRUE,TRUE,TRUE,TRUE,FALSE
7502,72,"65 tot 75 jaar",TRUE,TRUE,"Mee eens",TRUE,"Mee eens",TRUE,TRUE,TRUE,TRUE,TRUE,TRUE
7503,35,"35 tot 45 jaar",FALSE,TRUE,"Helemaal mee eens",TRUE,"Niet mee eens, niet mee oneens",FALSE,TRUE,FALSE,TRUE,FALSE,TRUE
7504,29,"25 tot 35 jaar",TRUE,TRUE,"Mee eens",TRUE,"Niet mee eens, niet mee oneens",FALSE,TRUE,TRUE,TRUE,FALSE,FALSE
7505,61,"55 tot 65 jaar",TRUE,TRUE,"Mee eens",TRUE,"Mee eens",TRUE,TRUE,TRUE,TRUE,TRUE,FALSE
7506,26,"25 tot 35 jaar",FALSE,TRUE,"Mee eens",TRUE,"Mee eens",TRUE,TRUE,TRUE,TRUE,TRUE,TRUE
7507,25,"25 tot 35 jaar",FALSE,FALSE,"Helemaal mee eens",TRUE,"Helemaal mee eens",TRUE,TRUE,TRUE,TRUE,TRUE,TRUE
7508,61,"55 tot 65 jaar",TRUE,TRUE,"Helemaal mee eens",TRUE,"Mee eens",TRUE,TRUE,TRUE,TRUE,TRUE,TRUE
7509,41,"35 tot 45 jaar",TRUE,TRUE,"Helemaal mee eens",TRUE,"Mee eens",TRUE,TRUE,TRUE,TRUE,TRUE,FALSE
7510,27,"25 tot 35 jaar",TRUE,TRUE,"Mee eens",TRUE,"Mee eens",TRUE,TRUE,TRUE,TRUE,TRUE,TRUE
7511,30,"25 tot 35 jaar",TRUE,TRUE,"Mee eens",TRUE,"Mee eens",TRUE,TRUE,FALSE,FALSE,FALSE,FALSE
7512,75,"75 jaar of ouder",FALSE,TRUE,"Helemaal mee eens",TRUE,"Niet mee eens, niet mee oneens",FALSE,TRUE,FALSE,TRUE,FALSE,TRUE
7513,69,"65 tot 75 jaar",TRUE,TRUE,"Helemaal mee eens",TRUE,"Mee eens",TRUE,TRUE,TRUE,TRUE,TRUE,TRUE
7514,46,"45 tot 55 jaar",FALSE,TRUE,"Mee eens",TRUE,"Mee eens",TRUE,TRUE,FALSE,TRUE,TRUE,TRUE
7515,87,"75 jaar of ouder",TRUE,TRUE,"Helemaal mee eens",TRUE,"Niet mee eens, niet mee oneens",FALSE,TRUE,TRUE,TRUE,TRUE,TRUE
7516,73,"65 tot 75 jaar",FALSE,TRUE,"Mee eens",TRUE,"Niet mee eens, niet mee oneens",FALSE,TRUE,TRUE,TRUE,TRUE,TRUE
7517,81,"75 jaar of ouder",TRUE,TRUE,"Mee eens",TRUE,"Niet mee eens, niet mee oneens",FALSE,TRUE,TRUE,TRUE,FALSE,FALSE
7518,89,"75 jaar of ouder",TRUE,TRUE,"Mee eens",TRUE,"Mee eens",TRUE,TRUE,FALSE,TRUE,FALSE,TRUE
7519,40,"35 tot 45 jaar",FALSE,TRUE,"Mee eens",TRUE,"Mee eens",TRUE,TRUE,TRUE,TRUE,TRUE,TRUE
7520,50,"45 tot 55 jaar",FALSE,TRUE,"Helemaal mee eens",TRUE,"Mee eens",TRUE,TRUE,TRUE,TRUE,TRUE,TRUE
7521,58,"55 tot 65 jaar",TRUE,TRUE,"Helemaal mee eens",TRUE,"Helemaal mee eens",TRUE,TRUE,TRUE,TRUE,TRUE,TRUE
7522,39,"35 tot 45 jaar",TRUE,TRUE,"Mee eens",TRUE,"Mee eens",TRUE,TRUE,TRUE,TRUE,TRUE,TRUE
7523,47,"45 tot 55 jaar",TRUE,TRUE,"Mee eens",TRUE,"Mee eens",TRUE,TRUE,TRUE,TRUE,TRUE,TRUE
7524,78,"75 jaar of ouder",TRUE,TRUE,"Mee eens",TRUE,"Mee eens",TRUE,TRUE,TRUE,TRUE,TRUE,TRUE
7525,32,"25 tot 35 jaar",FALSE,TRUE,"Mee eens",TRUE,"Mee eens",TRUE,TRUE,TRUE,FALSE,FALSE,TRUE
7526,68,"65 tot 75 jaar",FALSE,TRUE,"Mee eens",TRUE,"Niet mee eens, niet mee oneens",FALSE,TRUE,FALSE,FALSE,FALSE,TRUE
7527,30,"25 tot 35 jaar",FALSE,TRUE,"Helemaal mee eens",TRUE,"Mee eens",TRUE,TRUE,TRUE,TRUE,TRUE,TRUE
7528,79,"75 jaar of ouder",FALSE,TRUE,"Niet mee eens, niet mee oneens",FALSE,"Mee oneens",FALSE,TRUE,TRUE,TRUE,FALSE,TRUE
7529,61,"55 tot 65 jaar",TRUE,TRUE,"Mee eens",TRUE,"Mee eens",TRUE,TRUE,FALSE,TRUE,TRUE,FALSE
7530,38,"35 tot 45 jaar",FALSE,TRUE,"Mee eens",TRUE,"Mee eens",TRUE,TRUE,TRUE,TRUE,TRUE,TRUE
7531,36,"35 tot 45 jaar",FALSE,FALSE,"Niet mee eens, niet mee oneens",FALSE,"Mee oneens",FALSE,FALSE,TRUE,FALSE,TRUE,FALSE
7532,67,"65 tot 75 jaar",FALSE,FALSE,"Helemaal mee eens",TRUE,"Helemaal mee eens",TRUE,TRUE,TRUE,TRUE,TRUE,TRUE
7533,62,"55 tot 65 jaar",TRUE,FALSE,"Helemaal mee eens",TRUE,"Mee eens",TRUE,TRUE,TRUE,TRUE,TRUE,TRUE
7534,35,"35 tot 45 jaar",TRUE,TRUE,"Mee eens",TRUE,"Mee eens",TRUE,TRUE,TRUE,TRUE,TRUE,TRUE
7535,61,"55 tot 65 jaar",FALSE,FALSE,"Helemaal mee eens",TRUE,"Mee eens",TRUE,TRUE,TRUE,TRUE,TRUE,TRUE
7536,70,"65 tot 75 jaar",TRUE,TRUE,"Helemaal mee eens",TRUE,"Niet mee eens, niet mee oneens",FALSE,TRUE,FALSE,TRUE,TRUE,TRUE
7537,40,"35 tot 45 jaar",FALSE,TRUE,"Mee eens",TRUE,"Helemaal mee eens",TRUE,TRUE,TRUE,TRUE,TRUE,TRUE
7538,27,"25 tot 35 jaar",TRUE,TRUE,"Helemaal mee eens",TRUE,"Helemaal mee eens",TRUE,TRUE,TRUE,TRUE,TRUE,TRUE
7539,74,"65 tot 75 jaar",FALSE,TRUE,"Niet mee eens, niet mee oneens",FALSE,"Mee eens",TRUE,TRUE,FALSE,FALSE,TRUE,TRUE
7540,56,"55 tot 65 jaar",TRUE,TRUE,"Mee eens",TRUE,"Niet mee eens, niet mee oneens",FALSE,FALSE,FALSE,TRUE,FALSE,FALSE
7541,57,"55 tot 65 jaar",TRUE,TRUE,"Mee eens",TRUE,"Mee oneens",FALSE,TRUE,TRUE,FALSE,FALSE,FALSE
7542,79,"75 jaar of ouder",FALSE,TRUE,"Helemaal mee eens",TRUE,"Niet mee eens, niet mee oneens",FALSE,TRUE,TRUE,FALSE,TRUE,TRUE
7543,52,"45 tot 55 jaar",FALSE,TRUE,"Mee eens",TRUE,"Mee eens",TRUE,TRUE,TRUE,TRUE,TRUE,TRUE
7544,65,"65 tot 75 jaar",FALSE,TRUE,"Niet mee eens, niet mee oneens",FALSE,"Niet mee eens, niet mee oneens",FALSE,TRUE,FALSE,FALSE,FALSE,TRUE
7545,60,"55 tot 65 jaar",FALSE,TRUE,"Helemaal mee eens",TRUE,"Mee eens",TRUE,TRUE,TRUE,TRUE,TRUE,TRUE
7546,64,"55 tot 65 jaar",TRUE,TRUE,"Mee eens",TRUE,"Mee eens",TRUE,TRUE,TRUE,FALSE,TRUE,TRUE
7547,82,"75 jaar of ouder",TRUE,TRUE,"Mee eens",TRUE,"Mee eens",TRUE,TRUE,TRUE,TRUE,TRUE,TRUE
7548,28,"25 tot 35 jaar",TRUE,TRUE,"Mee eens",TRUE,"Mee eens",TRUE,FALSE,TRUE,TRUE,TRUE,TRUE
7549,46,"45 tot 55 jaar",TRUE,TRUE,"Helemaal mee eens",TRUE,"Helemaal mee eens",TRUE,TRUE,TRUE,TRUE,TRUE,TRUE
7550,46,"45 tot 55 jaar",FALSE,TRUE,"Helemaal mee eens",TRUE,"Mee eens",TRUE,TRUE,TRUE,TRUE,TRUE,TRUE
7551,35,"35 tot 45 jaar",TRUE,TRUE,"Mee oneens",FALSE,"Helemaal mee oneens",FALSE,TRUE,FALSE,TRUE,FALSE,FALSE
